H,電力需給調整力取引所取引結果,対象年月,商品区分,ブロック数
P,速報値,202503,三次調整力2,8
TT,取引情報,北海道,東北,東京,中部,北陸,関西,中国,四国,九州,合計
20250301B01,募集量（TSO別）[MW],68,0,0,1,0,0,0,0,0,69
20250301B01,応札量合計（電源属地別）[MW],122,94,80.2,91.1,0,0,16,0,92,495.3
20250301B01,落札量合計（電源属地別）[MW],68,0,0,5,0,0,0,0,0,73
20250301B01,応札件数（電源属地別）[件],2,3,1,3,0,0,1,0,4,14
20250301B01,落札件数（電源属地別）[件],1,0,0,1,0,0,0,0,0,2
20250301B01,最高落札価格（電源属地別）[円/kW・30分],0.34,0,0,2.23,0,0,0,0,0,2.23
20250301B01,最低落札価格（電源属地別）[円/kW・30分],0.34,0,0,2.23,0,0,0,0,0,0.34
20250301B01,平均落札価格（電源属地別）[円/kW・30分],0.34,0,0,2.23,0,0,0,0,0,0.47
20250301B01,最高落札価格（TSO別）[円/kW・30分],0.34,0,0,2.23,0,0,0,0,0,2.23
20250301B01,最低落札価格（TSO別）[円/kW・30分],0.34,0,0,2.23,0,0,0,0,0,0.34
20250301B01,平均落札価格（TSO別）[円/kW・30分],0.34,0,0,2.23,0,0,0,0,0,0.47
20250301B01,落札量合計（TSO別）[MW],68,0,0,5,0,0,0,0,0,73
20250301B01,（内訳）自エリアからの落札量[MW],68,0,0,5,0,0,0,0,0,73
20250301B02,募集量（TSO別）[MW],25,32,0,0,2,0,4,3,21,87
20250301B02,応札量合計（電源属地別）[MW],92,94,89.4,29.828,0,0,21,5,153,484.228
20250301B02,落札量合計（電源属地別）[MW],25,70,0,0,0,0,4,3,21,123
20250301B02,応札件数（電源属地別）[件],2,3,1,3,0,0,2,1,3,15
20250301B02,落札件数（電源属地別）[件],1,1,0,0,0,0,1,1,1,5
20250301B02,最高落札価格（電源属地別）[円/kW・30分],0.34,0.34,0,0,0,0,0.34,0.34,0.43,0.43
20250301B02,最低落札価格（電源属地別）[円/kW・30分],0.34,0.34,0,0,0,0,0.34,0.34,0.43,0.34
20250301B02,平均落札価格（電源属地別）[円/kW・30分],0.34,0.34,0,0,0,0,0.34,0.34,0.43,0.36
20250301B02,最高落札価格（TSO別）[円/kW・30分],0.34,0.34,0,0,0,0,0.34,0.34,0.43,0.43
20250301B02,最低落札価格（TSO別）[円/kW・30分],0.34,0.34,0,0,0,0,0.34,0.34,0.43,0.34
20250301B02,平均落札価格（TSO別）[円/kW・30分],0.34,0.34,0,0,0,0,0.34,0.34,0.43,0.36
20250301B02,落札量合計（TSO別）[MW],25,70,0,0,0,0,4,3,21,123
20250301B02,（内訳）自エリアからの落札量[MW],25,70,0,0,0,0,4,3,21,123
20250301B03,募集量（TSO別）[MW],157,0,129,116,6,45,142,18,58,671
20250301B03,応札量合計（電源属地別）[MW],104,80,932.672,576.1,0,0,161.797,18,768,2640.569
20250301B03,落札量合計（電源属地別）[MW],104,0,129,116,0,0,142,18,58,567
20250301B03,応札件数（電源属地別）[件],2,4,6,7,0,0,4,1,7,31
20250301B03,落札件数（電源属地別）[件],2,0,2,1,0,0,3,1,3,12
20250301B03,最高落札価格（電源属地別）[円/kW・30分],49,0,0.34,6.93,0,0,24.56,0.34,0.43,49
20250301B03,最低落札価格（電源属地別）[円/kW・30分],0.33,0,0.33,6.93,0,0,0.61,0.34,0.34,0.33
20250301B03,平均落札価格（電源属地別）[円/kW・30分],25.6,0,0.34,6.93,0,0,20.03,0.34,0.36,11.25
20250301B03,最高落札価格（TSO別）[円/kW・30分],49,0,0.34,6.93,0,0,24.56,0.34,0.43,49
20250301B03,最低落札価格（TSO別）[円/kW・30分],0.33,0,0.33,6.93,0,0,0.61,0.34,0.34,0.33
20250301B03,平均落札価格（TSO別）[円/kW・30分],25.6,0,0.34,6.93,0,0,20.03,0.34,0.36,11.25
20250301B03,落札量合計（TSO別）[MW],104,0,129,116,0,0,142,18,58,567
20250301B03,（内訳）自エリアからの落札量[MW],104,0,129,116,0,0,142,18,58,567
20250301B04,募集量（TSO別）[MW],47,0,591,50,19,166,51,113,82,1119
20250301B04,応札量合計（電源属地別）[MW],168,393,1038.844,416.236,19,0,106,314,765,3220.08
20250301B04,落札量合計（電源属地別）[MW],47,0,591,50,19,0,51,113,82,953
20250301B04,応札件数（電源属地別）[件],2,5,7,5,1,0,2,3,7,32
20250301B04,落札件数（電源属地別）[件],1,0,3,1,1,0,1,1,2,10
20250301B04,最高落札価格（電源属地別）[円/kW・30分],1.96,0,0.34,0.34,0.34,0,0.34,0.29,0.34,1.96
20250301B04,最低落札価格（電源属地別）[円/kW・30分],1.96,0,0.33,0.34,0.34,0,0.34,0.29,0.34,0.29
20250301B04,平均落札価格（電源属地別）[円/kW・30分],1.96,0,0.33,0.34,0.34,0,0.34,0.29,0.34,0.41
20250301B04,最高落札価格（TSO別）[円/kW・30分],1.96,0,0.34,0.34,0.34,0,0.34,0.29,0.34,1.96
20250301B04,最低落札価格（TSO別）[円/kW・30分],1.96,0,0.33,0.34,0.34,0,0.34,0.29,0.34,0.29
20250301B04,平均落札価格（TSO別）[円/kW・30分],1.96,0,0.33,0.34,0.34,0,0.34,0.29,0.34,0.41
20250301B04,落札量合計（TSO別）[MW],47,0,591,50,19,0,51,113,82,953
20250301B04,（内訳）自エリアからの落札量[MW],47,0,591,50,19,0,51,113,82,953
20250301B05,募集量（TSO別）[MW],91,0,1004,0,28,368,125,132,270,2018
20250301B05,応札量合計（電源属地別）[MW],148,393,1233.443,814.9,98,30.895,141,333,1470,4662.238
20250301B05,落札量合計（電源属地別）[MW],91,0,1004,0,28,30.895,125,132,270,1680.895
20250301B05,応札件数（電源属地別）[件],3,5,8,5,1,1,3,3,9,38
20250301B05,落札件数（電源属地別）[件],2,0,3,0,1,1,2,1,1,11
20250301B05,最高落札価格（電源属地別）[円/kW・30分],1.96,0,0.34,0,0.34,25.43,0.34,0.26,0.34,25.43
20250301B05,最低落札価格（電源属地別）[円/kW・30分],0.34,0,0.33,0,0.34,25.43,0.34,0.26,0.34,0.26
20250301B05,平均落札価格（電源属地別）[円/kW・30分],1.78,0,0.33,0,0.34,25.43,0.34,0.26,0.34,0.87
20250301B05,最高落札価格（TSO別）[円/kW・30分],1.96,0,0.34,0,0.34,25.43,0.34,0.26,0.34,25.43
20250301B05,最低落札価格（TSO別）[円/kW・30分],0.34,0,0.33,0,0.34,25.43,0.34,0.26,0.34,0.26
20250301B05,平均落札価格（TSO別）[円/kW・30分],1.78,0,0.33,0,0.34,25.43,0.34,0.26,0.34,0.87
20250301B05,落札量合計（TSO別）[MW],91,0,1004,0,28,30.895,125,132,270,1680.895
20250301B05,（内訳）自エリアからの落札量[MW],91,0,1004,0,28,30.895,125,132,270,1680.895
20250301B06,募集量（TSO別）[MW],105,0,2174,0,0,0,160,51,84,2574
20250301B06,応札量合計（電源属地別）[MW],159,162,1346.943,20.747,0,30.895,183.174,51,374.924,2328.683
20250301B06,落札量合計（電源属地別）[MW],105,0,1346.943,0,0,0,160,51,84,1746.943
20250301B06,応札件数（電源属地別）[件],3,5,8,3,0,1,3,1,3,27
20250301B06,落札件数（電源属地別）[件],2,0,8,0,0,0,2,1,2,15
20250301B06,最高落札価格（電源属地別）[円/kW・30分],1.96,0,71.14,0,0,0,30.24,0.34,1.68,71.14
20250301B06,最低落札価格（電源属地別）[円/kW・30分],0.34,0,0.33,0,0,0,0.34,0.34,1.5,0.33
20250301B06,平均落札価格（電源属地別）[円/kW・30分],0.91,0,6.35,0,0,0,14.76,0.34,1.68,6.4
20250301B06,最高落札価格（TSO別）[円/kW・30分],1.96,0,71.14,0,0,0,30.24,0.34,1.68,71.14
20250301B06,最低落札価格（TSO別）[円/kW・30分],0.34,0,0.33,0,0,0,0.34,0.34,1.5,0.33
20250301B06,平均落札価格（TSO別）[円/kW・30分],0.91,0,6.35,0,0,0,14.76,0.34,1.68,6.4
20250301B06,落札量合計（TSO別）[MW],105,0,1346.943,0,0,0,160,51,84,1746.943
20250301B06,（内訳）自エリアからの落札量[MW],105,0,1346.943,0,0,0,160,51,84,1746.943
20250301B07,募集量（TSO別）[MW],59,0,0,0,1,18,2,9,4,93
20250301B07,応札量合計（電源属地別）[MW],130,162,179.7,411.3,0,0,106,9,4,1002
20250301B07,落札量合計（電源属地別）[MW],59,0,0,0,0,0,2,9,4,74
20250301B07,応札件数（電源属地別）[件],2,5,3,4,0,0,2,1,1,18
20250301B07,落札件数（電源属地別）[件],1,0,0,0,0,0,1,1,1,4
20250301B07,最高落札価格（電源属地別）[円/kW・30分],0.33,0,0,0,0,0,0.34,0.34,2.46,2.46
20250301B07,最低落札価格（電源属地別）[円/kW・30分],0.33,0,0,0,0,0,0.34,0.34,2.46,0.33
20250301B07,平均落札価格（電源属地別）[円/kW・30分],0.33,0,0,0,0,0,0.34,0.34,2.46,0.45
20250301B07,最高落札価格（TSO別）[円/kW・30分],0.33,0,0,0,0,0,0.34,0.34,2.46,2.46
20250301B07,最低落札価格（TSO別）[円/kW・30分],0.33,0,0,0,0,0,0.34,0.34,2.46,0.33
20250301B07,平均落札価格（TSO別）[円/kW・30分],0.33,0,0,0,0,0,0.34,0.34,2.46,0.45
20250301B07,落札量合計（TSO別）[MW],59,0,0,0,0,0,2,9,4,74
20250301B07,（内訳）自エリアからの落札量[MW],59,0,0,0,0,0,2,9,4,74
20250301B08,募集量（TSO別）[MW],28,0,0,0,0,0,0,2,8,38
20250301B08,応札量合計（電源属地別）[MW],87,94,82.1,91.3,0,0,112.807,5,8,480.207
20250301B08,落札量合計（電源属地別）[MW],28,0,0,0,0,0,0,2,8,38
20250301B08,応札件数（電源属地別）[件],2,3,1,4,0,0,3,1,2,16
20250301B08,落札件数（電源属地別）[件],1,0,0,0,0,0,0,1,2,4
20250301B08,最高落札価格（電源属地別）[円/kW・30分],0.34,0,0,0,0,0,0,0.34,1.66,1.66
20250301B08,最低落札価格（電源属地別）[円/kW・30分],0.34,0,0,0,0,0,0,0.34,0.62,0.34
20250301B08,平均落札価格（電源属地別）[円/kW・30分],0.34,0,0,0,0,0,0,0.34,1.27,0.54
20250301B08,最高落札価格（TSO別）[円/kW・30分],0.34,0,0,0,0,0,0,0.34,1.66,1.66
20250301B08,最低落札価格（TSO別）[円/kW・30分],0.34,0,0,0,0,0,0,0.34,0.62,0.34
20250301B08,平均落札価格（TSO別）[円/kW・30分],0.34,0,0,0,0,0,0,0.34,1.27,0.54
20250301B08,落札量合計（TSO別）[MW],28,0,0,0,0,0,0,2,8,38
20250301B08,（内訳）自エリアからの落札量[MW],28,0,0,0,0,0,0,2,8,38
20250302B01,募集量（TSO別）[MW],14,17,0,0,0,0,0,3,0,34
20250302B01,応札量合計（電源属地別）[MW],107,94,80.3,120.3,0,0,16,5,57,479.6
20250302B01,落札量合計（電源属地別）[MW],14,0,20,0,0,0,0,0,0,34
20250302B01,応札件数（電源属地別）[件],2,3,1,4,0,0,1,1,2,14
20250302B01,落札件数（電源属地別）[件],1,0,1,0,0,0,0,0,0,2
20250302B01,最高落札価格（電源属地別）[円/kW・30分],0.34,0,0.33,0,0,0,0,0,0,0.34
20250302B01,最低落札価格（電源属地別）[円/kW・30分],0.34,0,0.33,0,0,0,0,0,0,0.33
20250302B01,平均落札価格（電源属地別）[円/kW・30分],0.34,0,0.33,0,0,0,0,0,0,0.33
20250302B01,最高落札価格（TSO別）[円/kW・30分],0.34,0.33,0,0,0,0,0,0.33,0,0.34
20250302B01,最低落札価格（TSO別）[円/kW・30分],0.34,0.33,0,0,0,0,0,0.33,0,0.33
20250302B01,平均落札価格（TSO別）[円/kW・30分],0.34,0.33,0,0,0,0,0,0.33,0,0.33
20250302B01,落札量合計（TSO別）[MW],14,17,0,0,0,0,0,3,0,34
20250302B01,（内訳）自エリアからの落札量[MW],14,0,0,0,0,0,0,0,0,14
20250302B02,募集量（TSO別）[MW],22,0,0,7,0,0,4,3,0,36
20250302B02,応札量合計（電源属地別）[MW],77,94,89.3,22.3,0,0,21,5,217,525.6
20250302B02,落札量合計（電源属地別）[MW],22,0,14,0,0,0,0,0,0,36
20250302B02,応札件数（電源属地別）[件],2,3,1,3,0,0,2,1,3,15
20250302B02,落札件数（電源属地別）[件],1,0,1,0,0,0,0,0,0,2
20250302B02,最高落札価格（電源属地別）[円/kW・30分],1.96,0,0.33,0,0,0,0,0,0,1.96
20250302B02,最低落札価格（電源属地別）[円/kW・30分],1.96,0,0.33,0,0,0,0,0,0,0.33
20250302B02,平均落札価格（電源属地別）[円/kW・30分],1.96,0,0.33,0,0,0,0,0,0,1.33
20250302B02,最高落札価格（TSO別）[円/kW・30分],1.96,0,0,0.33,0,0,0.33,0.33,0,1.96
20250302B02,最低落札価格（TSO別）[円/kW・30分],1.96,0,0,0.33,0,0,0.33,0.33,0,0.33
20250302B02,平均落札価格（TSO別）[円/kW・30分],1.96,0,0,0.33,0,0,0.33,0.33,0,1.33
20250302B02,落札量合計（TSO別）[MW],22,0,0,7,0,0,4,3,0,36
20250302B02,（内訳）自エリアからの落札量[MW],22,0,0,0,0,0,0,0,0,22
20250302B03,募集量（TSO別）[MW],0,157,85,43,1,0,9,1,73,369
20250302B03,応札量合計（電源属地別）[MW],314,25.5,308,322.3,1,0,75.4,5,335,1386.2
20250302B03,落札量合計（電源属地別）[MW],101,0,141,0,0,0,53,1,73,369
20250302B03,応札件数（電源属地別）[件],3,3,5,6,1,0,2,1,2,23
20250302B03,落札件数（電源属地別）[件],1,0,2,0,0,0,1,1,1,6
20250302B03,最高落札価格（電源属地別）[円/kW・30分],0.33,0,0.34,0,0,0,0.34,0.34,1.87,1.87
20250302B03,最低落札価格（電源属地別）[円/kW・30分],0.33,0,0.33,0,0,0,0.34,0.34,1.87,0.33
20250302B03,平均落札価格（電源属地別）[円/kW・30分],0.33,0,0.34,0,0,0,0.34,0.34,1.87,0.64
20250302B03,最高落札価格（TSO別）[円/kW・30分],0,0.34,0.34,0.34,0.34,0,0.34,0.34,1.87,1.87
20250302B03,最低落札価格（TSO別）[円/kW・30分],0,0.33,0.33,0.34,0.34,0,0.34,0.34,1.87,0.33
20250302B03,平均落札価格（TSO別）[円/kW・30分],0,0.33,0.33,0.34,0.34,0,0.34,0.34,1.87,0.64
20250302B03,落札量合計（TSO別）[MW],0,157,85,43,1,0,9,1,73,369
20250302B03,（内訳）自エリアからの落札量[MW],0,0,85,0,0,0,9,1,73,168
20250302B04,募集量（TSO別）[MW],76,698,355,582,5,177,39,105,167,2204
20250302B04,応札量合計（電源属地別）[MW],169,245,784.77,557.7,5,2115.5,103,72,403,4454.97
20250302B04,落札量合計（電源属地別）[MW],76,245,426.3,0,0,1178.7,39,72,167,2204
20250302B04,応札件数（電源属地別）[件],2,4,8,10,1,5,2,1,1,34
20250302B04,落札件数（電源属地別）[件],1,4,2,0,0,3,1,1,1,13
20250302B04,最高落札価格（電源属地別）[円/kW・30分],1.96,0.34,0.34,0,0,0.34,0.34,0.34,1.54,1.96
20250302B04,最低落札価格（電源属地別）[円/kW・30分],1.96,0.34,0.33,0,0,0.34,0.34,0.34,1.54,0.33
20250302B04,平均落札価格（電源属地別）[円/kW・30分],1.96,0.34,0.34,0,0,0.34,0.34,0.34,1.54,0.49
20250302B04,最高落札価格（TSO別）[円/kW・30分],1.96,0.34,0.34,0.34,0.34,0.34,0.34,0.34,1.54,1.96
20250302B04,最低落札価格（TSO別）[円/kW・30分],1.96,0.34,0.33,0.34,0.34,0.34,0.34,0.34,1.54,0.33
20250302B04,平均落札価格（TSO別）[円/kW・30分],1.96,0.34,0.34,0.34,0.34,0.34,0.34,0.34,1.54,0.49
20250302B04,落札量合計（TSO別）[MW],76,698,355,582,5,177,39,105,167,2204
20250302B04,（内訳）自エリアからの落札量[MW],76,245,355,0,0,177,39,72,167,1131
20250302B05,募集量（TSO別）[MW],82,106,631,800,18,226,60,151,378,2452
20250302B05,応札量合計（電源属地別）[MW],137,311,1116.37,1192.05,36,2521.888,103,136,1838,7391.308
20250302B05,落札量合計（電源属地別）[MW],82,106,631,669,18,462,90,136,258,2452
20250302B05,応札件数（電源属地別）[件],2,4,8,11,1,6,2,3,3,40
20250302B05,落札件数（電源属地別）[件],1,1,2,1,1,1,1,3,1,12
20250302B05,最高落札価格（電源属地別）[円/kW・30分],1.96,0.34,0.34,0.34,0.34,0.34,0.34,0.34,0.79,1.96
20250302B05,最低落札価格（電源属地別）[円/kW・30分],1.96,0.34,0.33,0.34,0.34,0.34,0.34,0.32,0.79,0.32
20250302B05,平均落札価格（電源属地別）[円/kW・30分],1.96,0.34,0.34,0.34,0.34,0.34,0.34,0.33,0.79,0.44
20250302B05,最高落札価格（TSO別）[円/kW・30分],1.96,0.34,0.34,0.34,0.34,0.34,0.34,0.34,0.79,1.96
20250302B05,最低落札価格（TSO別）[円/kW・30分],1.96,0.34,0.33,0.34,0.34,0.34,0.34,0.32,0.34,0.32
20250302B05,平均落札価格（TSO別）[円/kW・30分],1.96,0.34,0.34,0.34,0.34,0.34,0.34,0.33,0.65,0.44
20250302B05,落札量合計（TSO別）[MW],82,106,631,800,18,226,60,151,378,2452
20250302B05,（内訳）自エリアからの落札量[MW],82,106,631,669,18,226,60,136,258,2186
20250302B06,募集量（TSO別）[MW],87,0,1541,209,0,55,50,74,155,2171
20250302B06,応札量合計（電源属地別）[MW],149,24,1690.036,888.292,0,824.744,63,72,156.924,3867.996
20250302B06,落札量合計（電源属地別）[MW],95,24,1471,0,0,467,0,72,42,2171
20250302B06,応札件数（電源属地別）[件],2,2,8,11,0,4,2,1,4,34
20250302B06,落札件数（電源属地別）[件],1,2,5,0,0,2,0,1,4,15
20250302B06,最高落札価格（電源属地別）[円/kW・30分],1.96,0.34,7.63,0,0,0.34,0,0.34,1.71,7.63
20250302B06,最低落札価格（電源属地別）[円/kW・30分],1.96,0.34,0.33,0,0,0.34,0,0.34,1.13,0.33
20250302B06,平均落札価格（電源属地別）[円/kW・30分],1.96,0.34,2.7,0,0,0.34,0,0.34,1.42,2.03
20250302B06,最高落札価格（TSO別）[円/kW・30分],1.96,0,7.63,0.34,0,0.34,0.34,0.34,1.71,7.63
20250302B06,最低落札価格（TSO別）[円/kW・30分],1.96,0,0.33,0.34,0,0.34,0.34,0.34,0.34,0.33
20250302B06,平均落札価格（TSO別）[円/kW・30分],1.96,0,2.6,0.34,0,0.34,0.34,0.34,0.63,2.03
20250302B06,落札量合計（TSO別）[MW],87,0,1541,209,0,55,50,74,155,2171
20250302B06,（内訳）自エリアからの落札量[MW],87,0,1471,0,0,55,0,72,42,1727
20250302B07,募集量（TSO別）[MW],0,63,0,6,0,14,2,9,11,105
20250302B07,応札量合計（電源属地別）[MW],220,0,98,479.96,0,202.071,18,9,32,1059.031
20250302B07,落札量合計（電源属地別）[MW],30.1,0,74.9,0,0,0,0,0,0,105
20250302B07,応札件数（電源属地別）[件],3,0,2,6,0,3,2,1,1,18
20250302B07,落札件数（電源属地別）[件],1,0,1,0,0,0,0,0,0,2
20250302B07,最高落札価格（電源属地別）[円/kW・30分],0.33,0,0.33,0,0,0,0,0,0,0.33
20250302B07,最低落札価格（電源属地別）[円/kW・30分],0.33,0,0.33,0,0,0,0,0,0,0.33
20250302B07,平均落札価格（電源属地別）[円/kW・30分],0.33,0,0.33,0,0,0,0,0,0,0.33
20250302B07,最高落札価格（TSO別）[円/kW・30分],0,0.33,0,0.33,0,0.33,0.33,0.33,0.33,0.33
20250302B07,最低落札価格（TSO別）[円/kW・30分],0,0.33,0,0.33,0,0.33,0.33,0.33,0.33,0.33
20250302B07,平均落札価格（TSO別）[円/kW・30分],0,0.33,0,0.33,0,0.33,0.33,0.33,0.33,0.33
20250302B07,落札量合計（TSO別）[MW],0,63,0,6,0,14,2,9,11,105
20250302B07,（内訳）自エリアからの落札量[MW],0,0,0,0,0,0,0,0,0,0
20250302B08,募集量（TSO別）[MW],0,119,0,0,0,0,17,0,1,137
20250302B08,応札量合計（電源属地別）[MW],203,24,0,17.3,0,0,33,0,236,513.3
20250302B08,落札量合計（電源属地別）[MW],101,18,0,0,0,0,17,0,1,137
20250302B08,応札件数（電源属地別）[件],3,2,0,2,0,0,2,0,3,12
20250302B08,落札件数（電源属地別）[件],1,2,0,0,0,0,1,0,1,5
20250302B08,最高落札価格（電源属地別）[円/kW・30分],0.33,0.34,0,0,0,0,0.53,0,0.34,0.53
20250302B08,最低落札価格（電源属地別）[円/kW・30分],0.33,0.34,0,0,0,0,0.53,0,0.34,0.33
20250302B08,平均落札価格（電源属地別）[円/kW・30分],0.33,0.34,0,0,0,0,0.53,0,0.34,0.36
20250302B08,最高落札価格（TSO別）[円/kW・30分],0,0.34,0,0,0,0,0.53,0,0.34,0.53
20250302B08,最低落札価格（TSO別）[円/kW・30分],0,0.33,0,0,0,0,0.53,0,0.34,0.33
20250302B08,平均落札価格（TSO別）[円/kW・30分],0,0.33,0,0,0,0,0.53,0,0.34,0.36
20250302B08,落札量合計（TSO別）[MW],0,119,0,0,0,0,17,0,1,137
20250302B08,（内訳）自エリアからの落札量[MW],0,18,0,0,0,0,17,0,1,36
20250303B01,募集量（TSO別）[MW],24,0,0,0,2,0,6,1,5,38
20250303B01,応札量合計（電源属地別）[MW],155,94,135.658,17.3,2,0,103,5,1376,1887.958
20250303B01,落札量合計（電源属地別）[MW],24,0,0,0,2,0,6,1,5,38
20250303B01,応札件数（電源属地別）[件],2,3,2,2,1,0,2,1,9,22
20250303B01,落札件数（電源属地別）[件],1,0,0,0,1,0,1,1,2,6
20250303B01,最高落札価格（電源属地別）[円/kW・30分],1.96,0,0,0,0.34,0,0.34,0.34,0.33,1.96
20250303B01,最低落札価格（電源属地別）[円/kW・30分],1.96,0,0,0,0.34,0,0.34,0.34,0.33,0.33
20250303B01,平均落札価格（電源属地別）[円/kW・30分],1.96,0,0,0,0.34,0,0.34,0.34,0.33,1.36
20250303B01,最高落札価格（TSO別）[円/kW・30分],1.96,0,0,0,0.34,0,0.34,0.34,0.33,1.96
20250303B01,最低落札価格（TSO別）[円/kW・30分],1.96,0,0,0,0.34,0,0.34,0.34,0.33,0.33
20250303B01,平均落札価格（TSO別）[円/kW・30分],1.96,0,0,0,0.34,0,0.34,0.34,0.33,1.36
20250303B01,落札量合計（TSO別）[MW],24,0,0,0,2,0,6,1,5,38
20250303B01,（内訳）自エリアからの落札量[MW],24,0,0,0,2,0,6,1,5,38
20250303B02,募集量（TSO別）[MW],42,0,0,0,0,0,4,3,21,70
20250303B02,応札量合計（電源属地別）[MW],98,24,174.824,99.028,0,0,18,5,218,636.852
20250303B02,落札量合計（電源属地別）[MW],42,0,0,0,0,0,4,3,21,70
20250303B02,応札件数（電源属地別）[件],2,2,2,3,0,0,2,1,3,15
20250303B02,落札件数（電源属地別）[件],1,0,0,0,0,0,1,1,1,4
20250303B02,最高落札価格（電源属地別）[円/kW・30分],0.34,0,0,0,0,0,0.34,0.34,0.33,0.34
20250303B02,最低落札価格（電源属地別）[円/kW・30分],0.34,0,0,0,0,0,0.34,0.34,0.33,0.33
20250303B02,平均落札価格（電源属地別）[円/kW・30分],0.34,0,0,0,0,0,0.34,0.34,0.33,0.34
20250303B02,最高落札価格（TSO別）[円/kW・30分],0.34,0,0,0,0,0,0.34,0.34,0.33,0.34
20250303B02,最低落札価格（TSO別）[円/kW・30分],0.34,0,0,0,0,0,0.34,0.34,0.33,0.33
20250303B02,平均落札価格（TSO別）[円/kW・30分],0.34,0,0,0,0,0,0.34,0.34,0.33,0.34
20250303B02,落札量合計（TSO別）[MW],42,0,0,0,0,0,4,3,21,70
20250303B02,（内訳）自エリアからの落札量[MW],42,0,0,0,0,0,4,3,21,70
20250303B03,募集量（TSO別）[MW],21,51,0,0,0,0,3,6,1,82
20250303B03,応札量合計（電源属地別）[MW],81,1.5,240.801,28.3,0,0,23,6,32,412.601
20250303B03,落札量合計（電源属地別）[MW],21,0,80,0,0,0,4,6,0,111
20250303B03,応札件数（電源属地別）[件],2,1,6,3,0,0,2,1,1,16
20250303B03,落札件数（電源属地別）[件],1,0,1,0,0,0,1,1,0,4
20250303B03,最高落札価格（電源属地別）[円/kW・30分],0.34,0,0.34,0,0,0,1.28,0.34,0,1.28
20250303B03,最低落札価格（電源属地別）[円/kW・30分],0.34,0,0.34,0,0,0,1.28,0.34,0,0.34
20250303B03,平均落札価格（電源属地別）[円/kW・30分],0.34,0,0.34,0,0,0,1.28,0.34,0,0.37
20250303B03,最高落札価格（TSO別）[円/kW・30分],0.34,0.34,0.34,0,0,0,1.28,0.34,1.28,1.28
20250303B03,最低落札価格（TSO別）[円/kW・30分],0.34,0.34,0.34,0,0,0,1.28,0.34,1.28,0.34
20250303B03,平均落札価格（TSO別）[円/kW・30分],0.34,0.34,0.34,0,0,0,1.28,0.34,1.28,0.37
20250303B03,落札量合計（TSO別）[MW],21,51,29,0,0,0,3,6,1,111
20250303B03,（内訳）自エリアからの落札量[MW],21,0,29,0,0,0,3,6,0,59
20250303B04,募集量（TSO別）[MW],36,24,95,0,1,13,2,21,32,224
20250303B04,応札量合計（電源属地別）[MW],98,82,386.07,154.874,1,348.446,82,61,32,1245.39
20250303B04,落札量合計（電源属地別）[MW],0,60,95,0,0,16,0,21,32,224
20250303B04,応札件数（電源属地別）[件],2,1,7,4,1,5,2,2,1,25
20250303B04,落札件数（電源属地別）[件],0,1,1,0,0,1,0,1,1,5
20250303B04,最高落札価格（電源属地別）[円/kW・30分],0,0.32,0.34,0,0,0.34,0,0.34,6.62,6.62
20250303B04,最低落札価格（電源属地別）[円/kW・30分],0,0.32,0.34,0,0,0.34,0,0.34,6.62,0.32
20250303B04,平均落札価格（電源属地別）[円/kW・30分],0,0.32,0.34,0,0,0.34,0,0.34,6.62,1.23
20250303B04,最高落札価格（TSO別）[円/kW・30分],0.32,0.32,0.34,0,0.34,0.34,0.34,0.34,6.62,6.62
20250303B04,最低落札価格（TSO別）[円/kW・30分],0.32,0.32,0.34,0,0.34,0.34,0.34,0.34,6.62,0.32
20250303B04,平均落札価格（TSO別）[円/kW・30分],0.32,0.32,0.34,0,0.34,0.34,0.34,0.34,6.62,1.23
20250303B04,落札量合計（TSO別）[MW],36,24,95,0,1,13,2,21,32,224
20250303B04,（内訳）自エリアからの落札量[MW],0,24,95,0,0,13,0,21,32,185
20250303B05,募集量（TSO別）[MW],79,10,11,0,12,8,13,18,79,230
20250303B05,応札量合計（電源属地別）[MW],245,201,400.175,359.5,12,310.287,27,18,79,1651.962
20250303B05,落札量合計（電源属地別）[MW],10,79,0,0,0,44,0,18,79,230
20250303B05,応札件数（電源属地別）[件],3,2,8,4,1,7,2,1,1,29
20250303B05,落札件数（電源属地別）[件],1,1,0,0,0,1,0,1,1,5
20250303B05,最高落札価格（電源属地別）[円/kW・30分],0.33,0.32,0,0,0,0.34,0,0.34,6.05,6.05
20250303B05,最低落札価格（電源属地別）[円/kW・30分],0.33,0.32,0,0,0,0.34,0,0.34,6.05,0.32
20250303B05,平均落札価格（電源属地別）[円/kW・30分],0.33,0.32,0,0,0,0.34,0,0.34,6.05,2.29
20250303B05,最高落札価格（TSO別）[円/kW・30分],0.33,0.32,0.34,0,0.34,0.34,0.34,0.34,6.05,6.05
20250303B05,最低落札価格（TSO別）[円/kW・30分],0.32,0.32,0.34,0,0.34,0.34,0.34,0.34,6.05,0.32
20250303B05,平均落札価格（TSO別）[円/kW・30分],0.32,0.32,0.34,0,0.34,0.34,0.34,0.34,6.05,2.29
20250303B05,落札量合計（TSO別）[MW],79,10,11,0,12,8,13,18,79,230
20250303B05,（内訳）自エリアからの落札量[MW],10,10,0,0,0,8,0,18,79,125
20250303B06,募集量（TSO別）[MW],105,164,0,2,0,8,12,5,48,344
20250303B06,応札量合計（電源属地別）[MW],90,82,589.075,418.341,0,379.154,27,5,48,1638.57
20250303B06,落札量合計（電源属地別）[MW],0,82,187,0,0,22,0,5,48,344
20250303B06,応札件数（電源属地別）[件],2,1,9,7,0,6,2,1,1,29
20250303B06,落札件数（電源属地別）[件],0,1,2,0,0,1,0,1,1,6
20250303B06,最高落札価格（電源属地別）[円/kW・30分],0,0.34,0.34,0,0,0.34,0,0.34,6.4,6.4
20250303B06,最低落札価格（電源属地別）[円/kW・30分],0,0.34,0.33,0,0,0.34,0,0.34,6.4,0.33
20250303B06,平均落札価格（電源属地別）[円/kW・30分],0,0.34,0.34,0,0,0.34,0,0.34,6.4,1.18
20250303B06,最高落札価格（TSO別）[円/kW・30分],0.34,0.34,0,0.34,0,0.34,0.34,0.34,6.4,6.4
20250303B06,最低落札価格（TSO別）[円/kW・30分],0.34,0.33,0,0.34,0,0.34,0.34,0.34,6.4,0.33
20250303B06,平均落札価格（TSO別）[円/kW・30分],0.34,0.34,0,0.34,0,0.34,0.34,0.34,6.4,1.18
20250303B06,落札量合計（TSO別）[MW],105,164,0,2,0,8,12,5,48,344
20250303B06,（内訳）自エリアからの落札量[MW],0,82,0,0,0,8,0,5,48,143
20250303B07,募集量（TSO別）[MW],145,64,0,0,0,18,6,2,4,239
20250303B07,応札量合計（電源属地別）[MW],72,82,371.106,376.206,0,732.402,22,5,10,1670.714
20250303B07,落札量合計（電源属地別）[MW],0,0,209,0,0,24,0,2,10,245
20250303B07,応札件数（電源属地別）[件],2,1,5,5,0,4,2,1,1,21
20250303B07,落札件数（電源属地別）[件],0,0,2,0,0,1,0,1,1,5
20250303B07,最高落札価格（電源属地別）[円/kW・30分],0,0,0.34,0,0,0.34,0,0.34,5.77,5.77
20250303B07,最低落札価格（電源属地別）[円/kW・30分],0,0,0.33,0,0,0.34,0,0.34,5.77,0.33
20250303B07,平均落札価格（電源属地別）[円/kW・30分],0,0,0.34,0,0,0.34,0,0.34,5.77,0.56
20250303B07,最高落札価格（TSO別）[円/kW・30分],0.34,0.33,0,0,0,0.34,0.34,0.34,5.77,5.77
20250303B07,最低落札価格（TSO別）[円/kW・30分],0.33,0.33,0,0,0,0.34,0.34,0.34,5.77,0.33
20250303B07,平均落札価格（TSO別）[円/kW・30分],0.34,0.33,0,0,0,0.34,0.34,0.34,5.77,0.56
20250303B07,落札量合計（TSO別）[MW],145,64,0,0,0,18,6,2,10,245
20250303B07,（内訳）自エリアからの落札量[MW],0,0,0,0,0,18,0,2,10,30
20250303B08,募集量（TSO別）[MW],104,119,0,5,0,10,9,0,18,265
20250303B08,応札量合計（電源属地別）[MW],171,23,287.37,60,0,406.89,22,0,18,988.26
20250303B08,落札量合計（電源属地別）[MW],104,23,96,0,0,24,0,0,18,265
20250303B08,応札件数（電源属地別）[件],3,1,2,3,0,3,2,0,1,15
20250303B08,落札件数（電源属地別）[件],2,1,1,0,0,1,0,0,1,6
20250303B08,最高落札価格（電源属地別）[円/kW・30分],2.57,0.34,0.34,0,0,0.34,0,0,3.82,3.82
20250303B08,最低落札価格（電源属地別）[円/kW・30分],0.34,0.34,0.34,0,0,0.34,0,0,3.82,0.34
20250303B08,平均落札価格（電源属地別）[円/kW・30分],0.55,0.34,0.34,0,0,0.34,0,0,3.82,0.66
20250303B08,最高落札価格（TSO別）[円/kW・30分],2.57,0.34,0,0.34,0,0.34,0.34,0,3.82,3.82
20250303B08,最低落札価格（TSO別）[円/kW・30分],0.34,0.34,0,0.34,0,0.34,0.34,0,3.82,0.34
20250303B08,平均落札価格（TSO別）[円/kW・30分],0.55,0.34,0,0.34,0,0.34,0.34,0,3.82,0.66
20250303B08,落札量合計（TSO別）[MW],104,119,0,5,0,10,9,0,18,265
20250303B08,（内訳）自エリアからの落札量[MW],104,23,0,0,0,10,0,0,18,155
20250304B01,募集量（TSO別）[MW],68,0,0,1,3,0,6,1,18,97
20250304B01,応札量合計（電源属地別）[MW],187.1,47,79,128.5,118,0,87,5,18,669.6
20250304B01,落札量合計（電源属地別）[MW],68,0,0,0,4,0,6,1,18,97
20250304B01,応札件数（電源属地別）[件],4,3,1,6,1,0,2,1,1,19
20250304B01,落札件数（電源属地別）[件],1,0,0,0,1,0,1,1,1,5
20250304B01,最高落札価格（電源属地別）[円/kW・30分],0.34,0,0,0,0.34,0,0.34,0.34,2.44,2.44
20250304B01,最低落札価格（電源属地別）[円/kW・30分],0.34,0,0,0,0.34,0,0.34,0.34,2.44,0.34
20250304B01,平均落札価格（電源属地別）[円/kW・30分],0.34,0,0,0,0.34,0,0.34,0.34,2.44,0.73
20250304B01,最高落札価格（TSO別）[円/kW・30分],0.34,0,0,0.34,0.34,0,0.34,0.34,2.44,2.44
20250304B01,最低落札価格（TSO別）[円/kW・30分],0.34,0,0,0.34,0.34,0,0.34,0.34,2.44,0.34
20250304B01,平均落札価格（TSO別）[円/kW・30分],0.34,0,0,0.34,0.34,0,0.34,0.34,2.44,0.73
20250304B01,落札量合計（TSO別）[MW],68,0,0,1,3,0,6,1,18,97
20250304B01,（内訳）自エリアからの落札量[MW],68,0,0,0,3,0,6,1,18,96
20250304B02,募集量（TSO別）[MW],25,32,0,0,0,0,4,3,21,85
20250304B02,応札量合計（電源属地別）[MW],154,23,68.333,112.5,122,0,87,5,21,592.833
20250304B02,落札量合計（電源属地別）[MW],34,23,0,0,0,0,4,3,21,85
20250304B02,応札件数（電源属地別）[件],2,1,1,6,1,0,2,1,1,15
20250304B02,落札件数（電源属地別）[件],1,1,0,0,0,0,1,1,1,5
20250304B02,最高落札価格（電源属地別）[円/kW・30分],0.34,0.34,0,0,0,0,0.34,0.34,2.92,2.92
20250304B02,最低落札価格（電源属地別）[円/kW・30分],0.34,0.34,0,0,0,0,0.34,0.34,2.92,0.34
20250304B02,平均落札価格（電源属地別）[円/kW・30分],0.34,0.34,0,0,0,0,0.34,0.34,2.92,0.98
20250304B02,最高落札価格（TSO別）[円/kW・30分],0.34,0.34,0,0,0,0,0.34,0.34,2.92,2.92
20250304B02,最低落札価格（TSO別）[円/kW・30分],0.34,0.34,0,0,0,0,0.34,0.34,2.92,0.34
20250304B02,平均落札価格（TSO別）[円/kW・30分],0.34,0.34,0,0,0,0,0.34,0.34,2.92,0.98
20250304B02,落札量合計（TSO別）[MW],25,32,0,0,0,0,4,3,21,85
20250304B02,（内訳）自エリアからの落札量[MW],25,23,0,0,0,0,4,3,21,76
20250304B03,募集量（TSO別）[MW],29,34,277,0,1,0,3,6,1,351
20250304B03,応札量合計（電源属地別）[MW],122,23,799.07,15.5,212,0,22,6,10,1209.57
20250304B03,落札量合計（電源属地別）[MW],29,0,311,0,0,0,4,6,10,360
20250304B03,応札件数（電源属地別）[件],2,1,6,2,2,0,2,1,1,17
20250304B03,落札件数（電源属地別）[件],1,0,1,0,0,0,1,1,1,5
20250304B03,最高落札価格（電源属地別）[円/kW・30分],0.45,0,0.33,0,0,0,4.1,0.34,7.28,7.28
20250304B03,最低落札価格（電源属地別）[円/kW・30分],0.45,0,0.33,0,0,0,4.1,0.34,7.28,0.33
20250304B03,平均落札価格（電源属地別）[円/kW・30分],0.45,0,0.33,0,0,0,4.1,0.34,7.28,0.57
20250304B03,最高落札価格（TSO別）[円/kW・30分],0.45,0.33,0.33,0,4.1,0,4.1,0.34,7.28,7.28
20250304B03,最低落札価格（TSO別）[円/kW・30分],0.45,0.33,0.33,0,4.1,0,4.1,0.34,7.28,0.33
20250304B03,平均落札価格（TSO別）[円/kW・30分],0.45,0.33,0.33,0,4.1,0,4.1,0.34,7.28,0.57
20250304B03,落札量合計（TSO別）[MW],29,34,277,0,1,0,3,6,10,360
20250304B03,（内訳）自エリアからの落札量[MW],29,0,277,0,0,0,3,6,10,325
20250304B04,募集量（TSO別）[MW],46,557,843,0,5,28,2,17,2,1500
20250304B04,応札量合計（電源属地別）[MW],133,250,2014.07,36.5,79,12,22,17,10,2573.57
20250304B04,落札量合計（電源属地別）[MW],46,250,843,0,5,12,2,17,10,1185
20250304B04,応札件数（電源属地別）[件],2,3,9,4,1,1,2,1,1,24
20250304B04,落札件数（電源属地別）[件],1,3,3,0,1,1,1,1,1,12
20250304B04,最高落札価格（電源属地別）[円/kW・30分],0.34,0.34,0.34,0,15.45,75,8.82,0.34,5.25,75
20250304B04,最低落札価格（電源属地別）[円/kW・30分],0.34,0.34,0.33,0,15.45,75,8.82,0.34,5.25,0.33
20250304B04,平均落札価格（電源属地別）[円/kW・30分],0.34,0.34,0.34,0,15.45,75,8.82,0.34,5.25,1.21
20250304B04,最高落札価格（TSO別）[円/kW・30分],0.34,0.34,0.34,0,15.45,75,8.82,0.34,5.25,75
20250304B04,最低落札価格（TSO別）[円/kW・30分],0.34,0.34,0.33,0,15.45,75,8.82,0.34,5.25,0.33
20250304B04,平均落札価格（TSO別）[円/kW・30分],0.34,0.34,0.34,0,15.45,75,8.82,0.34,5.25,1.21
20250304B04,落札量合計（TSO別）[MW],46,250,843,0,5,12,2,17,10,1185
20250304B04,（内訳）自エリアからの落札量[MW],46,250,843,0,5,12,2,17,10,1185
20250304B05,募集量（TSO別）[MW],79,417,1088,0,18,34,4,16,5,1661
20250304B05,応札量合計（電源属地別）[MW],148,239.5,2182.175,58.147,132,44.042,22,16,10,2851.864
20250304B05,落札量合計（電源属地別）[MW],79,239.5,1088,0,18,34,4,16,10,1488.5
20250304B05,応札件数（電源属地別）[件],2,3,12,5,2,2,2,1,1,30
20250304B05,落札件数（電源属地別）[件],1,3,2,0,1,2,1,1,1,12
20250304B05,最高落札価格（電源属地別）[円/kW・30分],0.34,20.99,0.34,0,9.54,75,7.92,0.34,4.03,75
20250304B05,最低落札価格（電源属地別）[円/kW・30分],0.34,0.34,0.33,0,9.54,25.49,7.92,0.34,4.03,0.33
20250304B05,平均落札価格（電源属地別）[円/kW・30分],0.34,0.47,0.34,0,9.54,34.23,7.92,0.34,4.03,1.29
20250304B05,最高落札価格（TSO別）[円/kW・30分],0.34,20.99,0.34,0,9.54,75,7.92,0.34,4.03,75
20250304B05,最低落札価格（TSO別）[円/kW・30分],0.34,0.34,0.33,0,9.54,25.49,7.92,0.34,4.03,0.33
20250304B05,平均落札価格（TSO別）[円/kW・30分],0.34,0.47,0.34,0,9.54,34.23,7.92,0.34,4.03,1.29
20250304B05,落札量合計（TSO別）[MW],79,239.5,1088,0,18,34,4,16,10,1488.5
20250304B05,（内訳）自エリアからの落札量[MW],79,239.5,1088,0,18,34,4,16,10,1488.5
20250304B06,募集量（TSO別）[MW],105,63,0,2,0,26,2,4,0,202
20250304B06,応札量合計（電源属地別）[MW],143,0,514.075,17.5,204,44.042,22,5,1.05,950.667
20250304B06,落札量合計（電源属地別）[MW],105,0,0,0,2,26,2,4,0,139
20250304B06,応札件数（電源属地別）[件],2,0,11,3,2,2,2,1,1,24
20250304B06,落札件数（電源属地別）[件],2,0,0,0,1,1,1,1,0,6
20250304B06,最高落札価格（電源属地別）[円/kW・30分],49,0,0,0,6.58,25.49,4.96,0.34,0,49
20250304B06,最低落札価格（電源属地別）[円/kW・30分],0.79,0,0,0,6.58,25.49,4.96,0.34,0,0.34
20250304B06,平均落札価格（電源属地別）[円/kW・30分],25.58,0,0,0,6.58,25.49,4.96,0.34,0,24.27
20250304B06,最高落札価格（TSO別）[円/kW・30分],49,0,0,6.58,0,25.49,4.96,0.34,0,49
20250304B06,最低落札価格（TSO別）[円/kW・30分],0.79,0,0,6.58,0,25.49,4.96,0.34,0,0.34
20250304B06,平均落札価格（TSO別）[円/kW・30分],25.58,0,0,6.58,0,25.49,4.96,0.34,0,24.27
20250304B06,落札量合計（TSO別）[MW],105,0,0,2,0,26,2,4,0,139
20250304B06,（内訳）自エリアからの落札量[MW],105,0,0,0,0,26,2,4,0,137
20250304B07,募集量（TSO別）[MW],0,0,0,0,0,20,6,2,4,32
20250304B07,応札量合計（電源属地別）[MW],54,82,148.37,18.5,208,0,22,5,10,547.87
20250304B07,落札量合計（電源属地別）[MW],0,0,0,0,16,0,10,2,10,38
20250304B07,応札件数（電源属地別）[件],1,1,4,3,2,0,2,1,1,15
20250304B07,落札件数（電源属地別）[件],0,0,0,0,1,0,1,1,1,4
20250304B07,最高落札価格（電源属地別）[円/kW・30分],0,0,0,0,1.04,0,0.34,0.34,6.62,6.62
20250304B07,最低落札価格（電源属地別）[円/kW・30分],0,0,0,0,1.04,0,0.34,0.34,6.62,0.34
20250304B07,平均落札価格（電源属地別）[円/kW・30分],0,0,0,0,1.04,0,0.34,0.34,6.62,2.29
20250304B07,最高落札価格（TSO別）[円/kW・30分],0,0,0,0,0,1.04,0.34,0.34,6.62,6.62
20250304B07,最低落札価格（TSO別）[円/kW・30分],0,0,0,0,0,0.34,0.34,0.34,6.62,0.34
20250304B07,平均落札価格（TSO別）[円/kW・30分],0,0,0,0,0,0.9,0.34,0.34,6.62,2.29
20250304B07,落札量合計（TSO別）[MW],0,0,0,0,0,20,6,2,10,38
20250304B07,（内訳）自エリアからの落札量[MW],0,0,0,0,0,0,6,2,10,18
20250304B08,募集量（TSO別）[MW],0,0,0,0,0,21,0,6,11,38
20250304B08,応札量合計（電源属地別）[MW],124.8,93,49.37,4.5,289,0,12,6,11,589.67
20250304B08,落札量合計（電源属地別）[MW],0,0,0,0,21,0,0,6,11,38
20250304B08,応札件数（電源属地別）[件],3,2,2,1,3,0,1,1,1,14
20250304B08,落札件数（電源属地別）[件],0,0,0,0,1,0,0,1,1,3
20250304B08,最高落札価格（電源属地別）[円/kW・30分],0,0,0,0,0.34,0,0,0.34,3.63,3.63
20250304B08,最低落札価格（電源属地別）[円/kW・30分],0,0,0,0,0.34,0,0,0.34,3.63,0.34
20250304B08,平均落札価格（電源属地別）[円/kW・30分],0,0,0,0,0.34,0,0,0.34,3.63,1.29
20250304B08,最高落札価格（TSO別）[円/kW・30分],0,0,0,0,0,0.34,0,0.34,3.63,3.63
20250304B08,最低落札価格（TSO別）[円/kW・30分],0,0,0,0,0,0.34,0,0.34,3.63,0.34
20250304B08,平均落札価格（TSO別）[円/kW・30分],0,0,0,0,0,0.34,0,0.34,3.63,1.29
20250304B08,落札量合計（TSO別）[MW],0,0,0,0,0,21,0,6,11,38
20250304B08,（内訳）自エリアからの落札量[MW],0,0,0,0,0,0,0,6,11,17
20250305B01,募集量（TSO別）[MW],0,0,0,5,0,0,2,1,1,9
20250305B01,応札量合計（電源属地別）[MW],339.8,23,133.82,26.5,0,0,21,5,1,550.12
20250305B01,落札量合計（電源属地別）[MW],0,0,5,0,0,0,2,1,1,9
20250305B01,応札件数（電源属地別）[件],5,1,2,2,0,0,2,1,1,14
20250305B01,落札件数（電源属地別）[件],0,0,1,0,0,0,1,1,1,4
20250305B01,最高落札価格（電源属地別）[円/kW・30分],0,0,0.34,0,0,0,0.34,0.34,2.1,2.1
20250305B01,最低落札価格（電源属地別）[円/kW・30分],0,0,0.34,0,0,0,0.34,0.34,2.1,0.34
20250305B01,平均落札価格（電源属地別）[円/kW・30分],0,0,0.34,0,0,0,0.34,0.34,2.1,0.54
20250305B01,最高落札価格（TSO別）[円/kW・30分],0,0,0,0.34,0,0,0.34,0.34,2.1,2.1
20250305B01,最低落札価格（TSO別）[円/kW・30分],0,0,0,0.34,0,0,0.34,0.34,2.1,0.34
20250305B01,平均落札価格（TSO別）[円/kW・30分],0,0,0,0.34,0,0,0.34,0.34,2.1,0.54
20250305B01,落札量合計（TSO別）[MW],0,0,0,5,0,0,2,1,1,9
20250305B01,（内訳）自エリアからの落札量[MW],0,0,0,0,0,0,2,1,1,4
20250305B02,募集量（TSO別）[MW],45,32,0,0,0,0,4,3,0,84
20250305B02,応札量合計（電源属地別）[MW],144,93,273.774,81.5,0,0,19,5,80,696.274
20250305B02,落札量合計（電源属地別）[MW],45,23,9,0,0,0,4,3,0,84
20250305B02,応札件数（電源属地別）[件],3,2,4,3,0,0,2,1,1,16
20250305B02,落札件数（電源属地別）[件],1,1,1,0,0,0,1,1,0,5
20250305B02,最高落札価格（電源属地別）[円/kW・30分],18.89,0.34,0.39,0,0,0,0.34,0.34,0,18.89
20250305B02,最低落札価格（電源属地別）[円/kW・30分],18.89,0.34,0.39,0,0,0,0.34,0.34,0,0.34
20250305B02,平均落札価格（電源属地別）[円/kW・30分],18.89,0.34,0.39,0,0,0,0.34,0.34,0,10.28
20250305B02,最高落札価格（TSO別）[円/kW・30分],18.89,0.39,0,0,0,0,0.34,0.34,0,18.89
20250305B02,最低落札価格（TSO別）[円/kW・30分],18.89,0.34,0,0,0,0,0.34,0.34,0,0.34
20250305B02,平均落札価格（TSO別）[円/kW・30分],18.89,0.35,0,0,0,0,0.34,0.34,0,10.28
20250305B02,落札量合計（TSO別）[MW],45,32,0,0,0,0,4,3,0,84
20250305B02,（内訳）自エリアからの落札量[MW],45,23,0,0,0,0,4,3,0,75
20250305B03,募集量（TSO別）[MW],5,31,0,0,0,0,43,0,73,152
20250305B03,応札量合計（電源属地別）[MW],64,0,210.07,404.5,0,0,57,0,73,808.57
20250305B03,落札量合計（電源属地別）[MW],10,0,80,0,0,0,43,0,73,206
20250305B03,応札件数（電源属地別）[件],2,0,4,3,0,0,2,0,1,12
20250305B03,落札件数（電源属地別）[件],1,0,1,0,0,0,1,0,1,4
20250305B03,最高落札価格（電源属地別）[円/kW・30分],0.34,0,0.34,0,0,0,4.59,0,5.17,5.17
20250305B03,最低落札価格（電源属地別）[円/kW・30分],0.34,0,0.34,0,0,0,4.59,0,5.17,0.34
20250305B03,平均落札価格（電源属地別）[円/kW・30分],0.34,0,0.34,0,0,0,4.59,0,5.17,2.94
20250305B03,最高落札価格（TSO別）[円/kW・30分],0.34,0.34,0.34,0,0,0,4.59,0,5.17,5.17
20250305B03,最低落札価格（TSO別）[円/kW・30分],0.34,0.34,0.34,0,0,0,4.59,0,5.17,0.34
20250305B03,平均落札価格（TSO別）[円/kW・30分],0.34,0.34,0.34,0,0,0,4.59,0,5.17,2.94
20250305B03,落札量合計（TSO別）[MW],10,31,49,0,0,0,43,0,73,206
20250305B03,（内訳）自エリアからの落札量[MW],10,0,49,0,0,0,43,0,73,175
20250305B04,募集量（TSO別）[MW],6,60,0,0,1,13,76,15,174,345
20250305B04,応札量合計（電源属地別）[MW],89,67.4,439.356,428.5,0,402.702,135.623,15,174,1751.581
20250305B04,落札量合計（電源属地別）[MW],0,40,0,0,0,187,0,15,103,345
20250305B04,応札件数（電源属地別）[件],2,2,7,5,0,5,3,1,2,27
20250305B04,落札件数（電源属地別）[件],0,1,0,0,0,1,0,1,1,4
20250305B04,最高落札価格（電源属地別）[円/kW・30分],0,0.34,0,0,0,0.34,0,0.34,6.53,6.53
20250305B04,最低落札価格（電源属地別）[円/kW・30分],0,0.34,0,0,0,0.34,0,0.34,6.53,0.34
20250305B04,平均落札価格（電源属地別）[円/kW・30分],0,0.34,0,0,0,0.34,0,0.34,6.53,2.19
20250305B04,最高落札価格（TSO別）[円/kW・30分],0.34,0.34,0,0,0.34,0.34,0.34,0.34,6.53,6.53
20250305B04,最低落札価格（TSO別）[円/kW・30分],0.34,0.34,0,0,0.34,0.34,0.34,0.34,0.34,0.34
20250305B04,平均落札価格（TSO別）[円/kW・30分],0.34,0.34,0,0,0.34,0.34,0.34,0.34,4,2.19
20250305B04,落札量合計（TSO別）[MW],6,60,0,0,1,13,76,15,174,345
20250305B04,（内訳）自エリアからの落札量[MW],0,40,0,0,0,13,0,15,103,171
20250305B05,募集量（TSO別）[MW],66,86,0,0,12,8,97,34,364,667
20250305B05,応札量合計（電源属地別）[MW],54,68.9,773.847,795.5,12,288.167,112,34,364,2502.414
20250305B05,落札量合計（電源属地別）[MW],54,0,86,0,12,234.525,5.475,34,229,655
20250305B05,応札件数（電源属地別）[件],1,2,10,5,1,6,2,1,1,29
20250305B05,落札件数（電源属地別）[件],1,0,1,0,1,3,1,1,1,9
20250305B05,最高落札価格（電源属地別）[円/kW・30分],49,0,0.34,0,0.34,0.34,3.9,0.34,6.32,49
20250305B05,最低落札価格（電源属地別）[円/kW・30分],49,0,0.34,0,0.34,0.34,3.9,0.34,6.32,0.34
20250305B05,平均落札価格（電源属地別）[円/kW・30分],49,0,0.34,0,0.34,0.34,3.9,0.34,6.32,6.47
20250305B05,最高落札価格（TSO別）[円/kW・30分],49,0.34,0,0,0.34,0.34,3.9,0.34,6.32,49
20250305B05,最低落札価格（TSO別）[円/kW・30分],49,0.34,0,0,0.34,0.34,0.34,0.34,0.34,0.34
20250305B05,平均落札価格（TSO別）[円/kW・30分],49,0.34,0,0,0.34,0.34,0.54,0.34,4.1,6.47
20250305B05,落札量合計（TSO別）[MW],54,86,0,0,12,8,97,34,364,655
20250305B05,（内訳）自エリアからの落札量[MW],54,0,0,0,12,8,5.475,34,229,342.475
20250305B06,募集量（TSO別）[MW],59,3,0,63,0,0,33,13,155,326
20250305B06,応札量合計（電源属地別）[MW],54,75,508.57,513.765,0,53.642,85.623,13,155,1458.6
20250305B06,落札量合計（電源属地別）[MW],54,0,0,69,0,0,30,13,155,321
20250305B06,応札件数（電源属地別）[件],1,1,11,10,0,3,3,1,1,31
20250305B06,落札件数（電源属地別）[件],1,0,0,4,0,0,1,1,1,8
20250305B06,最高落札価格（電源属地別）[円/kW・30分],49,0,0,6.99,0,0,5.67,0.34,5.32,49
20250305B06,最低落札価格（電源属地別）[円/kW・30分],49,0,0,6.85,0,0,5.67,0.34,5.32,0.34
20250305B06,平均落札価格（電源属地別）[円/kW・30分],49,0,0,6.91,0,0,5.67,0.34,5.32,12.84
20250305B06,最高落札価格（TSO別）[円/kW・30分],49,6.99,0,6.99,0,0,6.99,0.34,5.32,49
20250305B06,最低落札価格（TSO別）[円/kW・30分],49,6.99,0,6.85,0,0,5.67,0.34,5.32,0.34
20250305B06,平均落札価格（TSO別）[円/kW・30分],49,6.99,0,6.91,0,0,5.79,0.34,5.32,12.84
20250305B06,落札量合計（TSO別）[MW],54,3,0,63,0,0,33,13,155,321
20250305B06,（内訳）自エリアからの落札量[MW],54,0,0,63,0,0,30,13,155,315
20250305B07,募集量（TSO別）[MW],48,0,0,0,0,18,6,2,11,85
20250305B07,応札量合計（電源属地別）[MW],54,0,217.981,49.378,0,539.68,18,5,11,895.039
20250305B07,落札量合計（電源属地別）[MW],0,0,0,0,0,83,0,2,0,85
20250305B07,応札件数（電源属地別）[件],1,0,5,5,0,4,2,1,1,19
20250305B07,落札件数（電源属地別）[件],0,0,0,0,0,1,0,1,0,2
20250305B07,最高落札価格（電源属地別）[円/kW・30分],0,0,0,0,0,0.34,0,0.34,0,0.34
20250305B07,最低落札価格（電源属地別）[円/kW・30分],0,0,0,0,0,0.34,0,0.34,0,0.34
20250305B07,平均落札価格（電源属地別）[円/kW・30分],0,0,0,0,0,0.34,0,0.34,0,0.34
20250305B07,最高落札価格（TSO別）[円/kW・30分],0.34,0,0,0,0,0.34,0.34,0.34,0.34,0.34
20250305B07,最低落札価格（TSO別）[円/kW・30分],0.34,0,0,0,0,0.34,0.34,0.34,0.34,0.34
20250305B07,平均落札価格（TSO別）[円/kW・30分],0.34,0,0,0,0,0.34,0.34,0.34,0.34,0.34
20250305B07,落札量合計（TSO別）[MW],48,0,0,0,0,18,6,2,11,85
20250305B07,（内訳）自エリアからの落札量[MW],0,0,0,0,0,18,0,2,0,20
20250305B08,募集量（TSO別）[MW],28,40,0,7,0,17,0,31,9,132
20250305B08,応札量合計（電源属地別）[MW],71.8,23,154.37,4.5,0,498.364,12,31,132,927.034
20250305B08,落札量合計（電源属地別）[MW],54,14,0,0,0,33,0,31,0,132
20250305B08,応札件数（電源属地別）[件],2,1,2,1,0,3,1,1,2,13
20250305B08,落札件数（電源属地別）[件],1,1,0,0,0,1,0,1,0,4
20250305B08,最高落札価格（電源属地別）[円/kW・30分],49,0.34,0,0,0,0.34,0,0.34,0,49
20250305B08,最低落札価格（電源属地別）[円/kW・30分],49,0.34,0,0,0,0.34,0,0.34,0,0.34
20250305B08,平均落札価格（電源属地別）[円/kW・30分],49,0.34,0,0,0,0.34,0,0.34,0,20.25
20250305B08,最高落札価格（TSO別）[円/kW・30分],49,49,0,0.34,0,0.34,0,0.34,0.34,49
20250305B08,最低落札価格（TSO別）[円/kW・30分],49,0.34,0,0.34,0,0.34,0,0.34,0.34,0.34
20250305B08,平均落札価格（TSO別）[円/kW・30分],49,31.97,0,0.34,0,0.34,0,0.34,0.34,20.25
20250305B08,落札量合計（TSO別）[MW],28,40,0,7,0,17,0,31,9,132
20250305B08,（内訳）自エリアからの落札量[MW],28,14,0,0,0,17,0,31,0,90
20250306B01,募集量（TSO別）[MW],14,0,0,9,3,1,4,0,3,34
20250306B01,応札量合計（電源属地別）[MW],108.8,35,175.17,82.088,114,1.16,102,0,0,618.218
20250306B01,落札量合計（電源属地別）[MW],14,0,20,0,0,0,0,0,0,34
20250306B01,応札件数（電源属地別）[件],3,2,3,3,1,1,2,0,0,15
20250306B01,落札件数（電源属地別）[件],1,0,1,0,0,0,0,0,0,2
20250306B01,最高落札価格（電源属地別）[円/kW・30分],0.34,0,0.33,0,0,0,0,0,0,0.34
20250306B01,最低落札価格（電源属地別）[円/kW・30分],0.34,0,0.33,0,0,0,0,0,0,0.33
20250306B01,平均落札価格（電源属地別）[円/kW・30分],0.34,0,0.33,0,0,0,0,0,0,0.33
20250306B01,最高落札価格（TSO別）[円/kW・30分],0.34,0,0,0.33,0.33,0.33,0.33,0,0.33,0.34
20250306B01,最低落札価格（TSO別）[円/kW・30分],0.34,0,0,0.33,0.33,0.33,0.33,0,0.33,0.33
20250306B01,平均落札価格（TSO別）[円/kW・30分],0.34,0,0,0.33,0.33,0.33,0.33,0,0.33,0.33
20250306B01,落札量合計（TSO別）[MW],14,0,0,9,3,1,4,0,3,34
20250306B01,（内訳）自エリアからの落札量[MW],14,0,0,0,0,0,0,0,0,14
20250306B02,募集量（TSO別）[MW],0,0,0,0,2,0,4,4,21,31
20250306B02,応札量合計（電源属地別）[MW],54,23,136.936,61.334,2,0,167.172,5,0,449.442
20250306B02,落札量合計（電源属地別）[MW],0,0,7.1,0,2,0,21.9,0,0,31
20250306B02,応札件数（電源属地別）[件],1,1,2,3,1,0,6,1,0,15
20250306B02,落札件数（電源属地別）[件],0,0,1,0,1,0,1,0,0,3
20250306B02,最高落札価格（電源属地別）[円/kW・30分],0,0,0.33,0,0.34,0,0.34,0,0,0.34
20250306B02,最低落札価格（電源属地別）[円/kW・30分],0,0,0.33,0,0.34,0,0.34,0,0,0.33
20250306B02,平均落札価格（電源属地別）[円/kW・30分],0,0,0.33,0,0.34,0,0.34,0,0,0.34
20250306B02,最高落札価格（TSO別）[円/kW・30分],0,0,0,0,0.34,0,0.34,0.33,0.34,0.34
20250306B02,最低落札価格（TSO別）[円/kW・30分],0,0,0,0,0.34,0,0.34,0.33,0.33,0.33
20250306B02,平均落札価格（TSO別）[円/kW・30分],0,0,0,0,0.34,0,0.34,0.33,0.34,0.34
20250306B02,落札量合計（TSO別）[MW],0,0,0,0,2,0,4,4,21,31
20250306B02,（内訳）自エリアからの落札量[MW],0,0,0,0,2,0,4,0,0,6
20250306B03,募集量（TSO別）[MW],0,0,312,132,3,12,120,38,70,687
20250306B03,応札量合計（電源属地別）[MW],121,23,838.998,15.5,26,17.852,132.797,38,49,1262.147
20250306B03,落札量合計（電源属地別）[MW],0,0,312,15.5,26,17.852,132.797,38,49,591.149
20250306B03,応札件数（電源属地別）[件],2,1,14,2,1,2,3,1,1,27
20250306B03,落札件数（電源属地別）[件],0,0,1,2,1,2,3,1,1,11
20250306B03,最高落札価格（電源属地別）[円/kW・30分],0,0,0.34,94,0.34,0.34,95,0.34,4.03,95
20250306B03,最低落札価格（電源属地別）[円/kW・30分],0,0,0.34,48,0.34,0.34,18.03,0.34,4.03,0.34
20250306B03,平均落札価格（電源属地別）[円/kW・30分],0,0,0.34,80.65,0.34,0.34,26.5,0.34,4.03,8.63
20250306B03,最高落札価格（TSO別）[円/kW・30分],0,0,0.34,94,0.34,0.34,20.63,0.34,95,95
20250306B03,最低落札価格（TSO別）[円/kW・30分],0,0,0.34,0.34,0.34,0.34,18.03,0.34,4.03,0.34
20250306B03,平均落札価格（TSO別）[円/kW・30分],0,0,0.34,28.4,0.34,0.34,19.68,0.34,21.91,8.63
20250306B03,落札量合計（TSO別）[MW],0,0,312,44.352,3,12,120,38,61.797,591.149
20250306B03,（内訳）自エリアからの落札量[MW],0,0,312,15.5,3,12,120,38,49,549.5
20250306B04,募集量（TSO別）[MW],0,0,1723,629,11,457,96,170,138,3224
20250306B04,応札量合計（電源属地別）[MW],54,102.4,3032.94,406.5,11,708.444,110.623,170,67,4662.907
20250306B04,落札量合計（電源属地別）[MW],0,67.4,1708.3,393.5,11,708.177,98.623,170,67,3224
20250306B04,応札件数（電源属地別）[件],1,3,19,4,1,5,3,2,1,39
20250306B04,落札件数（電源属地別）[件],0,1,3,2,1,5,2,2,1,17
20250306B04,最高落札価格（電源属地別）[円/kW・30分],0,0.33,0.34,48,0.34,75,15.23,0.34,2.36,75
20250306B04,最低落札価格（電源属地別）[円/kW・30分],0,0.33,0.34,4.24,0.34,0.34,0.7,0.33,2.36,0.33
20250306B04,平均落札価格（電源属地別）[円/kW・30分],0,0.33,0.34,4.74,0.34,1.98,7.13,0.34,2.36,1.49
20250306B04,最高落札価格（TSO別）[円/kW・30分],0,0,0.34,48,0.34,0.34,15.23,0.34,75,75
20250306B04,最低落札価格（TSO別）[円/kW・30分],0,0,0.33,0.33,0.34,0.34,0.7,0.33,0.34,0.33
20250306B04,平均落札価格（TSO別）[円/kW・30分],0,0,0.34,3.09,0.34,0.34,6.91,0.34,10.01,1.49
20250306B04,落札量合計（TSO別）[MW],0,0,1723,629,11,457,96,170,138,3224
20250306B04,（内訳）自エリアからの落札量[MW],0,0,1708.3,393.5,11,457,96,170,67,2902.8
20250306B05,募集量（TSO別）[MW],0,0,1631,448,36,441,130,112,351,3149
20250306B05,応札量合計（電源属地別）[MW],54,110.9,4368.173,925.08,36,716.445,142,112,186,6650.598
20250306B05,落札量合計（電源属地別）[MW],0,109.4,1912.797,0,36,662.803,130,112,186,3149
20250306B05,応札件数（電源属地別）[件],1,4,30,9,1,6,3,2,1,57
20250306B05,落札件数（電源属地別）[件],0,3,7,0,1,3,2,2,1,19
20250306B05,最高落札価格（電源属地別）[円/kW・30分],0,0.34,3.61,0,0.34,0.34,0.34,0.34,4.12,4.12
20250306B05,最低落札価格（電源属地別）[円/kW・30分],0,0.33,0.34,0,0.34,0.34,0.34,0.33,4.12,0.33
20250306B05,平均落札価格（電源属地別）[円/kW・30分],0,0.33,0.73,0,0.34,0.34,0.34,0.33,4.12,0.8
20250306B05,最高落札価格（TSO別）[円/kW・30分],0,0,0.34,3.61,0.34,0.34,0.34,0.34,4.12,4.12
20250306B05,最低落札価格（TSO別）[円/kW・30分],0,0,0.34,0.33,0.34,0.34,0.34,0.33,0.34,0.33
20250306B05,平均落札価格（TSO別）[円/kW・30分],0,0,0.34,2.02,0.34,0.34,0.34,0.33,2.34,0.8
20250306B05,落札量合計（TSO別）[MW],0,0,1631,448,36,441,130,112,351,3149
20250306B05,（内訳）自エリアからの落札量[MW],0,0,1631,0,36,441,130,112,186,2536
20250306B06,募集量（TSO別）[MW],52,67,314,210,0,229,85,55,71,1083
20250306B06,応札量合計（電源属地別）[MW],150,105,974.07,965.5,26,397.924,100.623,55,0,2774.117
20250306B06,落札量合計（電源属地別）[MW],56,63,314,389,0,255,0,55,0,1132
20250306B06,応札件数（電源属地別）[件],2,3,15,6,1,6,3,1,0,37
20250306B06,落札件数（電源属地別）[件],1,2,2,1,0,3,0,1,0,10
20250306B06,最高落札価格（電源属地別）[円/kW・30分],0.34,0.34,0.34,4.82,0,0.34,0,0.34,0,4.82
20250306B06,最低落札価格（電源属地別）[円/kW・30分],0.34,0.34,0.33,4.82,0,0.34,0,0.34,0,0.33
20250306B06,平均落札価格（電源属地別）[円/kW・30分],0.34,0.34,0.34,4.82,0,0.34,0,0.34,0,1.88
20250306B06,最高落札価格（TSO別）[円/kW・30分],0.34,0.34,0.34,4.82,0,0.34,4.82,0.34,4.82,4.82
20250306B06,最低落札価格（TSO別）[円/kW・30分],0.34,0.34,0.33,4.82,0,0.34,0.34,0.34,4.82,0.33
20250306B06,平均落札価格（TSO別）[円/kW・30分],0.34,0.34,0.34,4.82,0,0.34,3.45,0.34,4.82,1.88
20250306B06,落札量合計（TSO別）[MW],52,67,314,309,0,229,85,55,21,1132
20250306B06,（内訳）自エリアからの落札量[MW],52,63,314,309,0,229,0,55,0,1022
20250306B07,募集量（TSO別）[MW],0,63,0,0,1,20,2,7,4,97
20250306B07,応札量合計（電源属地別）[MW],146,105,313.631,444.5,98,29.753,17,7,1.05,1161.934
20250306B07,落札量合計（電源属地別）[MW],0,63,0,0,0,27,0,7,0,97
20250306B07,応札件数（電源属地別）[件],2,3,5,6,1,2,2,1,1,23
20250306B07,落札件数（電源属地別）[件],0,2,0,0,0,2,0,1,0,5
20250306B07,最高落札価格（電源属地別）[円/kW・30分],0,0.34,0,0,0,0.34,0,0.34,0,0.34
20250306B07,最低落札価格（電源属地別）[円/kW・30分],0,0.34,0,0,0,0.34,0,0.34,0,0.34
20250306B07,平均落札価格（電源属地別）[円/kW・30分],0,0.34,0,0,0,0.34,0,0.34,0,0.34
20250306B07,最高落札価格（TSO別）[円/kW・30分],0,0.34,0,0,0.34,0.34,0.34,0.34,0.34,0.34
20250306B07,最低落札価格（TSO別）[円/kW・30分],0,0.34,0,0,0.34,0.34,0.34,0.34,0.34,0.34
20250306B07,平均落札価格（TSO別）[円/kW・30分],0,0.34,0,0,0.34,0.34,0.34,0.34,0.34,0.34
20250306B07,落札量合計（TSO別）[MW],0,63,0,0,1,20,2,7,4,97
20250306B07,（内訳）自エリアからの落札量[MW],0,63,0,0,0,20,0,7,0,90
20250306B08,募集量（TSO別）[MW],57,139,0,7,0,26,16,0,15,260
20250306B08,応札量合計（電源属地別）[MW],182.8,23,219.036,17.5,0,38.679,32,0,0,513.015
20250306B08,落札量合計（電源属地別）[MW],93,23,80,0,0,38.679,25.321,0,0,260
20250306B08,応札件数（電源属地別）[件],4,1,2,2,0,2,2,0,0,13
20250306B08,落札件数（電源属地別）[件],1,1,1,0,0,2,2,0,0,7
20250306B08,最高落札価格（電源属地別）[円/kW・30分],0.34,0.34,0.34,0,0,0.34,95,0,0,95
20250306B08,最低落札価格（電源属地別）[円/kW・30分],0.34,0.34,0.34,0,0,0.34,7.18,0,0,0.34
20250306B08,平均落札価格（電源属地別）[円/kW・30分],0.34,0.34,0.34,0,0,0.34,48.8,0,0,5.06
20250306B08,最高落札価格（TSO別）[円/kW・30分],0.34,0.34,0,0.34,0,0.34,95,0,95,95
20250306B08,最低落札価格（TSO別）[円/kW・30分],0.34,0.34,0,0.34,0,0.34,7.18,0,0.34,0.34
20250306B08,平均落札価格（TSO別）[円/kW・30分],0.34,0.34,0,0.34,0,0.34,21.88,0,59.16,5.06
20250306B08,落札量合計（TSO別）[MW],57,139,0,7,0,26,16,0,15,260
20250306B08,（内訳）自エリアからの落札量[MW],57,23,0,0,0,26,16,0,0,122
20250307B01,募集量（TSO別）[MW],0,0,0,2,1,1,4,0,4,12
20250307B01,応札量合計（電源属地別）[MW],70.8,23,137.752,53.5,173,0,24,0,17,499.052
20250307B01,落札量合計（電源属地別）[MW],0,0,0,0,0,0,12,0,0,12
20250307B01,応札件数（電源属地別）[件],2,1,3,4,1,0,2,0,1,14
20250307B01,落札件数（電源属地別）[件],0,0,0,0,0,0,1,0,0,1
20250307B01,最高落札価格（電源属地別）[円/kW・30分],0,0,0,0,0,0,0.34,0,0,0.34
20250307B01,最低落札価格（電源属地別）[円/kW・30分],0,0,0,0,0,0,0.34,0,0,0.34
20250307B01,平均落札価格（電源属地別）[円/kW・30分],0,0,0,0,0,0,0.34,0,0,0.34
20250307B01,最高落札価格（TSO別）[円/kW・30分],0,0,0,0.34,0.34,0.34,0.34,0,0.34,0.34
20250307B01,最低落札価格（TSO別）[円/kW・30分],0,0,0,0.34,0.34,0.34,0.34,0,0.34,0.34
20250307B01,平均落札価格（TSO別）[円/kW・30分],0,0,0,0.34,0.34,0.34,0.34,0,0.34,0.34
20250307B01,落札量合計（TSO別）[MW],0,0,0,2,1,1,4,0,4,12
20250307B01,（内訳）自エリアからの落札量[MW],0,0,0,0,0,0,4,0,0,4
20250307B02,募集量（TSO別）[MW],35,0,0,0,0,0,4,3,21,63
20250307B02,応札量合計（電源属地別）[MW],54,23,105.016,44.058,99,0,40,5,63,433.074
20250307B02,落札量合計（電源属地別）[MW],54,0,0,0,0,0,25,3,0,82
20250307B02,応札件数（電源属地別）[件],1,1,4,4,1,0,4,1,1,17
20250307B02,落札件数（電源属地別）[件],1,0,0,0,0,0,2,1,0,4
20250307B02,最高落札価格（電源属地別）[円/kW・30分],49,0,0,0,0,0,0.34,0.34,0,49
20250307B02,最低落札価格（電源属地別）[円/kW・30分],49,0,0,0,0,0,0.34,0.34,0,0.34
20250307B02,平均落札価格（電源属地別）[円/kW・30分],49,0,0,0,0,0,0.34,0.34,0,32.38
20250307B02,最高落札価格（TSO別）[円/kW・30分],49,0,0,0,0,0,0.34,0.34,0.34,49
20250307B02,最低落札価格（TSO別）[円/kW・30分],49,0,0,0,0,0,0.34,0.34,0.34,0.34
20250307B02,平均落札価格（TSO別）[円/kW・30分],49,0,0,0,0,0,0.34,0.34,0.34,32.38
20250307B02,落札量合計（TSO別）[MW],54,0,0,0,0,0,4,3,21,82
20250307B02,（内訳）自エリアからの落札量[MW],54,0,0,0,0,0,4,3,0,61
20250307B03,募集量（TSO別）[MW],17,52,280,116,1,7,20,18,47,558
20250307B03,応札量合計（電源属地別）[MW],54,23,1078.07,479.5,179,7.049,89.174,18,47,1974.793
20250307B03,落札量合計（電源属地別）[MW],54,0,295,0,136.951,7.049,0,18,47,558
20250307B03,応札件数（電源属地別）[件],1,1,7,5,1,2,2,1,1,21
20250307B03,落札件数（電源属地別）[件],1,0,1,0,1,2,0,1,1,7
20250307B03,最高落札価格（電源属地別）[円/kW・30分],49,0,0.33,0,8.49,0.34,0,0.34,4.31,49
20250307B03,最低落札価格（電源属地別）[円/kW・30分],49,0,0.33,0,8.49,0.34,0,0.34,4.31,0.33
20250307B03,平均落札価格（電源属地別）[円/kW・30分],49,0,0.33,0,8.49,0.34,0,0.34,4.31,7.38
20250307B03,最高落札価格（TSO別）[円/kW・30分],49,49,0.33,8.49,8.49,0.34,8.49,0.34,4.31,49
20250307B03,最低落札価格（TSO別）[円/kW・30分],49,0.33,0.33,8.49,8.49,0.34,0.34,0.34,4.31,0.33
20250307B03,平均落札価格（TSO別）[円/kW・30分],49,34.96,0.33,8.49,8.49,0.34,8.47,0.34,4.31,7.38
20250307B03,落札量合計（TSO別）[MW],17,52,280,116,1,7,20,18,47,558
20250307B03,（内訳）自エリアからの落札量[MW],17,0,280,0,1,7,0,18,47,370
20250307B04,募集量（TSO別）[MW],33,431,316,50,6,354,70,132,82,1474
20250307B04,応札量合計（電源属地別）[MW],54,117,2146.636,585.176,40,381.44,118.579,132,620,4194.831
20250307B04,落札量合計（電源属地別）[MW],54,77,649,17.204,40,359.84,62.956,132,247,1639
20250307B04,応札件数（電源属地別）[件],1,4,10,7,1,5,3,2,3,36
20250307B04,落札件数（電源属地別）[件],1,3,2,1,1,3,1,2,1,15
20250307B04,最高落札価格（電源属地別）[円/kW・30分],49,0.34,0.33,3.14,2.27,0.34,0.34,0.34,0.74,49
20250307B04,最低落札価格（電源属地別）[円/kW・30分],49,0.34,0.33,3.14,2.27,0.34,0.34,0.33,0.74,0.33
20250307B04,平均落札価格（電源属地別）[円/kW・30分],49,0.34,0.33,3.14,2.27,0.34,0.34,0.33,0.74,2.08
20250307B04,最高落札価格（TSO別）[円/kW・30分],49,49,0.33,3.14,2.27,0.34,2.27,0.34,0.74,49
20250307B04,最低落札価格（TSO別）[円/kW・30分],49,0.33,0.33,2.27,2.27,0.34,0.34,0.33,0.74,0.33
20250307B04,平均落札価格（TSO別）[円/kW・30分],49,2.7,0.33,2.57,2.27,0.34,0.37,0.33,0.74,2.08
20250307B04,落札量合計（TSO別）[MW],33,431,316,50,6,354,70,132,247,1639
20250307B04,（内訳）自エリアからの落札量[MW],33,77,316,17.204,6,354,62.956,132,247,1245.16
20250307B05,募集量（TSO別）[MW],45,0,1004,0,21,724,371,152,251,2568
20250307B05,応札量合計（電源属地別）[MW],54,106.5,3695.766,312.783,149,789.485,420.768,152,313,5993.302
20250307B05,落札量合計（電源属地別）[MW],54,82,1131,0,72.157,735.843,90,152,251,2568
20250307B05,応札件数（電源属地別）[件],1,3,21,9,1,7,7,2,3,54
20250307B05,落札件数（電源属地別）[件],1,1,4,0,1,4,1,2,2,16
20250307B05,最高落札価格（電源属地別）[円/kW・30分],49,0.32,0.34,0,1.37,0.34,0.34,0.34,1.19,49
20250307B05,最低落札価格（電源属地別）[円/kW・30分],49,0.32,0.33,0,1.37,0.34,0.34,0.33,0.34,0.32
20250307B05,平均落札価格（電源属地別）[円/kW・30分],49,0.32,0.33,0,1.37,0.34,0.34,0.34,1.14,1.47
20250307B05,最高落札価格（TSO別）[円/kW・30分],49,0,0.34,0,1.37,0.34,49,0.34,1.19,49
20250307B05,最低落札価格（TSO別）[円/kW・30分],49,0,0.33,0,1.37,0.34,0.32,0.33,0.34,0.32
20250307B05,平均落札価格（TSO別）[円/kW・30分],49,0,0.33,0,1.37,0.34,1.66,0.34,1.14,1.47
20250307B05,落札量合計（TSO別）[MW],45,0,1004,0,21,724,371,152,251,2568
20250307B05,（内訳）自エリアからの落札量[MW],45,0,1004,0,21,724,90,152,251,2287
20250307B06,募集量（TSO別）[MW],48,139,17,124,0,632,123,59,84,1226
20250307B06,応札量合計（電源属地別）[MW],54,104,1957.49,708.5,198,695.992,135,59,84,3995.982
20250307B06,落札量合計（電源属地別）[MW],54,0,150,0,113.65,642.35,123,59,84,1226
20250307B06,応札件数（電源属地別）[件],1,3,18,7,1,6,2,1,2,41
20250307B06,落札件数（電源属地別）[件],1,0,1,0,1,3,1,1,2,10
20250307B06,最高落札価格（電源属地別）[円/kW・30分],49,0,0.33,0,4.86,0.34,0.84,0.34,4.32,49
20250307B06,最低落札価格（電源属地別）[円/kW・30分],49,0,0.33,0,4.86,0.34,0.84,0.34,2.99,0.33
20250307B06,平均落札価格（電源属地別）[円/kW・30分],49,0,0.33,0,4.86,0.34,0.84,0.34,4.11,3.21
20250307B06,最高落札価格（TSO別）[円/kW・30分],49,49,0.33,4.86,0,0.34,0.84,0.34,4.32,49
20250307B06,最低落札価格（TSO別）[円/kW・30分],49,0.33,0.33,0.34,0,0.34,0.84,0.34,2.99,0.33
20250307B06,平均落札価格（TSO別）[円/kW・30分],49,2.43,0.33,4.48,0,0.34,0.84,0.34,4.11,3.21
20250307B06,落札量合計（TSO別）[MW],48,139,17,124,0,632,123,59,84,1226
20250307B06,（内訳）自エリアからの落札量[MW],48,0,17,0,0,632,123,59,84,963
20250307B07,募集量（TSO別）[MW],48,64,0,0,0,18,2,9,4,145
20250307B07,応札量合計（電源属地別）[MW],54,105,509.831,31.5,0,18.126,14,49,93,874.457
20250307B07,落札量合計（電源属地別）[MW],0,64,48,0,0,18.126,1.874,9,10,151
20250307B07,応札件数（電源属地別）[件],1,2,9,4,0,2,2,2,1,23
20250307B07,落札件数（電源属地別）[件],0,1,1,0,0,2,1,1,1,7
20250307B07,最高落札価格（電源属地別）[円/kW・30分],0,0.34,0.33,0,0,0.34,1.35,0.34,5.45,5.45
20250307B07,最低落札価格（電源属地別）[円/kW・30分],0,0.34,0.33,0,0,0.34,1.35,0.34,5.45,0.33
20250307B07,平均落札価格（電源属地別）[円/kW・30分],0,0.34,0.33,0,0,0.34,1.35,0.34,5.45,0.69
20250307B07,最高落札価格（TSO別）[円/kW・30分],0.33,0.34,0,0,0,0.34,1.35,0.34,5.45,5.45
20250307B07,最低落札価格（TSO別）[円/kW・30分],0.33,0.34,0,0,0,0.34,0.34,0.34,5.45,0.33
20250307B07,平均落札価格（TSO別）[円/kW・30分],0.33,0.34,0,0,0,0.34,1.29,0.34,5.45,0.69
20250307B07,落札量合計（TSO別）[MW],48,64,0,0,0,18,2,9,10,151
20250307B07,（内訳）自エリアからの落札量[MW],0,64,0,0,0,18,1.874,9,10,102.874
20250307B08,募集量（TSO別）[MW],66,119,0,5,0,16,0,1,8,215
20250307B08,応札量合計（電源属地別）[MW],71.8,23,348.37,17.5,58,16.112,12,5,215,766.782
20250307B08,落札量合計（電源属地別）[MW],66,0,119,0,12.888,16.112,0,1,0,215
20250307B08,応札件数（電源属地別）[件],2,1,3,2,1,2,1,1,2,15
20250307B08,落札件数（電源属地別）[件],2,0,1,0,1,2,0,1,0,7
20250307B08,最高落札価格（電源属地別）[円/kW・30分],49,0,0.33,0,4.47,0.34,0,0.34,0,49
20250307B08,最低落札価格（電源属地別）[円/kW・30分],48.9,0,0.33,0,4.47,0.34,0,0.34,0,0.33
20250307B08,平均落札価格（電源属地別）[円/kW・30分],48.98,0,0.33,0,4.47,0.34,0,0.34,0,15.51
20250307B08,最高落札価格（TSO別）[円/kW・30分],49,0.33,0,4.47,0,0.34,0,0.34,4.47,49
20250307B08,最低落札価格（TSO別）[円/kW・30分],48.9,0.33,0,4.47,0,0.34,0,0.34,0.34,0.33
20250307B08,平均落札価格（TSO別）[円/kW・30分],48.98,0.33,0,4.47,0,0.34,0,0.34,4.41,15.51
20250307B08,落札量合計（TSO別）[MW],66,119,0,5,0,16,0,1,8,215
20250307B08,（内訳）自エリアからの落札量[MW],66,0,0,0,0,16,0,1,0,83
20250308B01,募集量（TSO別）[MW],0,0,0,1,0,0,0,3,0,4
20250308B01,応札量合計（電源属地別）[MW],100,23,72.838,28.526,0,0,12,5,0,241.364
20250308B01,落札量合計（電源属地別）[MW],0,0,0,5,0,0,0,0,0,5
20250308B01,応札件数（電源属地別）[件],2,1,1,3,0,0,1,1,0,9
20250308B01,落札件数（電源属地別）[件],0,0,0,1,0,0,0,0,0,1
20250308B01,最高落札価格（電源属地別）[円/kW・30分],0,0,0,3.26,0,0,0,0,0,3.26
20250308B01,最低落札価格（電源属地別）[円/kW・30分],0,0,0,3.26,0,0,0,0,0,3.26
20250308B01,平均落札価格（電源属地別）[円/kW・30分],0,0,0,3.26,0,0,0,0,0,3.26
20250308B01,最高落札価格（TSO別）[円/kW・30分],0,0,0,3.26,0,0,0,3.26,0,3.26
20250308B01,最低落札価格（TSO別）[円/kW・30分],0,0,0,3.26,0,0,0,3.26,0,3.26
20250308B01,平均落札価格（TSO別）[円/kW・30分],0,0,0,3.26,0,0,0,3.26,0,3.26
20250308B01,落札量合計（TSO別）[MW],0,0,0,2,0,0,0,3,0,5
20250308B01,（内訳）自エリアからの落札量[MW],0,0,0,2,0,0,0,0,0,2
20250308B02,募集量（TSO別）[MW],45,32,0,0,2,0,4,3,0,86
20250308B02,応札量合計（電源属地別）[MW],116.8,35,140.627,41.5,2,0,89.174,5,0,430.101
20250308B02,落札量合計（電源属地別）[MW],45,32,0,6,0,0,0,3,0,86
20250308B02,応札件数（電源属地別）[件],3,2,3,3,1,0,2,1,0,15
20250308B02,落札件数（電源属地別）[件],1,2,0,1,0,0,0,1,0,5
20250308B02,最高落札価格（電源属地別）[円/kW・30分],0.34,0.34,0,3.12,0,0,0,0.34,0,3.12
20250308B02,最低落札価格（電源属地別）[円/kW・30分],0.34,0.34,0,3.12,0,0,0,0.34,0,0.34
20250308B02,平均落札価格（電源属地別）[円/kW・30分],0.34,0.34,0,3.12,0,0,0,0.34,0,0.53
20250308B02,最高落札価格（TSO別）[円/kW・30分],0.34,0.34,0,0,3.12,0,3.12,0.34,0,3.12
20250308B02,最低落札価格（TSO別）[円/kW・30分],0.34,0.34,0,0,3.12,0,3.12,0.34,0,0.34
20250308B02,平均落札価格（TSO別）[円/kW・30分],0.34,0.34,0,0,3.12,0,3.12,0.34,0,0.53
20250308B02,落札量合計（TSO別）[MW],45,32,0,0,2,0,4,3,0,86
20250308B02,（内訳）自エリアからの落札量[MW],45,32,0,0,0,0,0,3,0,80
20250308B03,募集量（TSO別）[MW],13,34,312,0,5,7,142,7,66,586
20250308B03,応札量合計（電源属地別）[MW],124,35,647.118,17.5,5,10.073,112,7,66,1023.691
20250308B03,落札量合計（電源属地別）[MW],47,0,312,17.5,5,10.073,112,7,66,576.573
20250308B03,応札件数（電源属地別）[件],2,2,6,2,1,3,2,1,1,20
20250308B03,落札件数（電源属地別）[件],1,0,2,2,1,3,2,1,1,13
20250308B03,最高落札価格（電源属地別）[円/kW・30分],0.33,0,0.34,48,5.74,0.34,95,0.34,3.34,95
20250308B03,最低落札価格（電源属地別）[円/kW・30分],0.33,0,0.33,48,5.74,0.34,4.05,0.34,3.34,0.33
20250308B03,平均落札価格（電源属地別）[円/kW・30分],0.33,0,0.34,48,5.74,0.34,13.79,0.34,3.34,4.79
20250308B03,最高落札価格（TSO別）[円/kW・30分],0.33,0.33,0.34,0,5.74,0.34,95,0.34,3.34,95
20250308B03,最低落札価格（TSO別）[円/kW・30分],0.33,0.33,0.33,0,5.74,0.34,0.34,0.34,3.34,0.33
20250308B03,平均落札価格（TSO別）[円/kW・30分],0.33,0.33,0.34,0,5.74,0.34,18,0.34,3.34,4.79
20250308B03,落札量合計（TSO別）[MW],13,34,312,0,5,7,132.573,7,66,576.573
20250308B03,（内訳）自エリアからの落札量[MW],13,0,312,0,5,7,112,7,66,522
20250308B04,募集量（TSO別）[MW],36,422,887,319,11,250,70,112,166,2273
20250308B04,応札量合計（電源属地別）[MW],90,135,2790.976,300.8,8,359.772,14,72,166,3936.548
20250308B04,落札量合計（電源属地別）[MW],36,115,1194,300.8,8,359.772,14,72,166,2265.572
20250308B04,応札件数（電源属地別）[件],2,5,14,4,1,3,1,1,1,32
20250308B04,落札件数（電源属地別）[件],1,4,3,4,1,3,1,1,1,19
20250308B04,最高落札価格（電源属地別）[円/kW・30分],0.34,0.34,0.34,200,2.66,0.34,95,0.34,4.15,200
20250308B04,最低落札価格（電源属地別）[円/kW・30分],0.34,0.34,0.33,0.34,2.66,0.34,95,0.34,4.15,0.33
20250308B04,平均落札価格（電源属地別）[円/kW・30分],0.34,0.34,0.34,4.54,2.66,0.34,95,0.34,4.15,1.77
20250308B04,最高落札価格（TSO別）[円/kW・30分],0.34,0.34,0.34,200,2.66,0.34,95,0.34,4.15,200
20250308B04,最低落札価格（TSO別）[円/kW・30分],0.34,0.34,0.33,0.34,0.34,0.34,0.34,0.34,4.15,0.33
20250308B04,平均落札価格（TSO別）[円/kW・30分],0.34,0.34,0.34,4.39,2.03,0.34,19.27,0.34,4.15,1.77
20250308B04,落札量合計（TSO別）[MW],36,422,887,311.572,11,250,70,112,166,2265.572
20250308B04,（内訳）自エリアからの落札量[MW],36,115,887,300.8,8,250,14,72,166,1848.8
20250308B05,募集量（TSO別）[MW],79,0,1631,352,40,771,316,161,358,3708
20250308B05,応札量合計（電源属地別）[MW],154,136.5,4046.127,1105.48,5,1140.434,104,109,358,7158.541
20250308B05,落札量合計（電源属地別）[MW],79,0,1691.728,390.733,0,1109.539,90,109,238,3708
20250308B05,応札件数（電源属地別）[件],2,5,18,12,1,5,2,2,1,48
20250308B05,落札件数（電源属地別）[件],1,0,4,1,0,4,1,2,1,14
20250308B05,最高落札価格（電源属地別）[円/kW・30分],0.34,0,0.34,0.34,0,0.34,0.34,0.34,2.5,2.5
20250308B05,最低落札価格（電源属地別）[円/kW・30分],0.34,0,0.33,0.34,0,0.34,0.34,0.33,2.5,0.33
20250308B05,平均落札価格（電源属地別）[円/kW・30分],0.34,0,0.34,0.34,0,0.34,0.34,0.33,2.5,0.48
20250308B05,最高落札価格（TSO別）[円/kW・30分],0.34,0,0.34,0.34,0.34,0.34,0.34,0.34,2.5,2.5
20250308B05,最低落札価格（TSO別）[円/kW・30分],0.34,0,0.33,0.34,0.34,0.34,0.34,0.33,0.34,0.33
20250308B05,平均落札価格（TSO別）[円/kW・30分],0.34,0,0.34,0.34,0.34,0.34,0.34,0.34,1.78,0.48
20250308B05,落札量合計（TSO別）[MW],79,0,1631,352,40,771,316,161,358,3708
20250308B05,（内訳）自エリアからの落札量[MW],79,0,1631,352,0,771,90,109,238,3270
20250308B06,募集量（TSO別）[MW],105,0,314,216,0,396,123,67,146,1367
20250308B06,応札量合計（電源属地別）[MW],159,117,1187.429,890.3,0,600.775,141.246,67,147.924,3310.674
20250308B06,落札量合計（電源属地別）[MW],105,0,314,247.2,0,569.88,30.92,67,33,1367
20250308B06,応札件数（電源属地別）[件],3,3,14,7,0,4,4,1,3,39
20250308B06,落札件数（電源属地別）[件],2,0,2,1,0,3,1,1,2,12
20250308B06,最高落札価格（電源属地別）[円/kW・30分],1.51,0,0.34,0.34,0,0.34,1.24,0.34,2.47,2.47
20250308B06,最低落札価格（電源属地別）[円/kW・30分],0.34,0,0.33,0.34,0,0.34,1.24,0.34,1.6,0.33
20250308B06,平均落札価格（電源属地別）[円/kW・30分],0.47,0,0.34,0.34,0,0.34,1.24,0.34,2.42,0.42
20250308B06,最高落札価格（TSO別）[円/kW・30分],1.51,0,0.34,0.34,0,0.34,1.24,0.34,2.47,2.47
20250308B06,最低落札価格（TSO別）[円/kW・30分],0.34,0,0.33,0.34,0,0.34,0.34,0.34,0.34,0.33
20250308B06,平均落札価格（TSO別）[円/kW・30分],0.47,0,0.34,0.34,0,0.34,0.57,0.34,0.81,0.42
20250308B06,落札量合計（TSO別）[MW],105,0,314,216,0,396,123,67,146,1367
20250308B06,（内訳）自エリアからの落札量[MW],105,0,314,216,0,396,30.92,67,33,1161.92
20250308B07,募集量（TSO別）[MW],48,0,0,0,1,18,2,9,10,88
20250308B07,応札量合計（電源属地別）[MW],103,105,237.61,406.3,0,25.903,19,9,88,993.813
20250308B07,落札量合計（電源属地別）[MW],48,0,0,0,0,21,0,9,10,88
20250308B07,応札件数（電源属地別）[件],2,2,3,3,0,3,2,1,1,17
20250308B07,落札件数（電源属地別）[件],1,0,0,0,0,3,0,1,1,6
20250308B07,最高落札価格（電源属地別）[円/kW・30分],0.53,0,0,0,0,0.34,0,0.34,4.09,4.09
20250308B07,最低落札価格（電源属地別）[円/kW・30分],0.53,0,0,0,0,0.34,0,0.34,4.09,0.34
20250308B07,平均落札価格（電源属地別）[円/kW・30分],0.53,0,0,0,0,0.34,0,0.34,4.09,0.87
20250308B07,最高落札価格（TSO別）[円/kW・30分],0.53,0,0,0,0.34,0.34,0.34,0.34,4.09,4.09
20250308B07,最低落札価格（TSO別）[円/kW・30分],0.53,0,0,0,0.34,0.34,0.34,0.34,4.09,0.34
20250308B07,平均落札価格（TSO別）[円/kW・30分],0.53,0,0,0,0.34,0.34,0.34,0.34,4.09,0.87
20250308B07,落札量合計（TSO別）[MW],48,0,0,0,1,18,2,9,10,88
20250308B07,（内訳）自エリアからの落札量[MW],48,0,0,0,0,18,0,9,10,85
20250308B08,募集量（TSO別）[MW],28,0,0,0,0,0,0,1,2,31
20250308B08,応札量合計（電源属地別）[MW],108.8,35,0,17.3,0,0,14,5,10,190.1
20250308B08,落札量合計（電源属地別）[MW],28,0,0,0,0,0,0,1,10,39
20250308B08,応札件数（電源属地別）[件],3,2,0,2,0,0,1,1,1,10
20250308B08,落札件数（電源属地別）[件],1,0,0,0,0,0,0,1,1,3
20250308B08,最高落札価格（電源属地別）[円/kW・30分],0.33,0,0,0,0,0,0,0.34,3.01,3.01
20250308B08,最低落札価格（電源属地別）[円/kW・30分],0.33,0,0,0,0,0,0,0.34,3.01,0.33
20250308B08,平均落札価格（電源属地別）[円/kW・30分],0.33,0,0,0,0,0,0,0.34,3.01,1.02
20250308B08,最高落札価格（TSO別）[円/kW・30分],0.33,0,0,0,0,0,0,0.34,3.01,3.01
20250308B08,最低落札価格（TSO別）[円/kW・30分],0.33,0,0,0,0,0,0,0.34,3.01,0.33
20250308B08,平均落札価格（TSO別）[円/kW・30分],0.33,0,0,0,0,0,0,0.34,3.01,1.02
20250308B08,落札量合計（TSO別）[MW],28,0,0,0,0,0,0,1,10,39
20250308B08,（内訳）自エリアからの落札量[MW],28,0,0,0,0,0,0,1,10,39
20250309B01,募集量（TSO別）[MW],0,0,0,1,0,0,0,7,4,12
20250309B01,応札量合計（電源属地別）[MW],116,23,20.864,62.41,0,0,122.919,7,191,543.193
20250309B01,落札量合計（電源属地別）[MW],12,0,0,0,0,0,0,0,0,12
20250309B01,応札件数（電源属地別）[件],2,1,1,2,0,0,4,1,2,13
20250309B01,落札件数（電源属地別）[件],1,0,0,0,0,0,0,0,0,1
20250309B01,最高落札価格（電源属地別）[円/kW・30分],0.33,0,0,0,0,0,0,0,0,0.33
20250309B01,最低落札価格（電源属地別）[円/kW・30分],0.33,0,0,0,0,0,0,0,0,0.33
20250309B01,平均落札価格（電源属地別）[円/kW・30分],0.33,0,0,0,0,0,0,0,0,0.33
20250309B01,最高落札価格（TSO別）[円/kW・30分],0,0,0,0.33,0,0,0,0.33,0.33,0.33
20250309B01,最低落札価格（TSO別）[円/kW・30分],0,0,0,0.33,0,0,0,0.33,0.33,0.33
20250309B01,平均落札価格（TSO別）[円/kW・30分],0,0,0,0.33,0,0,0,0.33,0.33,0.33
20250309B01,落札量合計（TSO別）[MW],0,0,0,1,0,0,0,7,4,12
20250309B01,（内訳）自エリアからの落札量[MW],0,0,0,0,0,0,0,0,0,0
20250309B02,募集量（TSO別）[MW],45,0,0,0,2,0,4,2,11,64
20250309B02,応札量合計（電源属地別）[MW],100,105,191.194,12.8,2,0,129.286,5,64,609.28
20250309B02,落札量合計（電源属地別）[MW],45,0,19,0,0,0,0,0,0,64
20250309B02,応札件数（電源属地別）[件],2,3,2,1,1,0,4,1,1,15
20250309B02,落札件数（電源属地別）[件],1,0,1,0,0,0,0,0,0,2
20250309B02,最高落札価格（電源属地別）[円/kW・30分],0.34,0,0.33,0,0,0,0,0,0,0.34
20250309B02,最低落札価格（電源属地別）[円/kW・30分],0.34,0,0.33,0,0,0,0,0,0,0.33
20250309B02,平均落札価格（電源属地別）[円/kW・30分],0.34,0,0.33,0,0,0,0,0,0,0.34
20250309B02,最高落札価格（TSO別）[円/kW・30分],0.34,0,0,0,0.33,0,0.33,0.33,0.33,0.34
20250309B02,最低落札価格（TSO別）[円/kW・30分],0.34,0,0,0,0.33,0,0.33,0.33,0.33,0.33
20250309B02,平均落札価格（TSO別）[円/kW・30分],0.34,0,0,0,0.33,0,0.33,0.33,0.33,0.34
20250309B02,落札量合計（TSO別）[MW],45,0,0,0,2,0,4,2,11,64
20250309B02,（内訳）自エリアからの落札量[MW],45,0,0,0,0,0,0,0,0,45
20250309B03,募集量（TSO別）[MW],29,0,212,116,8,35,0,46,35,481
20250309B03,応札量合計（電源属地別）[MW],94,35,1165.042,732.438,8,117.106,23.212,46,431,2651.798
20250309B03,落札量合計（電源属地別）[MW],29,0,212,150,0,34.788,9.212,46,0,481
20250309B03,応札件数（電源属地別）[件],2,2,10,6,1,3,2,1,3,30
20250309B03,落札件数（電源属地別）[件],1,0,1,1,0,2,1,1,0,7
20250309B03,最高落札価格（電源属地別）[円/kW・30分],0.34,0,0.33,0.34,0,0.34,0.34,0.34,0,0.34
20250309B03,最低落札価格（電源属地別）[円/kW・30分],0.34,0,0.33,0.34,0,0.34,0.34,0.34,0,0.33
20250309B03,平均落札価格（電源属地別）[円/kW・30分],0.34,0,0.33,0.34,0,0.34,0.34,0.34,0,0.34
20250309B03,最高落札価格（TSO別）[円/kW・30分],0.34,0,0.33,0.34,0.34,0.34,0,0.34,0.34,0.34
20250309B03,最低落札価格（TSO別）[円/kW・30分],0.34,0,0.33,0.34,0.34,0.34,0,0.34,0.34,0.33
20250309B03,平均落札価格（TSO別）[円/kW・30分],0.34,0,0.33,0.34,0.34,0.34,0,0.34,0.34,0.34
20250309B03,落札量合計（TSO別）[MW],29,0,212,116,8,35,0,46,35,481
20250309B03,（内訳）自エリアからの落札量[MW],29,0,212,116,0,34.788,0,46,0,437.788
20250309B04,募集量（TSO別）[MW],46,166,243,50,12,166,75,86,59,903
20250309B04,応札量合計（電源属地別）[MW],333,275,905.826,1787.8,12,555.416,104,287,1721,5981.042
20250309B04,落札量合計（電源属地別）[MW],46,0,409,0,12,216,75,86,59,903
20250309B04,応札件数（電源属地別）[件],3,5,9,5,1,3,2,3,9,40
20250309B04,落札件数（電源属地別）[件],1,0,2,0,1,1,1,2,1,9
20250309B04,最高落札価格（電源属地別）[円/kW・30分],0.34,0,0.33,0,0.34,0.34,0.34,0.34,0.34,0.34
20250309B04,最低落札価格（電源属地別）[円/kW・30分],0.34,0,0.33,0,0.34,0.34,0.34,0.33,0.34,0.33
20250309B04,平均落札価格（電源属地別）[円/kW・30分],0.34,0,0.33,0,0.34,0.34,0.34,0.33,0.34,0.33
20250309B04,最高落札価格（TSO別）[円/kW・30分],0.34,0.33,0.33,0.34,0.34,0.34,0.34,0.34,0.34,0.34
20250309B04,最低落札価格（TSO別）[円/kW・30分],0.34,0.33,0.33,0.34,0.34,0.34,0.34,0.33,0.34,0.33
20250309B04,平均落札価格（TSO別）[円/kW・30分],0.34,0.33,0.33,0.34,0.34,0.34,0.34,0.33,0.34,0.33
20250309B04,落札量合計（TSO別）[MW],46,166,243,50,12,166,75,86,59,903
20250309B04,（内訳）自エリアからの落札量[MW],46,0,243,0,12,166,75,86,59,687
20250309B05,募集量（TSO別）[MW],79,0,571,0,28,368,83,80,170,1379
20250309B05,応札量合計（電源属地別）[MW],333,187,1416.592,2009.596,28,1262.18,106.718,281,1293,6917.086
20250309B05,落札量合計（電源属地別）[MW],79,0,571,0,28,368,83,100,170,1399
20250309B05,応札件数（電源属地別）[件],3,4,10,8,1,5,4,3,9,47
20250309B05,落札件数（電源属地別）[件],1,0,4,0,1,1,1,1,4,13
20250309B05,最高落札価格（電源属地別）[円/kW・30分],0.34,0,0.34,0,0.34,0.34,0.34,0.24,0.34,0.34
20250309B05,最低落札価格（電源属地別）[円/kW・30分],0.34,0,0.33,0,0.34,0.34,0.34,0.24,0.34,0.24
20250309B05,平均落札価格（電源属地別）[円/kW・30分],0.34,0,0.33,0,0.34,0.34,0.34,0.24,0.34,0.33
20250309B05,最高落札価格（TSO別）[円/kW・30分],0.34,0,0.34,0,0.34,0.34,0.34,0.24,0.34,0.34
20250309B05,最低落札価格（TSO別）[円/kW・30分],0.34,0,0.33,0,0.34,0.34,0.34,0.24,0.34,0.24
20250309B05,平均落札価格（TSO別）[円/kW・30分],0.34,0,0.33,0,0.34,0.34,0.34,0.24,0.34,0.33
20250309B05,落札量合計（TSO別）[MW],79,0,571,0,28,368,83,100,170,1399
20250309B05,（内訳）自エリアからの落札量[MW],79,0,571,0,28,368,83,100,170,1399
20250309B06,募集量（TSO別）[MW],102,0,756,0,0,19,73,9,15,974
20250309B06,応札量合計（電源属地別）[MW],169,35,1029.17,688.8,0,94.467,89,9,683.924,2798.361
20250309B06,落札量合計（電源属地別）[MW],102,0,756,0,0,32,75,9,0,974
20250309B06,応札件数（電源属地別）[件],3,2,7,3,0,4,2,1,5,27
20250309B06,落札件数（電源属地別）[件],2,0,4,0,0,1,1,1,0,9
20250309B06,最高落札価格（電源属地別）[円/kW・30分],0.34,0,6.55,0,0,0.34,0.34,0.34,0,6.55
20250309B06,最低落札価格（電源属地別）[円/kW・30分],0.34,0,0.33,0,0,0.34,0.34,0.34,0,0.33
20250309B06,平均落札価格（電源属地別）[円/kW・30分],0.34,0,1.94,0,0,0.34,0.34,0.34,0,1.58
20250309B06,最高落札価格（TSO別）[円/kW・30分],0.34,0,6.55,0,0,0.34,0.34,0.34,0.34,6.55
20250309B06,最低落札価格（TSO別）[円/kW・30分],0.34,0,0.33,0,0,0.34,0.34,0.34,0.34,0.33
20250309B06,平均落札価格（TSO別）[円/kW・30分],0.34,0,1.94,0,0,0.34,0.34,0.34,0.34,1.58
20250309B06,落札量合計（TSO別）[MW],102,0,756,0,0,19,73,9,15,974
20250309B06,（内訳）自エリアからの落札量[MW],102,0,756,0,0,19,73,9,0,959
20250309B07,募集量（TSO別）[MW],48,63,0,0,1,18,2,6,4,142
20250309B07,応札量合計（電源属地別）[MW],139,35,196.262,520.8,1,60.226,19,46,142,1159.288
20250309B07,落札量合計（電源属地別）[MW],76,35,0,0,0,25,0,6,0,142
20250309B07,応札件数（電源属地別）[件],2,2,4,3,1,3,2,2,2,21
20250309B07,落札件数（電源属地別）[件],1,2,0,0,0,1,0,1,0,5
20250309B07,最高落札価格（電源属地別）[円/kW・30分],0.34,0.34,0,0,0,0.34,0,0.34,0,0.34
20250309B07,最低落札価格（電源属地別）[円/kW・30分],0.34,0.34,0,0,0,0.34,0,0.34,0,0.34
20250309B07,平均落札価格（電源属地別）[円/kW・30分],0.34,0.34,0,0,0,0.34,0,0.34,0,0.34
20250309B07,最高落札価格（TSO別）[円/kW・30分],0.34,0.34,0,0,0.34,0.34,0.34,0.34,0.34,0.34
20250309B07,最低落札価格（TSO別）[円/kW・30分],0.34,0.34,0,0,0.34,0.34,0.34,0.34,0.34,0.34
20250309B07,平均落札価格（TSO別）[円/kW・30分],0.34,0.34,0,0,0.34,0.34,0.34,0.34,0.34,0.34
20250309B07,落札量合計（TSO別）[MW],48,63,0,0,1,18,2,6,4,142
20250309B07,（内訳）自エリアからの落札量[MW],48,35,0,0,0,18,0,6,0,107
20250309B08,募集量（TSO別）[MW],28,121,0,5,0,10,0,6,4,174
20250309B08,応札量合計（電源属地別）[MW],155,35,0,12.8,0,33.458,14,6,10,266.258
20250309B08,落札量合計（電源属地別）[MW],114,35,0,0,0,19,0,6,0,174
20250309B08,応札件数（電源属地別）[件],2,2,0,1,0,3,1,1,1,11
20250309B08,落札件数（電源属地別）[件],2,2,0,0,0,3,0,1,0,8
20250309B08,最高落札価格（電源属地別）[円/kW・30分],49,0.34,0,0,0,0.34,0,0.34,0,49
20250309B08,最低落札価格（電源属地別）[円/kW・30分],0.34,0.34,0,0,0,0.34,0,0.34,0,0.34
20250309B08,平均落札価格（電源属地別）[円/kW・30分],23.39,0.34,0,0,0,0.34,0,0.34,0,15.44
20250309B08,最高落札価格（TSO別）[円/kW・30分],0.34,49,0,0.34,0,0.34,0,0.34,0.34,49
20250309B08,最低落札価格（TSO別）[円/kW・30分],0.34,0.34,0,0.34,0,0.34,0,0.34,0.34,0.34
20250309B08,平均落札価格（TSO別）[円/kW・30分],0.34,22.06,0,0.34,0,0.34,0,0.34,0.34,15.44
20250309B08,落札量合計（TSO別）[MW],28,121,0,5,0,10,0,6,4,174
20250309B08,（内訳）自エリアからの落札量[MW],28,35,0,0,0,10,0,6,0,79
20250310B01,募集量（TSO別）[MW],0,0,0,1,0,0,0,1,0,2
20250310B01,応札量合計（電源属地別）[MW],182,23,183.424,17.8,0,0,14,5,0,425.224
20250310B01,落札量合計（電源属地別）[MW],0,0,0,5,0,0,0,0,0,5
20250310B01,応札件数（電源属地別）[件],3,1,2,2,0,0,1,1,0,10
20250310B01,落札件数（電源属地別）[件],0,0,0,1,0,0,0,0,0,1
20250310B01,最高落札価格（電源属地別）[円/kW・30分],0,0,0,90.5,0,0,0,0,0,90.5
20250310B01,最低落札価格（電源属地別）[円/kW・30分],0,0,0,90.5,0,0,0,0,0,90.5
20250310B01,平均落札価格（電源属地別）[円/kW・30分],0,0,0,90.5,0,0,0,0,0,90.5
20250310B01,最高落札価格（TSO別）[円/kW・30分],0,0,0,90.5,0,0,0,90.5,0,90.5
20250310B01,最低落札価格（TSO別）[円/kW・30分],0,0,0,90.5,0,0,0,90.5,0,90.5
20250310B01,平均落札価格（TSO別）[円/kW・30分],0,0,0,90.5,0,0,0,90.5,0,90.5
20250310B01,落札量合計（TSO別）[MW],0,0,0,4,0,0,0,1,0,5
20250310B01,（内訳）自エリアからの落札量[MW],0,0,0,4,0,0,0,0,0,4
20250310B02,募集量（TSO別）[MW],0,32,0,0,0,0,4,2,0,38
20250310B02,応札量合計（電源属地別）[MW],142.8,23,111.492,73.832,0,0,19,5,0,375.124
20250310B02,落札量合計（電源属地別）[MW],0,0,32,0,0,0,4,2,0,38
20250310B02,応札件数（電源属地別）[件],3,1,2,4,0,0,2,1,0,13
20250310B02,落札件数（電源属地別）[件],0,0,1,0,0,0,1,1,0,3
20250310B02,最高落札価格（電源属地別）[円/kW・30分],0,0,0.34,0,0,0,0.34,0.34,0,0.34
20250310B02,最低落札価格（電源属地別）[円/kW・30分],0,0,0.34,0,0,0,0.34,0.34,0,0.34
20250310B02,平均落札価格（電源属地別）[円/kW・30分],0,0,0.34,0,0,0,0.34,0.34,0,0.34
20250310B02,最高落札価格（TSO別）[円/kW・30分],0,0.34,0,0,0,0,0.34,0.34,0,0.34
20250310B02,最低落札価格（TSO別）[円/kW・30分],0,0.34,0,0,0,0,0.34,0.34,0,0.34
20250310B02,平均落札価格（TSO別）[円/kW・30分],0,0.34,0,0,0,0,0.34,0.34,0,0.34
20250310B02,落札量合計（TSO別）[MW],0,32,0,0,0,0,4,2,0,38
20250310B02,（内訳）自エリアからの落札量[MW],0,0,0,0,0,0,4,2,0,6
20250310B03,募集量（TSO別）[MW],157,8,35,116,12,35,0,46,70,479
20250310B03,応札量合計（電源属地別）[MW],211,23,659.07,308.4,12,297.45,14,46,123,1693.92
20250310B03,落札量合計（電源属地別）[MW],157,0,79.5,0,0,207.989,0,46,25.011,515.5
20250310B03,応札件数（電源属地別）[件],3,1,6,6,1,3,1,1,2,24
20250310B03,落札件数（電源属地別）[件],2,0,1,0,0,2,0,1,1,7
20250310B03,最高落札価格（電源属地別）[円/kW・30分],1.75,0,0.33,0,0,0.34,0,0.34,3.15,3.15
20250310B03,最低落札価格（電源属地別）[円/kW・30分],0.34,0,0.33,0,0,0.34,0,0.34,3.15,0.33
20250310B03,平均落札価格（電源属地別）[円/kW・30分],0.84,0,0.33,0,0,0.34,0,0.34,3.15,0.63
20250310B03,最高落札価格（TSO別）[円/kW・30分],1.75,0.33,0.33,0.34,0.34,0.34,0,0.34,3.15,3.15
20250310B03,最低落札価格（TSO別）[円/kW・30分],0.34,0.33,0.33,0.34,0.34,0.34,0,0.34,0.34,0.33
20250310B03,平均落札価格（TSO別）[円/kW・30分],0.84,0.33,0.33,0.34,0.34,0.34,0,0.34,1.34,0.63
20250310B03,落札量合計（TSO別）[MW],157,8,71.5,116,12,35,0,46,70,515.5
20250310B03,（内訳）自エリアからの落札量[MW],157,0,71.5,0,0,35,0,46,25.011,334.511
20250310B04,募集量（TSO別）[MW],47,2,316,50,0,166,61,108,167,917
20250310B04,応札量合計（電源属地別）[MW],155,117,2057.828,1137.1,0,1432.363,101.246,72,907,5979.537
20250310B04,落札量合計（電源属地別）[MW],0,49,316,0,0,313,0,72,167,917
20250310B04,応札件数（電源属地別）[件],2,3,24,10,0,6,3,1,8,57
20250310B04,落札件数（電源属地別）[件],0,1,2,0,0,1,0,1,4,9
20250310B04,最高落札価格（電源属地別）[円/kW・30分],0,0.32,0.34,0,0,0.34,0,0.34,0.34,0.34
20250310B04,最低落札価格（電源属地別）[円/kW・30分],0,0.32,0.33,0,0,0.34,0,0.34,0.34,0.32
20250310B04,平均落札価格（電源属地別）[円/kW・30分],0,0.32,0.34,0,0,0.34,0,0.34,0.34,0.34
20250310B04,最高落札価格（TSO別）[円/kW・30分],0.32,0.32,0.34,0.34,0,0.34,0.34,0.34,0.34,0.34
20250310B04,最低落札価格（TSO別）[円/kW・30分],0.32,0.32,0.33,0.34,0,0.34,0.34,0.34,0.34,0.32
20250310B04,平均落札価格（TSO別）[円/kW・30分],0.32,0.32,0.34,0.34,0,0.34,0.34,0.34,0.34,0.34
20250310B04,落札量合計（TSO別）[MW],47,2,316,50,0,166,61,108,167,917
20250310B04,（内訳）自エリアからの落札量[MW],0,2,316,0,0,166,0,72,167,723
20250310B05,募集量（TSO別）[MW],91,0,598,0,3,368,180,89,397,1726
20250310B05,応札量合計（電源属地別）[MW],320,294.5,3281.269,782.747,3,2493.044,214.127,285,397,8070.687
20250310B05,落札量合計（電源属地別）[MW],91,0,598,0,3,595.047,122.953,100,227,1737
20250310B05,応札件数（電源属地別）[件],3,7,24,9,1,8,4,2,3,61
20250310B05,落札件数（電源属地別）[件],1,0,4,0,1,2,2,1,3,14
20250310B05,最高落札価格（電源属地別）[円/kW・30分],0.34,0,0.34,0,0.34,0.34,0.34,0.19,1.66,1.66
20250310B05,最低落札価格（電源属地別）[円/kW・30分],0.34,0,0.33,0,0.34,0.34,0.34,0.19,0.73,0.19
20250310B05,平均落札価格（電源属地別）[円/kW・30分],0.34,0,0.34,0,0.34,0.34,0.34,0.19,1.54,0.49
20250310B05,最高落札価格（TSO別）[円/kW・30分],0.34,0,0.34,0,0.34,0.34,0.34,0.19,1.66,1.66
20250310B05,最低落札価格（TSO別）[円/kW・30分],0.34,0,0.33,0,0.34,0.34,0.34,0.19,0.34,0.19
20250310B05,平均落札価格（TSO別）[円/kW・30分],0.34,0,0.34,0,0.34,0.34,0.34,0.19,1.02,0.49
20250310B05,落札量合計（TSO別）[MW],91,0,598,0,3,368,180,100,397,1737
20250310B05,（内訳）自エリアからの落札量[MW],91,0,598,0,3,368,122.953,100,227,1509.953
20250310B06,募集量（TSO別）[MW],68,7,0,124,6,19,85,0,155,464
20250310B06,応札量合計（電源属地別）[MW],122,117,871.691,554.5,6,184.22,99,0,155,2109.411
20250310B06,落札量合計（電源属地別）[MW],68,7,0,0,0,161.474,85,0,142.526,464
20250310B06,応札件数（電源属地別）[件],2,3,16,6,1,6,2,0,1,37
20250310B06,落札件数（電源属地別）[件],1,1,0,0,0,3,1,0,1,7
20250310B06,最高落札価格（電源属地別）[円/kW・30分],0.34,0.34,0,0,0,0.34,0.92,0,2.28,2.28
20250310B06,最低落札価格（電源属地別）[円/kW・30分],0.34,0.34,0,0,0,0.34,0.92,0,2.28,0.34
20250310B06,平均落札価格（電源属地別）[円/kW・30分],0.34,0.34,0,0,0,0.34,0.92,0,2.28,1.04
20250310B06,最高落札価格（TSO別）[円/kW・30分],0.34,0.34,0,0.34,0.34,0.34,0.92,0,2.28,2.28
20250310B06,最低落札価格（TSO別）[円/kW・30分],0.34,0.34,0,0.34,0.34,0.34,0.92,0,0.34,0.34
20250310B06,平均落札価格（TSO別）[円/kW・30分],0.34,0.34,0,0.34,0.34,0.34,0.92,0,2.12,1.04
20250310B06,落札量合計（TSO別）[MW],68,7,0,124,6,19,85,0,155,464
20250310B06,（内訳）自エリアからの落札量[MW],68,7,0,0,0,19,85,0,142.526,321.526
20250310B07,募集量（TSO別）[MW],145,0,0,0,0,18,0,7,11,181
20250310B07,応札量合計（電源属地別）[MW],101,117,557.492,536.9,0,152.974,14,7,36,1522.366
20250310B07,落札量合計（電源属地別）[MW],50.8,94.2,0,0,0,29,0,7,0,181
20250310B07,応札件数（電源属地別）[件],1,3,7,10,0,3,1,1,1,27
20250310B07,落札件数（電源属地別）[件],1,3,0,0,0,1,0,1,0,6
20250310B07,最高落札価格（電源属地別）[円/kW・30分],0.48,0.34,0,0,0,0.34,0,0.34,0,0.48
20250310B07,最低落札価格（電源属地別）[円/kW・30分],0.48,0.32,0,0,0,0.34,0,0.34,0,0.32
20250310B07,平均落札価格（電源属地別）[円/kW・30分],0.48,0.32,0,0,0,0.34,0,0.34,0,0.37
20250310B07,最高落札価格（TSO別）[円/kW・30分],0.48,0,0,0,0,0.34,0,0.34,0.34,0.48
20250310B07,最低落札価格（TSO別）[円/kW・30分],0.32,0,0,0,0,0.34,0,0.34,0.34,0.32
20250310B07,平均落札価格（TSO別）[円/kW・30分],0.38,0,0,0,0,0.34,0,0.34,0.34,0.37
20250310B07,落札量合計（TSO別）[MW],145,0,0,0,0,18,0,7,11,181
20250310B07,（内訳）自エリアからの落札量[MW],50.8,0,0,0,0,18,0,7,0,75.8
20250310B08,募集量（TSO別）[MW],174,0,0,0,0,11,0,20,1,206
20250310B08,応札量合計（電源属地別）[MW],191.8,35,207.37,138.688,0,93.485,14,20,10,710.343
20250310B08,落札量合計（電源属地別）[MW],174,0,0,0,0,12,0,20,0,206
20250310B08,応札件数（電源属地別）[件],3,2,2,6,0,3,1,1,1,19
20250310B08,落札件数（電源属地別）[件],2,0,0,0,0,1,0,1,0,4
20250310B08,最高落札価格（電源属地別）[円/kW・30分],24.54,0,0,0,0,0.34,0,0.34,0,24.54
20250310B08,最低落札価格（電源属地別）[円/kW・30分],0.34,0,0,0,0,0.34,0,0.34,0,0.34
20250310B08,平均落札価格（電源属地別）[円/kW・30分],10.49,0,0,0,0,0.34,0,0.34,0,8.92
20250310B08,最高落札価格（TSO別）[円/kW・30分],24.54,0,0,0,0,0.34,0,0.34,0.34,24.54
20250310B08,最低落札価格（TSO別）[円/kW・30分],0.34,0,0,0,0,0.34,0,0.34,0.34,0.34
20250310B08,平均落札価格（TSO別）[円/kW・30分],10.49,0,0,0,0,0.34,0,0.34,0.34,8.92
20250310B08,落札量合計（TSO別）[MW],174,0,0,0,0,11,0,20,1,206
20250310B08,（内訳）自エリアからの落札量[MW],174,0,0,0,0,11,0,20,0,205
20250311B01,募集量（TSO別）[MW],0,14,0,0,0,0,0,3,0,17
20250311B01,応札量合計（電源属地別）[MW],129.8,23,182.002,13,0,0,73.4,5,0,426.202
20250311B01,落札量合計（電源属地別）[MW],0,0,17,0,0,0,0,0,0,17
20250311B01,応札件数（電源属地別）[件],3,1,4,1,0,0,2,1,0,12
20250311B01,落札件数（電源属地別）[件],0,0,1,0,0,0,0,0,0,1
20250311B01,最高落札価格（電源属地別）[円/kW・30分],0,0,0.33,0,0,0,0,0,0,0.33
20250311B01,最低落札価格（電源属地別）[円/kW・30分],0,0,0.33,0,0,0,0,0,0,0.33
20250311B01,平均落札価格（電源属地別）[円/kW・30分],0,0,0.33,0,0,0,0,0,0,0.33
20250311B01,最高落札価格（TSO別）[円/kW・30分],0,0.33,0,0,0,0,0,0.33,0,0.33
20250311B01,最低落札価格（TSO別）[円/kW・30分],0,0.33,0,0,0,0,0,0.33,0,0.33
20250311B01,平均落札価格（TSO別）[円/kW・30分],0,0.33,0,0,0,0,0,0.33,0,0.33
20250311B01,落札量合計（TSO別）[MW],0,14,0,0,0,0,0,3,0,17
20250311B01,（内訳）自エリアからの落札量[MW],0,0,0,0,0,0,0,0,0,0
20250311B02,募集量（TSO別）[MW],25,32,0,7,2,0,4,3,0,73
20250311B02,応札量合計（電源属地別）[MW],101,105,154.874,13,2,0,19,5,16,415.874
20250311B02,落札量合計（電源属地別）[MW],25,0,48,0,0,0,0,0,0,73
20250311B02,応札件数（電源属地別）[件],1,3,5,1,1,0,2,1,1,15
20250311B02,落札件数（電源属地別）[件],1,0,1,0,0,0,0,0,0,2
20250311B02,最高落札価格（電源属地別）[円/kW・30分],0.34,0,0.33,0,0,0,0,0,0,0.34
20250311B02,最低落札価格（電源属地別）[円/kW・30分],0.34,0,0.33,0,0,0,0,0,0,0.33
20250311B02,平均落札価格（電源属地別）[円/kW・30分],0.34,0,0.33,0,0,0,0,0,0,0.33
20250311B02,最高落札価格（TSO別）[円/kW・30分],0.34,0.33,0,0.33,0.33,0,0.33,0.33,0,0.34
20250311B02,最低落札価格（TSO別）[円/kW・30分],0.34,0.33,0,0.33,0.33,0,0.33,0.33,0,0.33
20250311B02,平均落札価格（TSO別）[円/kW・30分],0.34,0.33,0,0.33,0.33,0,0.33,0.33,0,0.33
20250311B02,落札量合計（TSO別）[MW],25,32,0,7,2,0,4,3,0,73
20250311B02,（内訳）自エリアからの落札量[MW],25,0,0,0,0,0,0,0,0,25
20250311B03,募集量（TSO別）[MW],157,0,225,369,6,0,142,0,73,972
20250311B03,応札量合計（電源属地別）[MW],116.7,131,1025.886,278.736,6,0,168.348,0,73,1799.67
20250311B03,落札量合計（電源属地別）[MW],116.7,0,225,278.736,6,0,168.348,0,73,867.784
20250311B03,応札件数（電源属地別）[件],2,2,8,5,1,0,3,0,1,22
20250311B03,落札件数（電源属地別）[件],2,0,1,5,1,0,3,0,1,13
20250311B03,最高落札価格（電源属地別）[円/kW・30分],48.9,0,0.34,94,4.58,0,95,0,2.58,95
20250311B03,最低落札価格（電源属地別）[円/kW・30分],0.34,0,0.34,4.5,4.58,0,18.68,0,2.58,0.34
20250311B03,平均落札価格（電源属地別）[円/kW・30分],6.87,0,0.34,12.59,4.58,0,25.03,0,2.58,10.16
20250311B03,最高落札価格（TSO別）[円/kW・30分],48.9,0,0.34,95,4.58,0,18.68,0,2.58,95
20250311B03,最低落札価格（TSO別）[円/kW・30分],0.34,0,0.34,4.5,4.58,0,18.68,0,2.58,0.34
20250311B03,平均落札価格（TSO別）[円/kW・30分],6.87,0,0.34,16.61,4.58,0,18.68,0,2.58,10.16
20250311B03,落札量合計（TSO別）[MW],116.7,0,225,305.084,6,0,142,0,73,867.784
20250311B03,（内訳）自エリアからの落札量[MW],116.7,0,225,278.736,6,0,142,0,73,841.436
20250311B04,募集量（TSO別）[MW],47,219,649,656,19,238,96,105,166,2195
20250311B04,応札量合計（電源属地別）[MW],168,105,1606.648,274.3,19,800.954,111.246,72,328,3485.148
20250311B04,落札量合計（電源属地別）[MW],47,65,803,274.3,0,630.9,10,72,0,1902.2
20250311B04,応札件数（電源属地別）[件],2,4,10,6,1,4,4,1,6,38
20250311B04,落札件数（電源属地別）[件],1,3,2,6,0,3,1,1,0,17
20250311B04,最高落札価格（電源属地別）[円/kW・30分],0.34,0.34,0.34,200,0,0.34,0.34,0.34,0,200
20250311B04,最低落札価格（電源属地別）[円/kW・30分],0.34,0.34,0.33,6.61,0,0.34,0.34,0.34,0,0.33
20250311B04,平均落札価格（電源属地別）[円/kW・30分],0.34,0.34,0.33,14.89,0,0.34,0.34,0.34,0,2.44
20250311B04,最高落札価格（TSO別）[円/kW・30分],0.34,0.34,0.34,200,0.34,0.34,0.34,0.34,0.34,200
20250311B04,最低落札価格（TSO別）[円/kW・30分],0.34,0.34,0.33,0.34,0.34,0.34,0.34,0.34,0.34,0.33
20250311B04,平均落札価格（TSO別）[円/kW・30分],0.34,0.34,0.33,11.33,0.34,0.34,0.34,0.34,0.34,2.44
20250311B04,落札量合計（TSO別）[MW],47,219,649,363.2,19,238,96,105,166,1902.2
20250311B04,（内訳）自エリアからの落札量[MW],47,65,649,274.3,0,238,10,72,0,1355.3
20250311B05,募集量（TSO別）[MW],91,0,1234,805,17,937,219,153,358,3814
20250311B05,応札量合計（電源属地別）[MW],252,126,2634.621,856.551,17,2497.887,258.348,72,402,7116.407
20250311B05,落札量合計（電源属地別）[MW],91,0,1234,805,0,1164,90,72,358,3814
20250311B05,応札件数（電源属地別）[件],2,4,22,11,1,6,4,1,3,54
20250311B05,落札件数（電源属地別）[件],1,0,4,7,0,3,1,1,3,20
20250311B05,最高落札価格（電源属地別）[円/kW・30分],0.34,0,0.34,6.23,0,0.34,0.34,0.34,1.51,6.23
20250311B05,最低落札価格（電源属地別）[円/kW・30分],0.34,0,0.33,2.83,0,0.34,0.34,0.34,0.34,0.33
20250311B05,平均落札価格（電源属地別）[円/kW・30分],0.34,0,0.34,5.52,0,0.34,0.34,0.34,1.11,1.5
20250311B05,最高落札価格（TSO別）[円/kW・30分],0.34,0,0.34,6.23,0.34,0.34,0.34,0.34,1.51,6.23
20250311B05,最低落札価格（TSO別）[円/kW・30分],0.34,0,0.33,2.83,0.34,0.34,0.34,0.34,0.34,0.33
20250311B05,平均落札価格（TSO別）[円/kW・30分],0.34,0,0.34,5.52,0.34,0.34,0.34,0.34,1.11,1.5
20250311B05,落札量合計（TSO別）[MW],91,0,1234,805,17,937,219,153,358,3814
20250311B05,（内訳）自エリアからの落札量[MW],91,0,1234,805,0,937,90,72,358,3587
20250311B06,募集量（TSO別）[MW],75,0,1312,209,0,437,0,50,155,2238
20250311B06,応札量合計（電源属地別）[MW],101,117,1947.407,936,11,1480.566,57.623,50,155,4855.596
20250311B06,落札量合計（電源属地別）[MW],75,0,1312,116,0,597,0,50,88,2238
20250311B06,応札件数（電源属地別）[件],1,3,16,8,1,5,2,1,2,39
20250311B06,落札件数（電源属地別）[件],1,0,4,1,0,2,0,1,1,10
20250311B06,最高落札価格（電源属地別）[円/kW・30分],0.34,0,0.34,6.73,0,0.34,0,0.34,2.67,6.73
20250311B06,最低落札価格（電源属地別）[円/kW・30分],0.34,0,0.33,6.73,0,0.34,0,0.34,2.67,0.33
20250311B06,平均落札価格（電源属地別）[円/kW・30分],0.34,0,0.34,6.73,0,0.34,0,0.34,2.67,0.76
20250311B06,最高落札価格（TSO別）[円/kW・30分],0.34,0,0.34,6.73,0,0.34,0,0.34,2.67,6.73
20250311B06,最低落札価格（TSO別）[円/kW・30分],0.34,0,0.33,0.34,0,0.34,0,0.34,0.34,0.33
20250311B06,平均落札価格（TSO別）[円/kW・30分],0.34,0,0.34,3.89,0,0.34,0,0.34,1.66,0.76
20250311B06,落札量合計（TSO別）[MW],75,0,1312,209,0,437,0,50,155,2238
20250311B06,（内訳）自エリアからの落札量[MW],75,0,1312,116,0,437,0,50,88,2078
20250311B07,募集量（TSO別）[MW],145,0,0,6,1,14,2,9,11,188
20250311B07,応札量合計（電源属地別）[MW],55.8,117,176.27,416,1,34.165,19,9,188,1016.235
20250311B07,落札量合計（電源属地別）[MW],0,70.1,74.9,0,0,34,0,9,0,188
20250311B07,応札件数（電源属地別）[件],2,3,3,4,1,2,2,1,3,21
20250311B07,落札件数（電源属地別）[件],0,1,1,0,0,2,0,1,0,5
20250311B07,最高落札価格（電源属地別）[円/kW・30分],0,0.32,0.33,0,0,0.34,0,0.34,0,0.34
20250311B07,最低落札価格（電源属地別）[円/kW・30分],0,0.32,0.33,0,0,0.34,0,0.34,0,0.32
20250311B07,平均落札価格（電源属地別）[円/kW・30分],0,0.32,0.33,0,0,0.34,0,0.34,0,0.33
20250311B07,最高落札価格（TSO別）[円/kW・30分],0.33,0,0,0.34,0.34,0.34,0.34,0.34,0.34,0.34
20250311B07,最低落札価格（TSO別）[円/kW・30分],0.32,0,0,0.34,0.34,0.34,0.34,0.34,0.34,0.32
20250311B07,平均落札価格（TSO別）[円/kW・30分],0.33,0,0,0.34,0.34,0.34,0.34,0.34,0.34,0.33
20250311B07,落札量合計（TSO別）[MW],145,0,0,6,1,14,2,9,11,188
20250311B07,（内訳）自エリアからの落札量[MW],0,0,0,0,0,14,0,9,0,23
20250311B08,募集量（TSO別）[MW],104,0,0,0,0,0,0,1,1,106
20250311B08,応札量合計（電源属地別）[MW],86,35,288.27,49,0,0,14,5,10,487.27
20250311B08,落札量合計（電源属地別）[MW],86,0,0,5,0,0,0,0,0,91
20250311B08,応札件数（電源属地別）[件],1,2,4,3,0,0,1,1,1,13
20250311B08,落札件数（電源属地別）[件],1,0,0,1,0,0,0,0,0,2
20250311B08,最高落札価格（電源属地別）[円/kW・30分],0.34,0,0,3.14,0,0,0,0,0,3.14
20250311B08,最低落札価格（電源属地別）[円/kW・30分],0.34,0,0,3.14,0,0,0,0,0,0.34
20250311B08,平均落札価格（電源属地別）[円/kW・30分],0.34,0,0,3.14,0,0,0,0,0,0.49
20250311B08,最高落札価格（TSO別）[円/kW・30分],0.34,0,0,3.14,0,0,0,3.14,3.14,3.14
20250311B08,最低落札価格（TSO別）[円/kW・30分],0.34,0,0,3.14,0,0,0,3.14,3.14,0.34
20250311B08,平均落札価格（TSO別）[円/kW・30分],0.34,0,0,3.14,0,0,0,3.14,3.14,0.49
20250311B08,落札量合計（TSO別）[MW],86,0,0,3,0,0,0,1,1,91
20250311B08,（内訳）自エリアからの落札量[MW],86,0,0,3,0,0,0,0,0,89
20250312B01,募集量（TSO別）[MW],0,14,0,0,0,0,0,0,0,14
20250312B01,応札量合計（電源属地別）[MW],92.8,23,219.856,71.004,0,0,104,0,0,510.66
20250312B01,落札量合計（電源属地別）[MW],14,0,0,0,0,0,0,0,0,14
20250312B01,応札件数（電源属地別）[件],2,1,3,3,0,0,2,0,0,11
20250312B01,落札件数（電源属地別）[件],1,0,0,0,0,0,0,0,0,1
20250312B01,最高落札価格（電源属地別）[円/kW・30分],0.33,0,0,0,0,0,0,0,0,0.33
20250312B01,最低落札価格（電源属地別）[円/kW・30分],0.33,0,0,0,0,0,0,0,0,0.33
20250312B01,平均落札価格（電源属地別）[円/kW・30分],0.33,0,0,0,0,0,0,0,0,0.33
20250312B01,最高落札価格（TSO別）[円/kW・30分],0,0.33,0,0,0,0,0,0,0,0.33
20250312B01,最低落札価格（TSO別）[円/kW・30分],0,0.33,0,0,0,0,0,0,0,0.33
20250312B01,平均落札価格（TSO別）[円/kW・30分],0,0.33,0,0,0,0,0,0,0,0.33
20250312B01,落札量合計（TSO別）[MW],0,14,0,0,0,0,0,0,0,14
20250312B01,（内訳）自エリアからの落札量[MW],0,0,0,0,0,0,0,0,0,0
20250312B02,募集量（TSO別）[MW],0,32,0,7,0,0,4,3,21,67
20250312B02,応札量合計（電源属地別）[MW],99,105,168.722,41.004,0,0,91.174,5,67,576.9
20250312B02,落札量合計（電源属地別）[MW],0,0,67,0,0,0,0,0,0,67
20250312B02,応札件数（電源属地別）[件],1,3,2,3,0,0,2,1,3,15
20250312B02,落札件数（電源属地別）[件],0,0,1,0,0,0,0,0,0,1
20250312B02,最高落札価格（電源属地別）[円/kW・30分],0,0,0.33,0,0,0,0,0,0,0.33
20250312B02,最低落札価格（電源属地別）[円/kW・30分],0,0,0.33,0,0,0,0,0,0,0.33
20250312B02,平均落札価格（電源属地別）[円/kW・30分],0,0,0.33,0,0,0,0,0,0,0.33
20250312B02,最高落札価格（TSO別）[円/kW・30分],0,0.33,0,0.33,0,0,0.33,0.33,0.33,0.33
20250312B02,最低落札価格（TSO別）[円/kW・30分],0,0.33,0,0.33,0,0,0.33,0.33,0.33,0.33
20250312B02,平均落札価格（TSO別）[円/kW・30分],0,0.33,0,0.33,0,0,0.33,0.33,0.33,0.33
20250312B02,落札量合計（TSO別）[MW],0,32,0,7,0,0,4,3,21,67
20250312B02,（内訳）自エリアからの落札量[MW],0,0,0,0,0,0,0,0,0,0
20250312B03,募集量（TSO別）[MW],157,13,85,369,2,0,78,15,70,789
20250312B03,応札量合計（電源属地別）[MW],116.7,24,1134.153,311,2,0,94,15,70,1766.853
20250312B03,落札量合計（電源属地別）[MW],116.7,13,85,311,2,0,94,15,70,706.7
20250312B03,応札件数（電源属地別）[件],2,2,13,6,1,0,2,1,1,28
20250312B03,落札件数（電源属地別）[件],2,2,1,6,1,0,2,1,1,16
20250312B03,最高落札価格（電源属地別）[円/kW・30分],48.9,0.34,0.34,94,3.09,0,95,0.34,2.2,95
20250312B03,最低落札価格（電源属地別）[円/kW・30分],0.34,0.34,0.34,3.12,3.09,0,0.53,0.34,2.2,0.34
20250312B03,平均落札価格（電源属地別）[円/kW・30分],6.87,0.34,0.34,12.28,3.09,0,14.6,0.34,2.2,8.76
20250312B03,最高落札価格（TSO別）[円/kW・30分],48.9,0.34,0.34,95,3.09,0,0.53,0.34,2.2,95
20250312B03,最低落札価格（TSO別）[円/kW・30分],0.34,0.34,0.34,0.53,3.09,0,0.53,0.34,2.2,0.34
20250312B03,平均落札価格（TSO別）[円/kW・30分],6.87,0.34,0.34,15.75,3.09,0,0.53,0.34,2.2,8.76
20250312B03,落札量合計（TSO別）[MW],116.7,13,85,327,2,0,78,15,70,706.7
20250312B03,（内訳）自エリアからの落札量[MW],116.7,13,85,311,2,0,78,15,70,690.7
20250312B04,募集量（TSO別）[MW],86,219,887,656,6,421,68,160,138,2641
20250312B04,応札量合計（電源属地別）[MW],223,106,1984.762,368,6,2295.998,99.246,72,832,5987.006
20250312B04,落札量合計（電源属地別）[MW],223,66,452.6,0,0,1689.4,0,72,138,2641
20250312B04,応札件数（電源属地別）[件],2,4,19,6,1,6,3,1,8,50
20250312B04,落札件数（電源属地別）[件],2,3,4,0,0,4,0,1,5,19
20250312B04,最高落札価格（電源属地別）[円/kW・30分],0.33,0.34,2.9,0,0,0.34,0,0.34,0.34,2.9
20250312B04,最低落札価格（電源属地別）[円/kW・30分],0.33,0.34,0.33,0,0,0.34,0,0.34,0.34,0.33
20250312B04,平均落札価格（電源属地別）[円/kW・30分],0.33,0.34,1.56,0,0,0.34,0,0.34,0.34,0.55
20250312B04,最高落札価格（TSO別）[円/kW・30分],0.33,0.34,2.9,0.34,0.34,0.34,0.34,0.34,0.34,2.9
20250312B04,最低落札価格（TSO別）[円/kW・30分],0.33,0.33,0.33,0.34,0.34,0.34,0.34,0.34,0.34,0.33
20250312B04,平均落札価格（TSO別）[円/kW・30分],0.33,0.33,0.96,0.34,0.34,0.34,0.34,0.34,0.34,0.55
20250312B04,落札量合計（TSO別）[MW],86,219,887,656,6,421,68,160,138,2641
20250312B04,（内訳）自エリアからの落札量[MW],86,66,452.6,0,0,421,0,72,138,1235.6
20250312B05,募集量（TSO別）[MW],85,0,1631,805,21,254,137,135,331,3399
20250312B05,応札量合計（電源属地別）[MW],101,82,2698.128,781,21,1418.996,166.348,114,331,5713.472
20250312B05,落札量合計（電源属地別）[MW],85,0,1576.3,226,0,1236.7,0,114,161,3399
20250312B05,応札件数（電源属地別）[件],1,1,29,8,1,6,3,2,2,53
20250312B05,落札件数（電源属地別）[件],1,0,11,2,0,4,0,2,2,22
20250312B05,最高落札価格（電源属地別）[円/kW・30分],0.34,0,2.89,5.24,0,0.34,0,0.34,2.58,5.24
20250312B05,最低落札価格（電源属地別）[円/kW・30分],0.34,0,0.33,4.38,0,0.34,0,0.33,2.58,0.33
20250312B05,平均落札価格（電源属地別）[円/kW・30分],0.34,0,1.82,4.81,0,0.34,0,0.33,2.58,1.43
20250312B05,最高落札価格（TSO別）[円/kW・30分],0.34,0,2.89,5.24,0.34,0.34,0.34,0.34,2.58,5.24
20250312B05,最低落札価格（TSO別）[円/kW・30分],0.34,0,0.33,0.34,0.34,0.34,0.34,0.33,0.34,0.33
20250312B05,平均落札価格（TSO別）[円/kW・30分],0.34,0,1.77,1.6,0.34,0.34,0.34,0.33,1.43,1.43
20250312B05,落札量合計（TSO別）[MW],85,0,1631,805,21,254,137,135,331,3399
20250312B05,（内訳）自エリアからの落札量[MW],85,0,1576.3,226,0,254,0,114,161,2416.3
20250312B06,募集量（TSO別）[MW],105,0,318,115,0,286,32,55,71,982
20250312B06,応札量合計（電源属地別）[MW],101,82,603.988,815,121,1596.558,55.623,55,71,3501.169
20250312B06,落札量合計（電源属地別）[MW],101,82,236,0,0,494,0,55,10,978
20250312B06,応札件数（電源属地別）[件],1,1,16,7,1,6,2,1,1,36
20250312B06,落札件数（電源属地別）[件],1,1,3,0,0,3,0,1,1,10
20250312B06,最高落札価格（電源属地別）[円/kW・30分],0.34,0.32,3.8,0,0,0.34,0,0.34,3.48,3.8
20250312B06,最低落札価格（電源属地別）[円/kW・30分],0.34,0.32,0.62,0,0,0.34,0,0.34,3.48,0.32
20250312B06,平均落札価格（電源属地別）[円/kW・30分],0.34,0.32,2.36,0,0,0.34,0,0.34,3.48,0.86
20250312B06,最高落札価格（TSO別）[円/kW・30分],0.34,0,3.8,0.34,0,0.34,0.34,0.34,3.48,3.8
20250312B06,最低落札価格（TSO別）[円/kW・30分],0.34,0,0.32,0.34,0,0.34,0.34,0.34,0.34,0.32
20250312B06,平均落札価格（TSO別）[円/kW・30分],0.34,0,1.83,0.34,0,0.34,0.34,0.34,0.78,0.86
20250312B06,落札量合計（TSO別）[MW],101,0,318,115,0,286,32,55,71,978
20250312B06,（内訳）自エリアからの落札量[MW],101,0,236,0,0,286,0,55,10,688
20250312B07,募集量（TSO別）[MW],59,0,0,6,0,14,0,7,4,90
20250312B07,応札量合計（電源属地別）[MW],62,0,22.37,389,0,77.684,12,7,90,660.054
20250312B07,落札量合計（電源属地別）[MW],59,0,0,0,0,24,0,7,0,90
20250312B07,応札件数（電源属地別）[件],1,0,1,1,0,3,1,1,2,10
20250312B07,落札件数（電源属地別）[件],1,0,0,0,0,1,0,1,0,3
20250312B07,最高落札価格（電源属地別）[円/kW・30分],0.34,0,0,0,0,0.34,0,0.34,0,0.34
20250312B07,最低落札価格（電源属地別）[円/kW・30分],0.34,0,0,0,0,0.34,0,0.34,0,0.34
20250312B07,平均落札価格（電源属地別）[円/kW・30分],0.34,0,0,0,0,0.34,0,0.34,0,0.34
20250312B07,最高落札価格（TSO別）[円/kW・30分],0.34,0,0,0.34,0,0.34,0,0.34,0.34,0.34
20250312B07,最低落札価格（TSO別）[円/kW・30分],0.34,0,0,0.34,0,0.34,0,0.34,0.34,0.34
20250312B07,平均落札価格（TSO別）[円/kW・30分],0.34,0,0,0.34,0,0.34,0,0.34,0.34,0.34
20250312B07,落札量合計（TSO別）[MW],59,0,0,6,0,14,0,7,4,90
20250312B07,（内訳）自エリアからの落札量[MW],59,0,0,0,0,14,0,7,0,80
20250312B08,募集量（TSO別）[MW],104,40,0,0,0,0,6,4,0,154
20250312B08,応札量合計（電源属地別）[MW],101,0,22.37,23,0,0,22,5,0,173.37
20250312B08,落札量合計（電源属地別）[MW],101,0,0,0,0,0,6,4,0,111
20250312B08,応札件数（電源属地別）[件],1,0,1,1,0,0,2,1,0,6
20250312B08,落札件数（電源属地別）[件],1,0,0,0,0,0,1,1,0,3
20250312B08,最高落札価格（電源属地別）[円/kW・30分],0.34,0,0,0,0,0,0.34,0.34,0,0.34
20250312B08,最低落札価格（電源属地別）[円/kW・30分],0.34,0,0,0,0,0,0.34,0.34,0,0.34
20250312B08,平均落札価格（電源属地別）[円/kW・30分],0.34,0,0,0,0,0,0.34,0.34,0,0.34
20250312B08,最高落札価格（TSO別）[円/kW・30分],0.34,0,0,0,0,0,0.34,0.34,0,0.34
20250312B08,最低落札価格（TSO別）[円/kW・30分],0.34,0,0,0,0,0,0.34,0.34,0,0.34
20250312B08,平均落札価格（TSO別）[円/kW・30分],0.34,0,0,0,0,0,0.34,0.34,0,0.34
20250312B08,落札量合計（TSO別）[MW],101,0,0,0,0,0,6,4,0,111
20250312B08,（内訳）自エリアからの落札量[MW],101,0,0,0,0,0,6,4,0,111
20250313B01,募集量（TSO別）[MW],68,0,0,0,2,0,10,16,0,96
20250313B01,応札量合計（電源属地別）[MW],74,112,139.598,18.724,2,0,22,16,190,574.322
20250313B01,落札量合計（電源属地別）[MW],68,0,0,0,2,0,10,16,0,96
20250313B01,応札件数（電源属地別）[件],1,4,2,2,1,0,2,1,3,16
20250313B01,落札件数（電源属地別）[件],1,0,0,0,1,0,1,1,0,4
20250313B01,最高落札価格（電源属地別）[円/kW・30分],0.34,0,0,0,0.66,0,0.34,0.34,0,0.66
20250313B01,最低落札価格（電源属地別）[円/kW・30分],0.34,0,0,0,0.66,0,0.34,0.34,0,0.34
20250313B01,平均落札価格（電源属地別）[円/kW・30分],0.34,0,0,0,0.66,0,0.34,0.34,0,0.35
20250313B01,最高落札価格（TSO別）[円/kW・30分],0.34,0,0,0,0.66,0,0.34,0.34,0,0.66
20250313B01,最低落札価格（TSO別）[円/kW・30分],0.34,0,0,0,0.66,0,0.34,0.34,0,0.34
20250313B01,平均落札価格（TSO別）[円/kW・30分],0.34,0,0,0,0.66,0,0.34,0.34,0,0.35
20250313B01,落札量合計（TSO別）[MW],68,0,0,0,2,0,10,16,0,96
20250313B01,（内訳）自エリアからの落札量[MW],68,0,0,0,2,0,10,16,0,96
20250313B02,募集量（TSO別）[MW],35,0,0,7,0,0,4,5,0,51
20250313B02,応札量合計（電源属地別）[MW],211,112,67.288,95.7,0,0,17,5,68,575.988
20250313B02,落札量合計（電源属地別）[MW],35,0,0,7,0,0,4,5,0,51
20250313B02,応札件数（電源属地別）[件],2,4,1,2,0,0,2,1,3,15
20250313B02,落札件数（電源属地別）[件],1,0,0,1,0,0,1,1,0,4
20250313B02,最高落札価格（電源属地別）[円/kW・30分],0.34,0,0,1.39,0,0,0.34,0.34,0,1.39
20250313B02,最低落札価格（電源属地別）[円/kW・30分],0.34,0,0,1.39,0,0,0.34,0.34,0,0.34
20250313B02,平均落札価格（電源属地別）[円/kW・30分],0.34,0,0,1.39,0,0,0.34,0.34,0,0.48
20250313B02,最高落札価格（TSO別）[円/kW・30分],0.34,0,0,1.39,0,0,0.34,0.34,0,1.39
20250313B02,最低落札価格（TSO別）[円/kW・30分],0.34,0,0,1.39,0,0,0.34,0.34,0,0.34
20250313B02,平均落札価格（TSO別）[円/kW・30分],0.34,0,0,1.39,0,0,0.34,0.34,0,0.48
20250313B02,落札量合計（TSO別）[MW],35,0,0,7,0,0,4,5,0,51
20250313B02,（内訳）自エリアからの落札量[MW],35,0,0,7,0,0,4,5,0,51
20250313B03,募集量（TSO別）[MW],21,143,212,347,2,101,142,1,35,1004
20250313B03,応札量合計（電源属地別）[MW],253,80,119.97,282.12,2,276.809,157,5,447,1622.899
20250313B03,落札量合計（電源属地別）[MW],21,80,119.97,282.12,2,101,142,1,35,784.09
20250313B03,応札件数（電源属地別）[件],2,4,3,4,1,3,2,1,4,24
20250313B03,落札件数（電源属地別）[件],1,4,3,4,1,2,1,1,1,18
20250313B03,最高落札価格（電源属地別）[円/kW・30分],0.34,0.34,46.86,93,1.21,0.34,0.34,0.34,0.58,93
20250313B03,最低落札価格（電源属地別）[円/kW・30分],0.34,0.34,4.57,1.7,1.21,0.34,0.34,0.34,0.58,0.34
20250313B03,平均落札価格（電源属地別）[円/kW・30分],0.34,0.34,16.88,8.8,1.21,0.34,0.34,0.34,0.58,5.93
20250313B03,最高落札価格（TSO別）[円/kW・30分],0.34,0.34,46.86,93,1.21,0.34,0.34,0.34,0.58,93
20250313B03,最低落札価格（TSO別）[円/kW・30分],0.34,0.34,4.57,1.7,1.21,0.34,0.34,0.34,0.58,0.34
20250313B03,平均落札価格（TSO別）[円/kW・30分],0.34,0.34,16.88,8.8,1.21,0.34,0.34,0.34,0.58,5.93
20250313B03,落札量合計（TSO別）[MW],21,80,119.97,282.12,2,101,142,1,35,784.09
20250313B03,（内訳）自エリアからの落札量[MW],21,80,119.97,282.12,2,101,142,1,35,784.09
20250313B04,募集量（TSO別）[MW],46,304,355,596,4,498,96,105,161,2165
20250313B04,応札量合計（電源属地別）[MW],216,62,671.332,601,4,1364.858,112,72,397,3500.19
20250313B04,落札量合計（電源属地別）[MW],46,62,355,596,4,498,96,72,161,1890
20250313B04,応札件数（電源属地別）[件],2,3,9,8,1,5,2,1,2,33
20250313B04,落札件数（電源属地別）[件],1,3,4,8,1,3,1,1,1,23
20250313B04,最高落札価格（電源属地別）[円/kW・30分],0.34,0.34,0.34,93,0.43,0.34,0.34,0.34,0.34,93
20250313B04,最低落札価格（電源属地別）[円/kW・30分],0.34,0.34,0.34,1.83,0.43,0.34,0.34,0.34,0.34,0.34
20250313B04,平均落札価格（電源属地別）[円/kW・30分],0.34,0.34,0.34,7.5,0.43,0.34,0.34,0.34,0.34,2.6
20250313B04,最高落札価格（TSO別）[円/kW・30分],0.34,0.34,0.34,93,0.43,0.34,0.34,0.34,0.34,93
20250313B04,最低落札価格（TSO別）[円/kW・30分],0.34,0.34,0.34,1.83,0.43,0.34,0.34,0.34,0.34,0.34
20250313B04,平均落札価格（TSO別）[円/kW・30分],0.34,0.34,0.34,7.5,0.43,0.34,0.34,0.34,0.34,2.6
20250313B04,落札量合計（TSO別）[MW],46,62,355,596,4,498,96,72,161,1890
20250313B04,（内訳）自エリアからの落札量[MW],46,62,355,596,4,498,96,72,161,1890
20250313B05,募集量（TSO別）[MW],79,0,631,983,68,898,231,153,338,3381
20250313B05,応札量合計（電源属地別）[MW],270,24,835.918,699.1,117,2349.684,247,157,381,5080.702
20250313B05,落札量合計（電源属地別）[MW],79,0,436.148,574.742,68,1501.11,231,153,338,3381
20250313B05,応札件数（電源属地別）[件],2,2,10,4,1,5,2,2,3,31
20250313B05,落札件数（電源属地別）[件],1,0,5,1,1,4,1,2,3,18
20250313B05,最高落札価格（電源属地別）[円/kW・30分],0.34,0,0.34,0.34,0.34,0.34,0.34,0.34,0.6,0.6
20250313B05,最低落札価格（電源属地別）[円/kW・30分],0.34,0,0.33,0.34,0.34,0.34,0.34,0.33,0.34,0.33
20250313B05,平均落札価格（電源属地別）[円/kW・30分],0.34,0,0.34,0.34,0.34,0.34,0.34,0.34,0.52,0.36
20250313B05,最高落札価格（TSO別）[円/kW・30分],0.34,0,0.34,0.34,0.34,0.34,0.34,0.34,0.6,0.6
20250313B05,最低落札価格（TSO別）[円/kW・30分],0.34,0,0.33,0.34,0.34,0.34,0.34,0.33,0.34,0.33
20250313B05,平均落札価格（TSO別）[円/kW・30分],0.34,0,0.34,0.34,0.34,0.34,0.34,0.34,0.52,0.36
20250313B05,落札量合計（TSO別）[MW],79,0,631,983,68,898,231,153,338,3381
20250313B05,（内訳）自エリアからの落札量[MW],79,0,436.148,574.742,68,898,231,153,338,2777.89
20250313B06,募集量（TSO別）[MW],75,0,1541,697,3,443,0,50,142,2951
20250313B06,応札量合計（電源属地別）[MW],78,24,908.37,1078.5,17,1223.721,12,50,347,3738.591
20250313B06,落札量合計（電源属地別）[MW],75,0,908.37,380.879,17,1214.121,0,50,142,2787.37
20250313B06,応札件数（電源属地別）[件],1,2,7,9,1,6,1,1,3,31
20250313B06,落札件数（電源属地別）[件],1,0,7,5,1,5,0,1,2,22
20250313B06,最高落札価格（電源属地別）[円/kW・30分],0.34,0,46.86,6.18,1.35,0.34,0,0.34,0.95,46.86
20250313B06,最低落札価格（電源属地別）[円/kW・30分],0.34,0,0.33,3.95,1.35,0.34,0,0.34,0.95,0.33
20250313B06,平均落札価格（電源属地別）[円/kW・30分],0.34,0,5.7,5.4,1.35,0.34,0,0.34,0.95,2.82
20250313B06,最高落札価格（TSO別）[円/kW・30分],0.34,0,46.86,6.18,1.35,0.34,0,0.34,0.95,46.86
20250313B06,最低落札価格（TSO別）[円/kW・30分],0.34,0,0.33,0.34,1.35,0.34,0,0.34,0.95,0.33
20250313B06,平均落札価格（TSO別）[円/kW・30分],0.34,0,3.89,3.11,1.35,0.34,0,0.34,0.95,2.82
20250313B06,落札量合計（TSO別）[MW],75,0,1377.37,697,3,443,0,50,142,2787.37
20250313B06,（内訳）自エリアからの落札量[MW],75,0,908.37,380.879,3,443,0,50,142,2002.249
20250313B07,募集量（TSO別）[MW],200,63,0,6,0,14,2,2,11,298
20250313B07,応札量合計（電源属地別）[MW],74,42,97.27,417,0,38.369,47,5,76,796.639
20250313B07,落札量合計（電源属地別）[MW],74,42,0,0,0,38.369,4.631,2,11,172
20250313B07,応札件数（電源属地別）[件],1,3,2,4,0,3,2,1,3,19
20250313B07,落札件数（電源属地別）[件],1,3,0,0,0,3,1,1,1,10
20250313B07,最高落札価格（電源属地別）[円/kW・30分],0.32,0.34,0,0,0,0.34,0.9,0.34,0.34,0.9
20250313B07,最低落札価格（電源属地別）[円/kW・30分],0.32,0.34,0,0,0,0.34,0.9,0.34,0.34,0.32
20250313B07,平均落札価格（電源属地別）[円/kW・30分],0.32,0.34,0,0,0,0.34,0.9,0.34,0.34,0.35
20250313B07,最高落札価格（TSO別）[円/kW・30分],0.32,0.9,0,0.34,0,0.34,0.9,0.34,0.34,0.9
20250313B07,最低落札価格（TSO別）[円/kW・30分],0.32,0.34,0,0.34,0,0.34,0.9,0.34,0.34,0.32
20250313B07,平均落札価格（TSO別）[円/kW・30分],0.32,0.36,0,0.34,0,0.34,0.9,0.34,0.34,0.35
20250313B07,落札量合計（TSO別）[MW],74,63,0,6,0,14,2,2,11,172
20250313B07,（内訳）自エリアからの落札量[MW],74,42,0,0,0,14,2,2,11,145
20250313B08,募集量（TSO別）[MW],163,77,0,4,0,22,0,1,1,268
20250313B08,応札量合計（電源属地別）[MW],170,42,22.37,87.188,0,60.295,12,5,42,440.853
20250313B08,落札量合計（電源属地別）[MW],170,42,22.37,0,0,26,0,1,1,262.37
20250313B08,応札件数（電源属地別）[件],2,3,1,4,0,3,1,1,3,18
20250313B08,落札件数（電源属地別）[件],2,3,1,0,0,1,0,1,1,9
20250313B08,最高落札価格（電源属地別）[円/kW・30分],0.34,0.34,46.86,0,0,0.34,0,0.34,0.34,46.86
20250313B08,最低落札価格（電源属地別）[円/kW・30分],0.34,0.34,46.86,0,0,0.34,0,0.34,0.34,0.34
20250313B08,平均落札価格（電源属地別）[円/kW・30分],0.34,0.34,46.86,0,0,0.34,0,0.34,0.34,4.31
20250313B08,最高落札価格（TSO別）[円/kW・30分],0.34,46.86,0,0.34,0,0.34,0,0.34,0.34,46.86
20250313B08,最低落札価格（TSO別）[円/kW・30分],0.34,0.34,0,0.34,0,0.34,0,0.34,0.34,0.34
20250313B08,平均落札価格（TSO別）[円/kW・30分],0.34,14.92,0,0.34,0,0.34,0,0.34,0.34,4.31
20250313B08,落札量合計（TSO別）[MW],163,71.37,0,4,0,22,0,1,1,262.37
20250313B08,（内訳）自エリアからの落札量[MW],163,42,0,0,0,22,0,1,1,229
E
