H,電力需給調整力取引所取引結果,対象年月,商品区分,ブロック数
P,速報値,202604,三次調整力2,48
TT,取引情報,北海道,東北,東京,中部,北陸,関西,中国,四国,九州,合計
20260401B01,募集量（TSO別）[MW],0,0,0,0,0,0,0,9,0,9
20260401B01,応札量合計（電源属地別）[MW],0,9,108.632,10,252.43,0,101.3,39,500,1020.362
20260401B01,落札量合計（電源属地別）[MW],0,0,0,0,0,0,0,9,0,9
20260401B01,応札件数（電源属地別）[件],0,1,3,1,2,0,2,2,5,16
20260401B01,落札件数（電源属地別）[件],0,0,0,0,0,0,0,1,0,1
20260401B01,最高落札価格（電源属地別）[円/kW・30分],0,0,0,0,0,0,0,0.3,0,0.3
20260401B01,最低落札価格（電源属地別）[円/kW・30分],0,0,0,0,0,0,0,0.3,0,0.3
20260401B01,平均落札価格（電源属地別）[円/kW・30分],0,0,0,0,0,0,0,0.3,0,0.3
20260401B01,最高落札価格（TSO別）[円/kW・30分],0,0,0,0,0,0,0,0.3,0,0.3
20260401B01,最低落札価格（TSO別）[円/kW・30分],0,0,0,0,0,0,0,0.3,0,0.3
20260401B01,平均落札価格（TSO別）[円/kW・30分],0,0,0,0,0,0,0,0.3,0,0.3
20260401B01,落札量合計（TSO別）[MW],0,0,0,0,0,0,0,9,0,9
20260401B01,（内訳）自エリアからの落札量[MW],0,0,0,0,0,0,0,9,0,9
20260401B02,募集量（TSO別）[MW],0,0,0,0,0,0,0,9,0,9
20260401B02,応札量合計（電源属地別）[MW],0,9,108.632,10,80.43,0,101.3,240,571,1120.362
20260401B02,落札量合計（電源属地別）[MW],0,0,0,0,0,0,0,9,0,9
20260401B02,応札件数（電源属地別）[件],0,1,3,1,2,0,2,3,5,17
20260401B02,落札件数（電源属地別）[件],0,0,0,0,0,0,0,1,0,1
20260401B02,最高落札価格（電源属地別）[円/kW・30分],0,0,0,0,0,0,0,0.3,0,0.3
20260401B02,最低落札価格（電源属地別）[円/kW・30分],0,0,0,0,0,0,0,0.3,0,0.3
20260401B02,平均落札価格（電源属地別）[円/kW・30分],0,0,0,0,0,0,0,0.3,0,0.3
20260401B02,最高落札価格（TSO別）[円/kW・30分],0,0,0,0,0,0,0,0.3,0,0.3
20260401B02,最低落札価格（TSO別）[円/kW・30分],0,0,0,0,0,0,0,0.3,0,0.3
20260401B02,平均落札価格（TSO別）[円/kW・30分],0,0,0,0,0,0,0,0.3,0,0.3
20260401B02,落札量合計（TSO別）[MW],0,0,0,0,0,0,0,9,0,9
20260401B02,（内訳）自エリアからの落札量[MW],0,0,0,0,0,0,0,9,0,9
20260401B03,募集量（TSO別）[MW],0,0,0,0,0,0,0,9,0,9
20260401B03,応札量合計（電源属地別）[MW],0,9,127.554,10,0,0,101.3,240,478,965.854
20260401B03,落札量合計（電源属地別）[MW],0,0,0,0,0,0,0,9,0,9
20260401B03,応札件数（電源属地別）[件],0,1,3,1,0,0,2,3,4,14
20260401B03,落札件数（電源属地別）[件],0,0,0,0,0,0,0,1,0,1
20260401B03,最高落札価格（電源属地別）[円/kW・30分],0,0,0,0,0,0,0,0.3,0,0.3
20260401B03,最低落札価格（電源属地別）[円/kW・30分],0,0,0,0,0,0,0,0.3,0,0.3
20260401B03,平均落札価格（電源属地別）[円/kW・30分],0,0,0,0,0,0,0,0.3,0,0.3
20260401B03,最高落札価格（TSO別）[円/kW・30分],0,0,0,0,0,0,0,0.3,0,0.3
20260401B03,最低落札価格（TSO別）[円/kW・30分],0,0,0,0,0,0,0,0.3,0,0.3
20260401B03,平均落札価格（TSO別）[円/kW・30分],0,0,0,0,0,0,0,0.3,0,0.3
20260401B03,落札量合計（TSO別）[MW],0,0,0,0,0,0,0,9,0,9
20260401B03,（内訳）自エリアからの落札量[MW],0,0,0,0,0,0,0,9,0,9
20260401B04,募集量（TSO別）[MW],0,0,0,0,0,0,0,8,0,8
20260401B04,応札量合計（電源属地別）[MW],0,8,128.622,10,0,0,101.3,439,471,1157.922
20260401B04,落札量合計（電源属地別）[MW],0,0,0,0,0,0,0,8,0,8
20260401B04,応札件数（電源属地別）[件],0,1,3,1,0,0,2,4,5,16
20260401B04,落札件数（電源属地別）[件],0,0,0,0,0,0,0,1,0,1
20260401B04,最高落札価格（電源属地別）[円/kW・30分],0,0,0,0,0,0,0,0.3,0,0.3
20260401B04,最低落札価格（電源属地別）[円/kW・30分],0,0,0,0,0,0,0,0.3,0,0.3
20260401B04,平均落札価格（電源属地別）[円/kW・30分],0,0,0,0,0,0,0,0.3,0,0.3
20260401B04,最高落札価格（TSO別）[円/kW・30分],0,0,0,0,0,0,0,0.3,0,0.3
20260401B04,最低落札価格（TSO別）[円/kW・30分],0,0,0,0,0,0,0,0.3,0,0.3
20260401B04,平均落札価格（TSO別）[円/kW・30分],0,0,0,0,0,0,0,0.3,0,0.3
20260401B04,落札量合計（TSO別）[MW],0,0,0,0,0,0,0,8,0,8
20260401B04,（内訳）自エリアからの落札量[MW],0,0,0,0,0,0,0,8,0,8
20260401B05,募集量（TSO別）[MW],0,0,0,0,0,0,0,8,0,8
20260401B05,応札量合計（電源属地別）[MW],12,8,129.69,10,0,0,11,439,145,754.69
20260401B05,落札量合計（電源属地別）[MW],0,0,0,0,0,0,0,8,0,8
20260401B05,応札件数（電源属地別）[件],1,1,3,1,0,0,1,4,3,14
20260401B05,落札件数（電源属地別）[件],0,0,0,0,0,0,0,1,0,1
20260401B05,最高落札価格（電源属地別）[円/kW・30分],0,0,0,0,0,0,0,0.3,0,0.3
20260401B05,最低落札価格（電源属地別）[円/kW・30分],0,0,0,0,0,0,0,0.3,0,0.3
20260401B05,平均落札価格（電源属地別）[円/kW・30分],0,0,0,0,0,0,0,0.3,0,0.3
20260401B05,最高落札価格（TSO別）[円/kW・30分],0,0,0,0,0,0,0,0.3,0,0.3
20260401B05,最低落札価格（TSO別）[円/kW・30分],0,0,0,0,0,0,0,0.3,0,0.3
20260401B05,平均落札価格（TSO別）[円/kW・30分],0,0,0,0,0,0,0,0.3,0,0.3
20260401B05,落札量合計（TSO別）[MW],0,0,0,0,0,0,0,8,0,8
20260401B05,（内訳）自エリアからの落札量[MW],0,0,0,0,0,0,0,8,0,8
20260401B06,募集量（TSO別）[MW],0,0,0,0,0,0,0,8,0,8
20260401B06,応札量合計（電源属地別）[MW],0,8,108.632,10,0,0,11,439,102,678.632
20260401B06,落札量合計（電源属地別）[MW],0,0,0,0,0,0,0,8,0,8
20260401B06,応札件数（電源属地別）[件],0,1,3,1,0,0,1,4,3,13
20260401B06,落札件数（電源属地別）[件],0,0,0,0,0,0,0,1,0,1
20260401B06,最高落札価格（電源属地別）[円/kW・30分],0,0,0,0,0,0,0,0.3,0,0.3
20260401B06,最低落札価格（電源属地別）[円/kW・30分],0,0,0,0,0,0,0,0.3,0,0.3
20260401B06,平均落札価格（電源属地別）[円/kW・30分],0,0,0,0,0,0,0,0.3,0,0.3
20260401B06,最高落札価格（TSO別）[円/kW・30分],0,0,0,0,0,0,0,0.3,0,0.3
20260401B06,最低落札価格（TSO別）[円/kW・30分],0,0,0,0,0,0,0,0.3,0,0.3
20260401B06,平均落札価格（TSO別）[円/kW・30分],0,0,0,0,0,0,0,0.3,0,0.3
20260401B06,落札量合計（TSO別）[MW],0,0,0,0,0,0,0,8,0,8
20260401B06,（内訳）自エリアからの落札量[MW],0,0,0,0,0,0,0,8,0,8
20260401B07,募集量（TSO別）[MW],0,0,0,0,0,0,0,0,0,0
20260401B07,応札量合計（電源属地別）[MW],0,0,50.37,10,0,0,11,431,500,1002.37
20260401B07,落札量合計（電源属地別）[MW],0,0,0,0,0,0,0,0,0,0
20260401B07,応札件数（電源属地別）[件],0,0,2,1,0,0,1,3,4,11
20260401B07,落札件数（電源属地別）[件],0,0,0,0,0,0,0,0,0,0
20260401B07,最高落札価格（電源属地別）[円/kW・30分],0,0,0,0,0,0,0,0,0,0
20260401B07,最低落札価格（電源属地別）[円/kW・30分],0,0,0,0,0,0,0,0,0,0
20260401B07,平均落札価格（電源属地別）[円/kW・30分],0,0,0,0,0,0,0,0,0,0
20260401B07,最高落札価格（TSO別）[円/kW・30分],0,0,0,0,0,0,0,0,0,0
20260401B07,最低落札価格（TSO別）[円/kW・30分],0,0,0,0,0,0,0,0,0,0
20260401B07,平均落札価格（TSO別）[円/kW・30分],0,0,0,0,0,0,0,0,0,0
20260401B07,落札量合計（TSO別）[MW],0,0,0,0,0,0,0,0,0,0
20260401B07,（内訳）自エリアからの落札量[MW],0,0,0,0,0,0,0,0,0,0
20260401B08,募集量（TSO別）[MW],0,0,0,0,0,0,0,0,0,0
20260401B08,応札量合計（電源属地別）[MW],0,0,50.37,10,0,0,11,431,277,779.37
20260401B08,落札量合計（電源属地別）[MW],0,0,0,0,0,0,0,0,0,0
20260401B08,応札件数（電源属地別）[件],0,0,2,1,0,0,1,3,2,9
20260401B08,落札件数（電源属地別）[件],0,0,0,0,0,0,0,0,0,0
20260401B08,最高落札価格（電源属地別）[円/kW・30分],0,0,0,0,0,0,0,0,0,0
20260401B08,最低落札価格（電源属地別）[円/kW・30分],0,0,0,0,0,0,0,0,0,0
20260401B08,平均落札価格（電源属地別）[円/kW・30分],0,0,0,0,0,0,0,0,0,0
20260401B08,最高落札価格（TSO別）[円/kW・30分],0,0,0,0,0,0,0,0,0,0
20260401B08,最低落札価格（TSO別）[円/kW・30分],0,0,0,0,0,0,0,0,0,0
20260401B08,平均落札価格（TSO別）[円/kW・30分],0,0,0,0,0,0,0,0,0,0
20260401B08,落札量合計（TSO別）[MW],0,0,0,0,0,0,0,0,0,0
20260401B08,（内訳）自エリアからの落札量[MW],0,0,0,0,0,0,0,0,0,0
20260401B09,募集量（TSO別）[MW],0,0,0,0,0,0,0,0,0,0
20260401B09,応札量合計（電源属地別）[MW],0,0,50.37,10,0,0,11,431,337,839.37
20260401B09,落札量合計（電源属地別）[MW],0,0,0,0,0,0,0,0,0,0
20260401B09,応札件数（電源属地別）[件],0,0,2,1,0,0,1,3,4,11
20260401B09,落札件数（電源属地別）[件],0,0,0,0,0,0,0,0,0,0
20260401B09,最高落札価格（電源属地別）[円/kW・30分],0,0,0,0,0,0,0,0,0,0
20260401B09,最低落札価格（電源属地別）[円/kW・30分],0,0,0,0,0,0,0,0,0,0
20260401B09,平均落札価格（電源属地別）[円/kW・30分],0,0,0,0,0,0,0,0,0,0
20260401B09,最高落札価格（TSO別）[円/kW・30分],0,0,0,0,0,0,0,0,0,0
20260401B09,最低落札価格（TSO別）[円/kW・30分],0,0,0,0,0,0,0,0,0,0
20260401B09,平均落札価格（TSO別）[円/kW・30分],0,0,0,0,0,0,0,0,0,0
20260401B09,落札量合計（TSO別）[MW],0,0,0,0,0,0,0,0,0,0
20260401B09,（内訳）自エリアからの落札量[MW],0,0,0,0,0,0,0,0,0,0
20260401B10,募集量（TSO別）[MW],0,0,0,0,0,0,0,0,0,0
20260401B10,応札量合計（電源属地別）[MW],0,0,50.37,10,0,0,11,431,132,634.37
20260401B10,落札量合計（電源属地別）[MW],0,0,0,0,0,0,0,0,0,0
20260401B10,応札件数（電源属地別）[件],0,0,2,1,0,0,1,3,1,8
20260401B10,落札件数（電源属地別）[件],0,0,0,0,0,0,0,0,0,0
20260401B10,最高落札価格（電源属地別）[円/kW・30分],0,0,0,0,0,0,0,0,0,0
20260401B10,最低落札価格（電源属地別）[円/kW・30分],0,0,0,0,0,0,0,0,0,0
20260401B10,平均落札価格（電源属地別）[円/kW・30分],0,0,0,0,0,0,0,0,0,0
20260401B10,最高落札価格（TSO別）[円/kW・30分],0,0,0,0,0,0,0,0,0,0
20260401B10,最低落札価格（TSO別）[円/kW・30分],0,0,0,0,0,0,0,0,0,0
20260401B10,平均落札価格（TSO別）[円/kW・30分],0,0,0,0,0,0,0,0,0,0
20260401B10,落札量合計（TSO別）[MW],0,0,0,0,0,0,0,0,0,0
20260401B10,（内訳）自エリアからの落札量[MW],0,0,0,0,0,0,0,0,0,0
20260401B11,募集量（TSO別）[MW],0,3,0,0,0,0,0,0,0,3
20260401B11,応札量合計（電源属地別）[MW],0,3,108.632,10,0,0,11,431,180,743.632
20260401B11,落札量合計（電源属地別）[MW],0,3,0,0,0,0,0,0,0,3
20260401B11,応札件数（電源属地別）[件],0,1,3,1,0,0,1,3,1,10
20260401B11,落札件数（電源属地別）[件],0,1,0,0,0,0,0,0,0,1
20260401B11,最高落札価格（電源属地別）[円/kW・30分],0,3.27,0,0,0,0,0,0,0,3.27
20260401B11,最低落札価格（電源属地別）[円/kW・30分],0,3.27,0,0,0,0,0,0,0,3.27
20260401B11,平均落札価格（電源属地別）[円/kW・30分],0,3.27,0,0,0,0,0,0,0,3.27
20260401B11,最高落札価格（TSO別）[円/kW・30分],0,3.27,0,0,0,0,0,0,0,3.27
20260401B11,最低落札価格（TSO別）[円/kW・30分],0,3.27,0,0,0,0,0,0,0,3.27
20260401B11,平均落札価格（TSO別）[円/kW・30分],0,3.27,0,0,0,0,0,0,0,3.27
20260401B11,落札量合計（TSO別）[MW],0,3,0,0,0,0,0,0,0,3
20260401B11,（内訳）自エリアからの落札量[MW],0,3,0,0,0,0,0,0,0,3
20260401B12,募集量（TSO別）[MW],0,7,6,0,0,0,0,0,0,13
20260401B12,応札量合計（電源属地別）[MW],0,13,108.632,10,0,0,11,431,317,890.632
20260401B12,落札量合計（電源属地別）[MW],0,7,6,0,0,0,0,0,0,13
20260401B12,応札件数（電源属地別）[件],0,1,3,1,0,0,1,3,2,11
20260401B12,落札件数（電源属地別）[件],0,1,1,0,0,0,0,0,0,2
20260401B12,最高落札価格（電源属地別）[円/kW・30分],0,3.22,1.05,0,0,0,0,0,0,3.22
20260401B12,最低落札価格（電源属地別）[円/kW・30分],0,3.22,1.05,0,0,0,0,0,0,1.05
20260401B12,平均落札価格（電源属地別）[円/kW・30分],0,3.22,1.05,0,0,0,0,0,0,2.22
20260401B12,最高落札価格（TSO別）[円/kW・30分],0,3.22,1.05,0,0,0,0,0,0,3.22
20260401B12,最低落札価格（TSO別）[円/kW・30分],0,3.22,1.05,0,0,0,0,0,0,1.05
20260401B12,平均落札価格（TSO別）[円/kW・30分],0,3.22,1.05,0,0,0,0,0,0,2.22
20260401B12,落札量合計（TSO別）[MW],0,7,6,0,0,0,0,0,0,13
20260401B12,（内訳）自エリアからの落札量[MW],0,7,6,0,0,0,0,0,0,13
20260401B13,募集量（TSO別）[MW],9,17,26,4,0,0,1,2,1,60
20260401B13,応札量合計（電源属地別）[MW],0,38,169.72,22,0,0,16,433,143,821.72
20260401B13,落札量合計（電源属地別）[MW],0,0,46,10,0,0,2,2,0,60
20260401B13,応札件数（電源属地別）[件],0,1,8,3,0,0,2,4,2,20
20260401B13,落札件数（電源属地別）[件],0,0,1,1,0,0,1,1,0,4
20260401B13,最高落札価格（電源属地別）[円/kW・30分],0,0,1.98,24.66,0,0,1.82,0.3,0,24.66
20260401B13,最低落札価格（電源属地別）[円/kW・30分],0,0,1.98,24.66,0,0,1.82,0.3,0,0.3
20260401B13,平均落札価格（電源属地別）[円/kW・30分],0,0,1.98,24.66,0,0,1.82,0.3,0,5.7
20260401B13,最高落札価格（TSO別）[円/kW・30分],24.66,1.98,1.98,24.66,0,0,1.82,0.3,1.82,24.66
20260401B13,最低落札価格（TSO別）[円/kW・30分],1.98,1.98,1.98,24.66,0,0,1.82,0.3,1.82,0.3
20260401B13,平均落札価格（TSO別）[円/kW・30分],17.1,1.98,1.98,24.66,0,0,1.82,0.3,1.82,5.7
20260401B13,落札量合計（TSO別）[MW],9,17,26,4,0,0,1,2,1,60
20260401B13,（内訳）自エリアからの落札量[MW],0,0,26,4,0,0,1,2,0,33
20260401B14,募集量（TSO別）[MW],16,74,69,24,0,0,0,7,0,190
20260401B14,応札量合計（電源属地別）[MW],0,178,500.946,24,0,0,11,238,130,1081.946
20260401B14,落札量合計（電源属地別）[MW],0,90,69,24,0,0,0,7,0,190
20260401B14,応札件数（電源属地別）[件],0,2,9,3,0,0,1,3,1,19
20260401B14,落札件数（電源属地別）[件],0,1,2,3,0,0,0,1,0,7
20260401B14,最高落札価格（電源属地別）[円/kW・30分],0,1.78,1.96,71.23,0,0,0,0.3,0,71.23
20260401B14,最低落札価格（電源属地別）[円/kW・30分],0,1.78,1.71,24.66,0,0,0,0.3,0,0.3
20260401B14,平均落札価格（電源属地別）[円/kW・30分],0,1.78,1.75,42.26,0,0,0,0.3,0,6.83
20260401B14,最高落札価格（TSO別）[円/kW・30分],1.78,1.78,1.96,71.23,0,0,0,0.3,0,71.23
20260401B14,最低落札価格（TSO別）[円/kW・30分],1.78,1.78,1.71,24.66,0,0,0,0.3,0,0.3
20260401B14,平均落札価格（TSO別）[円/kW・30分],1.78,1.78,1.75,42.26,0,0,0,0.3,0,6.83
20260401B14,落札量合計（TSO別）[MW],16,74,69,24,0,0,0,7,0,190
20260401B14,（内訳）自エリアからの落札量[MW],0,74,69,24,0,0,0,7,0,174
20260401B15,募集量（TSO別）[MW],24,166,119,21,0,0,2,14,13,359
20260401B15,応札量合計（電源属地別）[MW],180,232,581.782,24,0,0,16,44,193,1270.782
20260401B15,落札量合計（電源属地別）[MW],15,70,224,24,0,0,5,14,7,359
20260401B15,応札件数（電源属地別）[件],3,2,9,3,0,0,2,2,3,24
20260401B15,落札件数（電源属地別）[件],1,1,4,3,0,0,1,1,1,12
20260401B15,最高落札価格（電源属地別）[円/kW・30分],1.01,2.66,2.3,71.23,0,0,3.15,0.3,6.01,71.23
20260401B15,最低落札価格（電源属地別）[円/kW・30分],1.01,2.66,1.72,24.66,0,0,3.15,0.3,6.01,0.3
20260401B15,平均落札価格（電源属地別）[円/kW・30分],1.01,2.66,1.95,42.26,0,0,3.15,0.3,6.01,4.78
20260401B15,最高落札価格（TSO別）[円/kW・30分],2.3,2.66,2.03,71.23,0,0,3.15,0.3,71.23,71.23
20260401B15,最低落札価格（TSO別）[円/kW・30分],1.01,2.03,1.72,24.66,0,0,3.15,0.3,3.15,0.3
20260401B15,平均落札価格（TSO別）[円/kW・30分],1.49,2.38,1.76,38.12,0,0,3.15,0.3,20.4,4.78
20260401B15,落札量合計（TSO別）[MW],24,166,119,21,0,0,2,14,13,359
20260401B15,（内訳）自エリアからの落札量[MW],15,70,119,21,0,0,2,14,7,248
20260401B16,募集量（TSO別）[MW],31,245,170,25,0,0,4,20,40,535
20260401B16,応札量合計（電源属地別）[MW],475,523,602.458,24,0,0,16,171,271.97,2083.428
20260401B16,落札量合計（電源属地別）[MW],31,0,415,24,0,0,5,20,39,534
20260401B16,応札件数（電源属地別）[件],4,3,10,3,0,0,2,3,3,28
20260401B16,落札件数（電源属地別）[件],1,0,4,3,0,0,1,1,1,11
20260401B16,最高落札価格（電源属地別）[円/kW・30分],1.01,0,2.99,71.23,0,0,3.11,0.3,5.73,71.23
20260401B16,最低落札価格（電源属地別）[円/kW・30分],1.01,0,1.29,24.66,0,0,3.11,0.3,5.73,0.3
20260401B16,平均落札価格（電源属地別）[円/kW・30分],1.01,0,2.34,42.26,0,0,3.11,0.3,5.73,4.24
20260401B16,最高落札価格（TSO別）[円/kW・30分],1.01,2.99,1.62,71.23,0,0,3.11,0.3,5.73,71.23
20260401B16,最低落札価格（TSO別）[円/kW・30分],1.01,1.62,1.29,24.66,0,0,3.11,0.3,3.11,0.3
20260401B16,平均落札価格（TSO別）[円/kW・30分],1.01,2.98,1.42,42.26,0,0,3.11,0.3,5.66,4.24
20260401B16,落札量合計（TSO別）[MW],31,245,170,24,0,0,4,20,40,534
20260401B16,（内訳）自エリアからの落札量[MW],31,0,170,24,0,0,4,20,39,288
20260401B17,募集量（TSO別）[MW],39,346,214,49,0,0,5,28,48,729
20260401B17,応札量合計（電源属地別）[MW],490,452,673.076,286.8,0,0,16,306,290.97,2514.846
20260401B17,落札量合計（電源属地別）[MW],29.7,40,529.3,114,0,0,0,0,35,748
20260401B17,応札件数（電源属地別）[件],5,4,9,6,0,0,2,4,3,33
20260401B17,落札件数（電源属地別）[件],1,1,4,1,0,0,0,0,1,8
20260401B17,最高落札価格（電源属地別）[円/kW・30分],1.01,2,1.63,6.77,0,0,0,0,7.36,7.36
20260401B17,最低落札価格（電源属地別）[円/kW・30分],1.01,2,0.39,6.77,0,0,0,0,7.36,0.39
20260401B17,平均落札価格（電源属地別）[円/kW・30分],1.01,2,1.03,6.77,0,0,0,0,7.36,2.25
20260401B17,最高落札価格（TSO別）[円/kW・30分],1.63,2,0.39,6.77,0,0,6.77,6.77,7.36,7.36
20260401B17,最低落札価格（TSO別）[円/kW・30分],1.01,0.39,0.39,6.77,0,0,6.77,6.77,6.77,0.39
20260401B17,平均落札価格（TSO別）[円/kW・30分],1.16,1.53,0.39,6.77,0,0,6.77,6.77,7.2,2.25
20260401B17,落札量合計（TSO別）[MW],39,346,214,68,0,0,5,28,48,748
20260401B17,（内訳）自エリアからの落札量[MW],29.7,40,214,68,0,0,0,0,35,386.7
20260401B18,募集量（TSO別）[MW],45,364,0,75,0,0,7,37,69,597
20260401B18,応札量合計（電源属地別）[MW],485,632,291.204,259,0,0,21,315,164.97,2168.174
20260401B18,落札量合計（電源属地別）[MW],45,180,184,113,0,0,0,6,69,597
20260401B18,応札件数（電源属地別）[件],4,5,8,5,0,0,2,4,3,31
20260401B18,落札件数（電源属地別）[件],2,2,4,1,0,0,0,1,2,12
20260401B18,最高落札価格（電源属地別）[円/kW・30分],1.9,3.88,3.18,5.61,0,0,0,0.3,8.42,8.42
20260401B18,最低落札価格（電源属地別）[円/kW・30分],1.01,2,2.42,5.61,0,0,0,0.3,7.57,0.3
20260401B18,平均落札価格（電源属地別）[円/kW・30分],1.21,3.46,2.64,5.61,0,0,0,0.3,7.79,3.91
20260401B18,最高落札価格（TSO別）[円/kW・30分],1.9,3.88,0,5.61,0,0,5.61,5.61,8.42,8.42
20260401B18,最低落札価格（TSO別）[円/kW・30分],1.01,2,0,5.61,0,0,5.61,0.3,7.57,0.3
20260401B18,平均落札価格（TSO別）[円/kW・30分],1.21,3.05,0,5.61,0,0,5.61,4.75,7.79,3.91
20260401B18,落札量合計（TSO別）[MW],45,364,0,75,0,0,7,37,69,597
20260401B18,（内訳）自エリアからの落札量[MW],45,180,0,75,0,0,0,6,69,375
20260401B19,募集量（TSO別）[MW],96,427,715,65,20,0,28,60,13,1424
20260401B19,応札量合計（電源属地別）[MW],255,423.033,991.438,355,0,21.6,46,90,116,2298.071
20260401B19,落札量合計（電源属地別）[MW],26,85.332,884.668,327,0,0,28,60,13,1424
20260401B19,応札件数（電源属地別）[件],5,7,11,10,0,2,2,2,4,43
20260401B19,落札件数（電源属地別）[件],2,3,6,6,0,0,1,1,1,20
20260401B19,最高落札価格（電源属地別）[円/kW・30分],5.11,4.37,3.24,3.86,0,0,2.55,0.3,5.8,5.8
20260401B19,最低落札価格（電源属地別）[円/kW・30分],1.01,2,0.39,3.71,0,0,2.55,0.3,5.8,0.3
20260401B19,平均落札価格（電源属地別）[円/kW・30分],2.59,2.79,1.55,3.79,0,0,2.55,0.3,5.8,2.16
20260401B19,最高落札価格（TSO別）[円/kW・30分],5.11,4.37,2.92,3.76,3.76,0,2.55,0.3,5.8,5.8
20260401B19,最低落札価格（TSO別）[円/kW・30分],1.01,2,0.39,3.71,3.76,0,2.55,0.3,5.8,0.3
20260401B19,平均落札価格（TSO別）[円/kW・30分],3.51,3.29,1.2,3.72,3.76,0,2.55,0.3,5.8,2.16
20260401B19,落札量合計（TSO別）[MW],96,427,715,65,20,0,28,60,13,1424
20260401B19,（内訳）自エリアからの落札量[MW],26,85.332,715,65,0,0,28,60,13,992.332
20260401B20,募集量（TSO別）[MW],104,454,704,72,0,0,0,68,0,1402
20260401B20,応札量合計（電源属地別）[MW],350,424.533,963.23,267.8,0,21.6,16,298,22,2363.163
20260401B20,落札量合計（電源属地別）[MW],127,121.738,845.462,239.8,0,0,0,68,0,1402
20260401B20,応札件数（電源属地別）[件],7,8,16,10,0,2,1,3,2,49
20260401B20,落札件数（電源属地別）[件],3,3,9,6,0,0,0,1,0,22
20260401B20,最高落札価格（電源属地別）[円/kW・30分],1.9,4.37,3.23,3.96,0,0,0,0.3,0,4.37
20260401B20,最低落札価格（電源属地別）[円/kW・30分],0.39,2,0.39,3.8,0,0,0,0.3,0,0.3
20260401B20,平均落札価格（電源属地別）[円/kW・30分],1.04,3.26,1.43,3.88,0,0,0,0.3,0,1.92
20260401B20,最高落札価格（TSO別）[円/kW・30分],1.9,4.37,2.77,3.85,0,0,0,0.3,0,4.37
20260401B20,最低落札価格（TSO別）[円/kW・30分],0.39,1.9,0.39,3.8,0,0,0,0.3,0,0.3
20260401B20,平均落札価格（TSO別）[円/kW・30分],0.85,3.34,1.12,3.82,0,0,0,0.3,0,1.92
20260401B20,落札量合計（TSO別）[MW],104,454,704,72,0,0,0,68,0,1402
20260401B20,（内訳）自エリアからの落札量[MW],104,121.738,704,72,0,0,0,68,0,1069.738
20260401B21,募集量（TSO別）[MW],110,480,671,58,0,0,0,77,0,1396
20260401B21,応札量合計（電源属地別）[MW],609,423.033,958.931,280.806,0,25.143,16,508,2,2822.913
20260401B21,落札量合計（電源属地別）[MW],185,82,826.194,225.806,0,0,0,77,0,1396
20260401B21,応札件数（電源属地別）[件],7,7,15,8,0,4,1,4,1,47
20260401B21,落札件数（電源属地別）[件],3,2,5,3,0,0,0,1,0,14
20260401B21,最高落札価格（電源属地別）[円/kW・30分],1.9,3.42,3.59,1.12,0,0,0,0.3,0,3.59
20260401B21,最低落札価格（電源属地別）[円/kW・30分],0.39,2,0.39,1.08,0,0,0,0.3,0,0.3
20260401B21,平均落札価格（電源属地別）[円/kW・30分],1.24,2.73,1.4,1.11,0,0,0,0.3,0,1.35
20260401B21,最高落札価格（TSO別）[円/kW・30分],1.9,3.59,2.76,1.08,0,0,0,0.3,0,3.59
20260401B21,最低落札価格（TSO別）[円/kW・30分],0.39,1.08,0.39,1.08,0,0,0,0.3,0,0.3
20260401B21,平均落札価格（TSO別）[円/kW・30分],0.79,2.11,1.04,1.08,0,0,0,0.3,0,1.35
20260401B21,落札量合計（TSO別）[MW],110,480,671,58,0,0,0,77,0,1396
20260401B21,（内訳）自エリアからの落札量[MW],110,82,671,58,0,0,0,77,0,998
20260401B22,募集量（TSO別）[MW],114,505,630,48,0,0,0,86,0,1383
20260401B22,応札量合計（電源属地別）[MW],548,424.533,938.433,282.806,0,25.143,16,517,86,2837.915
20260401B22,落札量合計（電源属地別）[MW],189,82,800.194,225.806,0,0,0,86,0,1383
20260401B22,応札件数（電源属地別）[件],6,8,16,8,0,4,1,4,3,50
20260401B22,落札件数（電源属地別）[件],2,2,6,3,0,0,0,1,0,14
20260401B22,最高落札価格（電源属地別）[円/kW・30分],1.9,3.42,4.28,1.15,0,0,0,0.3,0,4.28
20260401B22,最低落札価格（電源属地別）[円/kW・30分],1.01,2,0.39,1.11,0,0,0,0.3,0,0.3
20260401B22,平均落札価格（電源属地別）[円/kW・30分],1.71,2.73,1.42,1.14,0,0,0,0.3,0,1.42
20260401B22,最高落札価格（TSO別）[円/kW・30分],1.9,4.28,2.73,1.11,0,0,0,0.3,0,4.28
20260401B22,最低落札価格（TSO別）[円/kW・30分],1.01,1.11,0.39,1.11,0,0,0,0.3,0,0.3
20260401B22,平均落札価格（TSO別）[円/kW・30分],1.59,2.22,0.92,1.11,0,0,0,0.3,0,1.42
20260401B22,落札量合計（TSO別）[MW],114,505,630,48,0,0,0,86,0,1383
20260401B22,（内訳）自エリアからの落札量[MW],114,82,630,48,0,0,0,86,0,960
20260401B23,募集量（TSO別）[MW],116,502,587,45,0,0,0,89,0,1339
20260401B23,応札量合計（電源属地別）[MW],550,423.033,975.059,260,0,25.143,16,520,30,2799.235
20260401B23,落札量合計（電源属地別）[MW],191,82,745,232,0,0,0,89,0,1339
20260401B23,応札件数（電源属地別）[件],7,7,18,6,0,4,1,4,3,50
20260401B23,落札件数（電源属地別）[件],2,2,6,2,0,0,0,1,0,13
20260401B23,最高落札価格（電源属地別）[円/kW・30分],1.9,3.42,3.44,2.42,0,0,0,0.3,0,3.44
20260401B23,最低落札価格（電源属地別）[円/kW・30分],1.01,2,2.61,2.4,0,0,0,0.3,0,0.3
20260401B23,平均落札価格（電源属地別）[円/kW・30分],1.71,2.73,3.12,2.41,0,0,0,0.3,0,2.58
20260401B23,最高落札価格（TSO別）[円/kW・30分],1.9,3.44,3.44,2.4,0,0,0,0.3,0,3.44
20260401B23,最低落札価格（TSO別）[円/kW・30分],1.01,1.9,2.61,2.4,0,0,0,0.3,0,0.3
20260401B23,平均落札価格（TSO別）[円/kW・30分],1.59,2.71,3.03,2.4,0,0,0,0.3,0,2.58
20260401B23,落札量合計（TSO別）[MW],116,502,587,45,0,0,0,89,0,1339
20260401B23,（内訳）自エリアからの落札量[MW],116,82,587,45,0,0,0,89,0,919
20260401B24,募集量（TSO別）[MW],117,477,526,50,0,0,0,89,0,1259
20260401B24,応札量合計（電源属地別）[MW],560,423.033,964.423,260,16.64,25.143,16,520,111,2896.239
20260401B24,落札量合計（電源属地別）[MW],192,82,664,232,0,0,0,89,0,1259
20260401B24,応札件数（電源属地別）[件],8,7,17,6,1,4,1,4,3,51
20260401B24,落札件数（電源属地別）[件],3,2,5,2,0,0,0,1,0,13
20260401B24,最高落札価格（電源属地別）[円/kW・30分],1.9,3.42,4.12,3.3,0,0,0,0.3,0,4.12
20260401B24,最低落札価格（電源属地別）[円/kW・30分],0.39,2,1.3,3.28,0,0,0,0.3,0,0.3
20260401B24,平均落札価格（電源属地別）[円/kW・30分],1.53,2.73,2.86,3.29,0,0,0,0.3,0,2.55
20260401B24,最高落札価格（TSO別）[円/kW・30分],1.9,4.12,4.12,3.28,0,0,0,0.3,0,4.12
20260401B24,最低落札価格（TSO別）[円/kW・30分],0.39,1.9,1.3,3.28,0,0,0,0.3,0,0.3
20260401B24,平均落札価格（TSO別）[円/kW・30分],1.3,3.22,2.52,3.28,0,0,0,0.3,0,2.55
20260401B24,落札量合計（TSO別）[MW],117,477,526,50,0,0,0,89,0,1259
20260401B24,（内訳）自エリアからの落札量[MW],117,82,526,50,0,0,0,89,0,864
20260401B25,募集量（TSO別）[MW],122,386,88,76,35,0,0,108,0,815
20260401B25,応札量合計（電源属地別）[MW],561,450.033,1039.061,232.647,54.568,22.745,16,539,365,3280.054
20260401B25,落札量合計（電源属地別）[MW],112.677,0,424.323,170,0,0,0,108,0,815
20260401B25,応札件数（電源属地別）[件],7,8,22,10,2,3,1,5,4,62
20260401B25,落札件数（電源属地別）[件],3,0,8,2,0,0,0,1,0,14
20260401B25,最高落札価格（電源属地別）[円/kW・30分],1.9,0,1.72,2.68,0,0,0,0.29,0,2.68
20260401B25,最低落札価格（電源属地別）[円/kW・30分],0.39,0,0.89,2.66,0,0,0,0.29,0,0.29
20260401B25,平均落札価格（電源属地別）[円/kW・30分],1.11,0,1.21,2.67,0,0,0,0.29,0,1.38
20260401B25,最高落札価格（TSO別）[円/kW・30分],2.68,2.68,0.94,2.66,2.68,0,0,0.29,0,2.68
20260401B25,最低落札価格（TSO別）[円/kW・30分],0.39,0.94,0.89,2.66,2.66,0,0,0.29,0,0.29
20260401B25,平均落札価格（TSO別）[円/kW・30分],1.23,1.47,0.91,2.66,2.67,0,0,0.29,0,1.38
20260401B25,落札量合計（TSO別）[MW],122,386,88,76,35,0,0,108,0,815
20260401B25,（内訳）自エリアからの落札量[MW],112.677,0,88,76,0,0,0,108,0,384.677
20260401B26,募集量（TSO別）[MW],119,340,71,75,35,0,111,108,76,935
20260401B26,応札量合計（電源属地別）[MW],500,451.533,1005.539,252.147,60.144,22.745,131,539,447,3409.108
20260401B26,落札量合計（電源属地別）[MW],148.128,40,341.872,110,0,9.6,115,108,62.4,935
20260401B26,応札件数（電源属地別）[件],5,9,18,14,2,3,2,5,4,62
20260401B26,落札件数（電源属地別）[件],1,1,5,3,0,1,1,1,2,15
20260401B26,最高落札価格（電源属地別）[円/kW・30分],1.9,2,2.32,7.72,0,2.71,4.63,0.29,6.99,7.72
20260401B26,最低落札価格（電源属地別）[円/kW・30分],1.9,2,0.95,5.52,0,2.71,4.63,0.29,6.14,0.29
20260401B26,平均落札価格（電源属地別）[円/kW・30分],1.9,2,1.15,6.7,0,2.71,4.63,0.29,6.3,2.65
20260401B26,最高落札価格（TSO別）[円/kW・30分],1.9,2.32,1.01,7.65,7.72,0,4.63,0.29,6.99,7.72
20260401B26,最低落札価格（TSO別）[円/kW・30分],1.9,1.01,0.95,5.52,7.65,0,4.63,0.29,2.71,0.29
20260401B26,平均落札価格（TSO別）[円/kW・30分],1.9,1.36,0.96,6.23,7.7,0,4.63,0.29,5.75,2.65
20260401B26,落札量合計（TSO別）[MW],119,340,71,75,35,0,111,108,76,935
20260401B26,（内訳）自エリアからの落札量[MW],119,40,71,75,0,0,111,108,62.4,586.4
20260401B27,募集量（TSO別）[MW],114,316,56,42,34,0,0,112,0,674
20260401B27,応札量合計（電源属地別）[MW],568,449.033,911.999,236.468,87.567,22.745,16,343,222,2856.812
20260401B27,落札量合計（電源属地別）[MW],114,117.652,254.348,76,0,0,0,112,0,674
20260401B27,応札件数（電源属地別）[件],8,8,15,12,3,3,1,4,3,57
20260401B27,落札件数（電源属地別）[件],3,3,4,3,0,0,0,1,0,14
20260401B27,最高落札価格（電源属地別）[円/kW・30分],1.9,3.95,2.76,14.47,0,0,0,0.29,0,14.47
20260401B27,最低落札価格（電源属地別）[円/kW・30分],1.01,2,2.71,14.41,0,0,0,0.29,0,0.29
20260401B27,平均落札価格（電源属地別）[円/kW・30分],1.5,3.1,2.75,14.43,0,0,0,0.29,0,3.51
20260401B27,最高落札価格（TSO別）[円/kW・30分],1.9,3.95,2.71,14.44,14.47,0,0,0.29,0,14.47
20260401B27,最低落札価格（TSO別）[円/kW・30分],1.01,2,2.71,14.41,14.44,0,0,0.29,0,0.29
20260401B27,平均落札価格（TSO別）[円/kW・30分],1.5,2.89,2.71,14.41,14.44,0,0,0.29,0,3.51
20260401B27,落札量合計（TSO別）[MW],114,316,56,42,34,0,0,112,0,674
20260401B27,（内訳）自エリアからの落札量[MW],114,117.652,56,42,0,0,0,112,0,441.652
20260401B28,募集量（TSO別）[MW],105,290,46,35,32,0,0,117,0,625
20260401B28,応札量合計（電源属地別）[MW],312,451.533,933.623,173.116,17.041,25.245,16,238,148,2314.558
20260401B28,落札量合計（電源属地別）[MW],40.202,112,288.798,67,0,0,0,117,0,625
20260401B28,応札件数（電源属地別）[件],6,9,16,13,2,4,1,4,3,58
20260401B28,落札件数（電源属地別）[件],2,2,5,3,0,0,0,1,0,13
20260401B28,最高落札価格（電源属地別）[円/kW・30分],3.46,2.83,2.45,14.04,0,0,0,0.29,0,14.04
20260401B28,最低落札価格（電源属地別）[円/kW・30分],1.01,2,2.4,13.95,0,0,0,0.29,0,0.29
20260401B28,平均落札価格（電源属地別）[円/kW・30分],1.69,2.53,2.44,13.99,0,0,0,0.29,0,3.24
20260401B28,最高落札価格（TSO別）[円/kW・30分],3.46,2.83,2.4,14.01,14.04,0,0,0.29,0,14.04
20260401B28,最低落札価格（TSO別）[円/kW・30分],1.01,2,2.4,13.95,14.01,0,0,0.29,0,0.29
20260401B28,平均落札価格（TSO別）[円/kW・30分],2.16,2.48,2.4,13.96,14.02,0,0,0.29,0,3.24
20260401B28,落札量合計（TSO別）[MW],105,290,46,35,32,0,0,117,0,625
20260401B28,（内訳）自エリアからの落札量[MW],40.202,112,46,35,0,0,0,117,0,350.202
20260401B29,募集量（TSO別）[MW],94,242,36,27,30,0,0,112,0,541
20260401B29,応札量合計（電源属地別）[MW],301,271.533,933.077,108.992,10.131,25.245,16,233,120,2018.978
20260401B29,落札量合計（電源属地別）[MW],29,98.164,301.836,0,0,0,0,112,0,541
20260401B29,応札件数（電源属地別）[件],6,8,16,9,1,4,1,4,2,51
20260401B29,落札件数（電源属地別）[件],1,2,5,0,0,0,0,1,0,9
20260401B29,最高落札価格（電源属地別）[円/kW・30分],1.33,2.52,2.29,0,0,0,0,0.29,0,2.52
20260401B29,最低落札価格（電源属地別）[円/kW・30分],1.33,2,2.23,0,0,0,0,0.29,0,0.29
20260401B29,平均落札価格（電源属地別）[円/kW・30分],1.33,2.31,2.28,0,0,0,0,0.29,0,1.82
20260401B29,最高落札価格（TSO別）[円/kW・30分],2.29,2.52,2.23,2.29,2.29,0,0,0.29,0,2.52
20260401B29,最低落札価格（TSO別）[円/kW・30分],1.33,2,2.23,2.29,2.23,0,0,0.29,0,0.29
20260401B29,平均落札価格（TSO別）[円/kW・30分],1.99,2.3,2.23,2.29,2.25,0,0,0.29,0,1.82
20260401B29,落札量合計（TSO別）[MW],94,242,36,27,30,0,0,112,0,541
20260401B29,（内訳）自エリアからの落札量[MW],29,98.164,36,0,0,0,0,112,0,275.164
20260401B30,募集量（TSO別）[MW],82,195,26,24,26,0,0,104,0,457
20260401B30,応札量合計（電源属地別）[MW],173,271.533,613.803,36.992,10.131,25.245,16,342,132,1620.704
20260401B30,落札量合計（電源属地別）[MW],82,150,71,36.992,10.131,0,0,104,0,454.123
20260401B30,応札件数（電源属地別）[件],3,8,10,7,1,4,1,5,2,41
20260401B30,落札件数（電源属地別）[件],1,3,1,7,1,0,0,1,0,14
20260401B30,最高落札価格（電源属地別）[円/kW・30分],5.11,3.37,8.03,200,28,0,0,0.29,0,200
20260401B30,最低落札価格（電源属地別）[円/kW・30分],5.11,1.94,8.03,20.08,28,0,0,0.29,0,0.29
20260401B30,平均落札価格（電源属地別）[円/kW・30分],5.11,2.32,8.03,49.49,28,0,0,0.29,0,7.67
20260401B30,最高落札価格（TSO別）[円/kW・30分],5.11,8.03,8.03,48.49,200,0,0,0.29,0,200
20260401B30,最低落札価格（TSO別）[円/kW・30分],5.11,1.94,8.03,20.08,28,0,0,0.29,0,0.29
20260401B30,平均落札価格（TSO別）[円/kW・30分],5.11,3.64,8.03,27.2,63.22,0,0,0.29,0,7.67
20260401B30,落札量合計（TSO別）[MW],82,195,26,24,23.123,0,0,104,0,454.123
20260401B30,（内訳）自エリアからの落札量[MW],82,150,26,24,10.131,0,0,104,0,396.131
20260401B31,募集量（TSO別）[MW],131,115,0,0,0,0,0,69,0,315
20260401B31,応札量合計（電源属地別）[MW],171,381.033,614.803,37.35,10.131,25.245,16,337,46,1638.562
20260401B31,落札量合計（電源属地別）[MW],56,190,0,0,0,0,0,69,0,315
20260401B31,応札件数（電源属地別）[件],3,5,10,6,1,4,1,4,3,37
20260401B31,落札件数（電源属地別）[件],1,2,0,0,0,0,0,1,0,4
20260401B31,最高落札価格（電源属地別）[円/kW・30分],5.11,2.69,0,0,0,0,0,0.3,0,5.11
20260401B31,最低落札価格（電源属地別）[円/kW・30分],5.11,2.1,0,0,0,0,0,0.3,0,0.3
20260401B31,平均落札価格（電源属地別）[円/kW・30分],5.11,2.57,0,0,0,0,0,0.3,0,2.53
20260401B31,最高落札価格（TSO別）[円/kW・30分],5.11,2.69,0,0,0,0,0,0.3,0,5.11
20260401B31,最低落札価格（TSO別）[円/kW・30分],2.69,2.1,0,0,0,0,0,0.3,0,0.3
20260401B31,平均落札価格（TSO別）[円/kW・30分],3.72,2.5,0,0,0,0,0,0.3,0,2.53
20260401B31,落札量合計（TSO別）[MW],131,115,0,0,0,0,0,69,0,315
20260401B31,（内訳）自エリアからの落札量[MW],56,115,0,0,0,0,0,69,0,240
20260401B32,募集量（TSO別）[MW],103,83,0,0,0,0,0,54,0,240
20260401B32,応札量合計（電源属地別）[MW],170,306.033,614.803,37.6,10.131,25.245,16,84,2,1265.812
20260401B32,落札量合計（電源属地別）[MW],28,38,120,0,0,0,0,54,0,240
20260401B32,応札件数（電源属地別）[件],3,5,10,7,1,4,1,2,1,34
20260401B32,落札件数（電源属地別）[件],1,1,1,0,0,0,0,1,0,4
20260401B32,最高落札価格（電源属地別）[円/kW・30分],5.11,2.08,2.6,0,0,0,0,0.3,0,5.11
20260401B32,最低落札価格（電源属地別）[円/kW・30分],5.11,2.08,2.6,0,0,0,0,0.3,0,0.3
20260401B32,平均落札価格（電源属地別）[円/kW・30分],5.11,2.08,2.6,0,0,0,0,0.3,0,2.29
20260401B32,最高落札価格（TSO別）[円/kW・30分],5.11,2.6,0,0,0,0,0,0.3,0,5.11
20260401B32,最低落札価格（TSO別）[円/kW・30分],2.6,2.08,0,0,0,0,0,0.3,0,0.3
20260401B32,平均落札価格（TSO別）[円/kW・30分],3.28,2.36,0,0,0,0,0,0.3,0,2.29
20260401B32,落札量合計（TSO別）[MW],103,83,0,0,0,0,0,54,0,240
20260401B32,（内訳）自エリアからの落札量[MW],28,38,0,0,0,0,0,54,0,120
20260401B33,募集量（TSO別）[MW],74,50,0,0,0,0,0,39,0,163
20260401B33,応札量合計（電源属地別）[MW],171,202.033,615.803,34.5,0,25.245,16,69,2,1135.581
20260401B33,落札量合計（電源属地別）[MW],0,124,0,0,0,0,0,39,0,163
20260401B33,応札件数（電源属地別）[件],3,4,10,6,0,4,1,2,1,31
20260401B33,落札件数（電源属地別）[件],0,2,0,0,0,0,0,1,0,3
20260401B33,最高落札価格（電源属地別）[円/kW・30分],0,3.9,0,0,0,0,0,0.3,0,3.9
20260401B33,最低落札価格（電源属地別）[円/kW・30分],0,2.48,0,0,0,0,0,0.3,0,0.3
20260401B33,平均落札価格（電源属地別）[円/kW・30分],0,2.61,0,0,0,0,0,0.3,0,2.05
20260401B33,最高落札価格（TSO別）[円/kW・30分],3.9,2.48,0,0,0,0,0,0.3,0,3.9
20260401B33,最低落札価格（TSO別）[円/kW・30分],2.48,2.48,0,0,0,0,0,0.3,0,0.3
20260401B33,平均落札価格（TSO別）[円/kW・30分],2.69,2.48,0,0,0,0,0,0.3,0,2.05
20260401B33,落札量合計（TSO別）[MW],74,50,0,0,0,0,0,39,0,163
20260401B33,（内訳）自エリアからの落札量[MW],0,50,0,0,0,0,0,39,0,89
20260401B34,募集量（TSO別）[MW],16,15,0,0,0,0,0,25,0,56
20260401B34,応札量合計（電源属地別）[MW],6,89.033,615.803,28,0,25.245,16,55,2,837.081
20260401B34,落札量合計（電源属地別）[MW],0,31,0,0,0,0,0,25,0,56
20260401B34,応札件数（電源属地別）[件],1,3,10,4,0,4,1,2,1,26
20260401B34,落札件数（電源属地別）[件],0,1,0,0,0,0,0,1,0,2
20260401B34,最高落札価格（電源属地別）[円/kW・30分],0,3.66,0,0,0,0,0,0.3,0,3.66
20260401B34,最低落札価格（電源属地別）[円/kW・30分],0,3.66,0,0,0,0,0,0.3,0,0.3
20260401B34,平均落札価格（電源属地別）[円/kW・30分],0,3.66,0,0,0,0,0,0.3,0,2.16
20260401B34,最高落札価格（TSO別）[円/kW・30分],3.66,3.66,0,0,0,0,0,0.3,0,3.66
20260401B34,最低落札価格（TSO別）[円/kW・30分],3.66,3.66,0,0,0,0,0,0.3,0,0.3
20260401B34,平均落札価格（TSO別）[円/kW・30分],3.66,3.66,0,0,0,0,0,0.3,0,2.16
20260401B34,落札量合計（TSO別）[MW],16,15,0,0,0,0,0,25,0,56
20260401B34,（内訳）自エリアからの落札量[MW],0,15,0,0,0,0,0,25,0,40
20260401B35,募集量（TSO別）[MW],8,7,0,0,0,0,0,18,0,33
20260401B35,応札量合計（電源属地別）[MW],6,84.033,605.803,28,0,21.6,16,48,13,822.436
20260401B35,落札量合計（電源属地別）[MW],0,15,0,0,0,0,0,18,0,33
20260401B35,応札件数（電源属地別）[件],1,3,8,4,0,2,1,2,2,23
20260401B35,落札件数（電源属地別）[件],0,1,0,0,0,0,0,1,0,2
20260401B35,最高落札価格（電源属地別）[円/kW・30分],0,2.99,0,0,0,0,0,0.3,0,2.99
20260401B35,最低落札価格（電源属地別）[円/kW・30分],0,2.99,0,0,0,0,0,0.3,0,0.3
20260401B35,平均落札価格（電源属地別）[円/kW・30分],0,2.99,0,0,0,0,0,0.3,0,1.52
20260401B35,最高落札価格（TSO別）[円/kW・30分],2.99,2.99,0,0,0,0,0,0.3,0,2.99
20260401B35,最低落札価格（TSO別）[円/kW・30分],2.99,2.99,0,0,0,0,0,0.3,0,0.3
20260401B35,平均落札価格（TSO別）[円/kW・30分],2.99,2.99,0,0,0,0,0,0.3,0,1.52
20260401B35,落札量合計（TSO別）[MW],8,7,0,0,0,0,0,18,0,33
20260401B35,（内訳）自エリアからの落札量[MW],0,7,0,0,0,0,0,18,0,25
20260401B36,募集量（TSO別）[MW],3,1,0,0,0,0,0,11,0,15
20260401B36,応札量合計（電源属地別）[MW],6,66.033,605.803,28,0,21.6,16,41,49,833.436
20260401B36,落札量合計（電源属地別）[MW],0,4,0,0,0,0,0,11,0,15
20260401B36,応札件数（電源属地別）[件],1,3,8,4,0,2,1,2,2,23
20260401B36,落札件数（電源属地別）[件],0,1,0,0,0,0,0,1,0,2
20260401B36,最高落札価格（電源属地別）[円/kW・30分],0,2.08,0,0,0,0,0,0.3,0,2.08
20260401B36,最低落札価格（電源属地別）[円/kW・30分],0,2.08,0,0,0,0,0,0.3,0,0.3
20260401B36,平均落札価格（電源属地別）[円/kW・30分],0,2.08,0,0,0,0,0,0.3,0,0.77
20260401B36,最高落札価格（TSO別）[円/kW・30分],2.08,2.08,0,0,0,0,0,0.3,0,2.08
20260401B36,最低落札価格（TSO別）[円/kW・30分],2.08,2.08,0,0,0,0,0,0.3,0,0.3
20260401B36,平均落札価格（TSO別）[円/kW・30分],2.08,2.08,0,0,0,0,0,0.3,0,0.77
20260401B36,落札量合計（TSO別）[MW],3,1,0,0,0,0,0,11,0,15
20260401B36,（内訳）自エリアからの落札量[MW],0,1,0,0,0,0,0,11,0,12
20260401B37,募集量（TSO別）[MW],0,0,0,0,0,0,0,13,0,13
20260401B37,応札量合計（電源属地別）[MW],0,20.2,566.498,30,0,0,16,43,4,679.698
20260401B37,落札量合計（電源属地別）[MW],0,0,0,0,0,0,0,13,0,13
20260401B37,応札件数（電源属地別）[件],0,2,4,4,0,0,1,2,1,14
20260401B37,落札件数（電源属地別）[件],0,0,0,0,0,0,0,1,0,1
20260401B37,最高落札価格（電源属地別）[円/kW・30分],0,0,0,0,0,0,0,0.3,0,0.3
20260401B37,最低落札価格（電源属地別）[円/kW・30分],0,0,0,0,0,0,0,0.3,0,0.3
20260401B37,平均落札価格（電源属地別）[円/kW・30分],0,0,0,0,0,0,0,0.3,0,0.3
20260401B37,最高落札価格（TSO別）[円/kW・30分],0,0,0,0,0,0,0,0.3,0,0.3
20260401B37,最低落札価格（TSO別）[円/kW・30分],0,0,0,0,0,0,0,0.3,0,0.3
20260401B37,平均落札価格（TSO別）[円/kW・30分],0,0,0,0,0,0,0,0.3,0,0.3
20260401B37,落札量合計（TSO別）[MW],0,0,0,0,0,0,0,13,0,13
20260401B37,（内訳）自エリアからの落札量[MW],0,0,0,0,0,0,0,13,0,13
20260401B38,募集量（TSO別）[MW],0,0,0,0,0,0,0,0,0,0
20260401B38,応札量合計（電源属地別）[MW],0,7.2,81.17,30,0,0,16,30,4,168.37
20260401B38,落札量合計（電源属地別）[MW],0,0,0,0,0,0,0,0,0,0
20260401B38,応札件数（電源属地別）[件],0,1,3,4,0,0,1,1,1,11
20260401B38,落札件数（電源属地別）[件],0,0,0,0,0,0,0,0,0,0
20260401B38,最高落札価格（電源属地別）[円/kW・30分],0,0,0,0,0,0,0,0,0,0
20260401B38,最低落札価格（電源属地別）[円/kW・30分],0,0,0,0,0,0,0,0,0,0
20260401B38,平均落札価格（電源属地別）[円/kW・30分],0,0,0,0,0,0,0,0,0,0
20260401B38,最高落札価格（TSO別）[円/kW・30分],0,0,0,0,0,0,0,0,0,0
20260401B38,最低落札価格（TSO別）[円/kW・30分],0,0,0,0,0,0,0,0,0,0
20260401B38,平均落札価格（TSO別）[円/kW・30分],0,0,0,0,0,0,0,0,0,0
20260401B38,落札量合計（TSO別）[MW],0,0,0,0,0,0,0,0,0,0
20260401B38,（内訳）自エリアからの落札量[MW],0,0,0,0,0,0,0,0,0,0
20260401B39,募集量（TSO別）[MW],0,0,0,0,0,0,0,0,0,0
20260401B39,応札量合計（電源属地別）[MW],0,0,81.17,30,0,0,16,30,4,161.17
20260401B39,落札量合計（電源属地別）[MW],0,0,0,0,0,0,0,0,0,0
20260401B39,応札件数（電源属地別）[件],0,0,3,4,0,0,1,1,1,10
20260401B39,落札件数（電源属地別）[件],0,0,0,0,0,0,0,0,0,0
20260401B39,最高落札価格（電源属地別）[円/kW・30分],0,0,0,0,0,0,0,0,0,0
20260401B39,最低落札価格（電源属地別）[円/kW・30分],0,0,0,0,0,0,0,0,0,0
20260401B39,平均落札価格（電源属地別）[円/kW・30分],0,0,0,0,0,0,0,0,0,0
20260401B39,最高落札価格（TSO別）[円/kW・30分],0,0,0,0,0,0,0,0,0,0
20260401B39,最低落札価格（TSO別）[円/kW・30分],0,0,0,0,0,0,0,0,0,0
20260401B39,平均落札価格（TSO別）[円/kW・30分],0,0,0,0,0,0,0,0,0,0
20260401B39,落札量合計（TSO別）[MW],0,0,0,0,0,0,0,0,0,0
20260401B39,（内訳）自エリアからの落札量[MW],0,0,0,0,0,0,0,0,0,0
20260401B40,募集量（TSO別）[MW],0,0,0,0,0,0,0,0,0,0
20260401B40,応札量合計（電源属地別）[MW],0,0,81.17,30,0,0,16,30,6,163.17
20260401B40,落札量合計（電源属地別）[MW],0,0,0,0,0,0,0,0,0,0
20260401B40,応札件数（電源属地別）[件],0,0,3,4,0,0,1,1,1,10
20260401B40,落札件数（電源属地別）[件],0,0,0,0,0,0,0,0,0,0
20260401B40,最高落札価格（電源属地別）[円/kW・30分],0,0,0,0,0,0,0,0,0,0
20260401B40,最低落札価格（電源属地別）[円/kW・30分],0,0,0,0,0,0,0,0,0,0
20260401B40,平均落札価格（電源属地別）[円/kW・30分],0,0,0,0,0,0,0,0,0,0
20260401B40,最高落札価格（TSO別）[円/kW・30分],0,0,0,0,0,0,0,0,0,0
20260401B40,最低落札価格（TSO別）[円/kW・30分],0,0,0,0,0,0,0,0,0,0
20260401B40,平均落札価格（TSO別）[円/kW・30分],0,0,0,0,0,0,0,0,0,0
20260401B40,落札量合計（TSO別）[MW],0,0,0,0,0,0,0,0,0,0
20260401B40,（内訳）自エリアからの落札量[MW],0,0,0,0,0,0,0,0,0,0
20260401B41,募集量（TSO別）[MW],0,0,0,0,0,0,0,0,0,0
20260401B41,応札量合計（電源属地別）[MW],0,0,81.17,30,0,0,16,30,20,177.17
20260401B41,落札量合計（電源属地別）[MW],0,0,0,0,0,0,0,0,0,0
20260401B41,応札件数（電源属地別）[件],0,0,3,4,0,0,1,1,1,10
20260401B41,落札件数（電源属地別）[件],0,0,0,0,0,0,0,0,0,0
20260401B41,最高落札価格（電源属地別）[円/kW・30分],0,0,0,0,0,0,0,0,0,0
20260401B41,最低落札価格（電源属地別）[円/kW・30分],0,0,0,0,0,0,0,0,0,0
20260401B41,平均落札価格（電源属地別）[円/kW・30分],0,0,0,0,0,0,0,0,0,0
20260401B41,最高落札価格（TSO別）[円/kW・30分],0,0,0,0,0,0,0,0,0,0
20260401B41,最低落札価格（TSO別）[円/kW・30分],0,0,0,0,0,0,0,0,0,0
20260401B41,平均落札価格（TSO別）[円/kW・30分],0,0,0,0,0,0,0,0,0,0
20260401B41,落札量合計（TSO別）[MW],0,0,0,0,0,0,0,0,0,0
20260401B41,（内訳）自エリアからの落札量[MW],0,0,0,0,0,0,0,0,0,0
20260401B42,募集量（TSO別）[MW],0,0,0,0,0,0,0,0,0,0
20260401B42,応札量合計（電源属地別）[MW],0,0,81.17,30,0,0,16,275,22,424.17
20260401B42,落札量合計（電源属地別）[MW],0,0,0,0,0,0,0,0,0,0
20260401B42,応札件数（電源属地別）[件],0,0,3,4,0,0,1,3,1,12
20260401B42,落札件数（電源属地別）[件],0,0,0,0,0,0,0,0,0,0
20260401B42,最高落札価格（電源属地別）[円/kW・30分],0,0,0,0,0,0,0,0,0,0
20260401B42,最低落札価格（電源属地別）[円/kW・30分],0,0,0,0,0,0,0,0,0,0
20260401B42,平均落札価格（電源属地別）[円/kW・30分],0,0,0,0,0,0,0,0,0,0
20260401B42,最高落札価格（TSO別）[円/kW・30分],0,0,0,0,0,0,0,0,0,0
20260401B42,最低落札価格（TSO別）[円/kW・30分],0,0,0,0,0,0,0,0,0,0
20260401B42,平均落札価格（TSO別）[円/kW・30分],0,0,0,0,0,0,0,0,0,0
20260401B42,落札量合計（TSO別）[MW],0,0,0,0,0,0,0,0,0,0
20260401B42,（内訳）自エリアからの落札量[MW],0,0,0,0,0,0,0,0,0,0
20260401B43,募集量（TSO別）[MW],0,0,0,0,0,0,0,32,19,51
20260401B43,応札量合計（電源属地別）[MW],0,38,566.498,30,0,0,16,62,263,975.498
20260401B43,落札量合計（電源属地別）[MW],0,0,0,12,0,0,0,32,7,51
20260401B43,応札件数（電源属地別）[件],0,1,4,3,0,0,1,2,5,16
20260401B43,落札件数（電源属地別）[件],0,0,0,1,0,0,0,1,1,3
20260401B43,最高落札価格（電源属地別）[円/kW・30分],0,0,0,3.14,0,0,0,0.3,6.25,6.25
20260401B43,最低落札価格（電源属地別）[円/kW・30分],0,0,0,3.14,0,0,0,0.3,6.25,0.3
20260401B43,平均落札価格（電源属地別）[円/kW・30分],0,0,0,3.14,0,0,0,0.3,6.25,1.78
20260401B43,最高落札価格（TSO別）[円/kW・30分],0,0,0,0,0,0,0,0.3,6.25,6.25
20260401B43,最低落札価格（TSO別）[円/kW・30分],0,0,0,0,0,0,0,0.3,3.14,0.3
20260401B43,平均落札価格（TSO別）[円/kW・30分],0,0,0,0,0,0,0,0.3,4.29,1.78
20260401B43,落札量合計（TSO別）[MW],0,0,0,0,0,0,0,32,19,51
20260401B43,（内訳）自エリアからの落札量[MW],0,0,0,0,0,0,0,32,7,39
20260401B44,募集量（TSO別）[MW],0,0,0,0,0,0,0,34,19,53
20260401B44,応札量合計（電源属地別）[MW],0,38,566.498,37,0,0,16,264,176,1097.498
20260401B44,落札量合計（電源属地別）[MW],0,0,0,19,0,0,0,34,0,53
20260401B44,応札件数（電源属地別）[件],0,1,4,3,0,0,1,3,4,16
20260401B44,落札件数（電源属地別）[件],0,0,0,1,0,0,0,1,0,2
20260401B44,最高落札価格（電源属地別）[円/kW・30分],0,0,0,2.61,0,0,0,0.3,0,2.61
20260401B44,最低落札価格（電源属地別）[円/kW・30分],0,0,0,2.61,0,0,0,0.3,0,0.3
20260401B44,平均落札価格（電源属地別）[円/kW・30分],0,0,0,2.61,0,0,0,0.3,0,1.13
20260401B44,最高落札価格（TSO別）[円/kW・30分],0,0,0,0,0,0,0,0.3,2.61,2.61
20260401B44,最低落札価格（TSO別）[円/kW・30分],0,0,0,0,0,0,0,0.3,2.61,0.3
20260401B44,平均落札価格（TSO別）[円/kW・30分],0,0,0,0,0,0,0,0.3,2.61,1.13
20260401B44,落札量合計（TSO別）[MW],0,0,0,0,0,0,0,34,19,53
20260401B44,（内訳）自エリアからの落札量[MW],0,0,0,0,0,0,0,34,0,34
20260401B45,募集量（TSO別）[MW],0,0,0,0,0,6,0,34,18,58
20260401B45,応札量合計（電源属地別）[MW],0,38,566.498,18,0,858,16,465,107,2068.498
20260401B45,落札量合計（電源属地別）[MW],0,0,0,0,0,32,0,26,0,58
20260401B45,応札件数（電源属地別）[件],0,1,4,2,0,2,1,4,4,18
20260401B45,落札件数（電源属地別）[件],0,0,0,0,0,1,0,1,0,2
20260401B45,最高落札価格（電源属地別）[円/kW・30分],0,0,0,0,0,0.39,0,0.3,0,0.39
20260401B45,最低落札価格（電源属地別）[円/kW・30分],0,0,0,0,0,0.39,0,0.3,0,0.3
20260401B45,平均落札価格（電源属地別）[円/kW・30分],0,0,0,0,0,0.39,0,0.3,0,0.35
20260401B45,最高落札価格（TSO別）[円/kW・30分],0,0,0,0,0,0.39,0,0.39,0.39,0.39
20260401B45,最低落札価格（TSO別）[円/kW・30分],0,0,0,0,0,0.39,0,0.3,0.39,0.3
20260401B45,平均落札価格（TSO別）[円/kW・30分],0,0,0,0,0,0.39,0,0.32,0.39,0.35
20260401B45,落札量合計（TSO別）[MW],0,0,0,0,0,6,0,34,18,58
20260401B45,（内訳）自エリアからの落札量[MW],0,0,0,0,0,6,0,26,0,32
20260401B46,募集量（TSO別）[MW],0,0,0,0,0,5,0,35,18,58
20260401B46,応札量合計（電源属地別）[MW],0,38,566.498,18,0,715,16,466,94,1913.498
20260401B46,落札量合計（電源属地別）[MW],0,0,0,0,0,32,0,26,0,58
20260401B46,応札件数（電源属地別）[件],0,1,4,2,0,2,1,4,3,17
20260401B46,落札件数（電源属地別）[件],0,0,0,0,0,1,0,1,0,2
20260401B46,最高落札価格（電源属地別）[円/kW・30分],0,0,0,0,0,0.39,0,0.3,0,0.39
20260401B46,最低落札価格（電源属地別）[円/kW・30分],0,0,0,0,0,0.39,0,0.3,0,0.3
20260401B46,平均落札価格（電源属地別）[円/kW・30分],0,0,0,0,0,0.39,0,0.3,0,0.35
20260401B46,最高落札価格（TSO別）[円/kW・30分],0,0,0,0,0,0.39,0,0.39,0.39,0.39
20260401B46,最低落札価格（TSO別）[円/kW・30分],0,0,0,0,0,0.39,0,0.3,0.39,0.3
20260401B46,平均落札価格（TSO別）[円/kW・30分],0,0,0,0,0,0.39,0,0.32,0.39,0.35
20260401B46,落札量合計（TSO別）[MW],0,0,0,0,0,5,0,35,18,58
20260401B46,（内訳）自エリアからの落札量[MW],0,0,0,0,0,5,0,26,0,31
20260401B47,募集量（TSO別）[MW],0,0,0,0,0,5,0,36,16,57
20260401B47,応札量合計（電源属地別）[MW],0,38,566.498,18,0,715,52.422,467,189,2045.92
20260401B47,落札量合計（電源属地別）[MW],0,0,0,0,0,32,0,25,0,57
20260401B47,応札件数（電源属地別）[件],0,1,4,2,0,2,2,4,4,19
20260401B47,落札件数（電源属地別）[件],0,0,0,0,0,1,0,1,0,2
20260401B47,最高落札価格（電源属地別）[円/kW・30分],0,0,0,0,0,0.39,0,0.3,0,0.39
20260401B47,最低落札価格（電源属地別）[円/kW・30分],0,0,0,0,0,0.39,0,0.3,0,0.3
20260401B47,平均落札価格（電源属地別）[円/kW・30分],0,0,0,0,0,0.39,0,0.3,0,0.35
20260401B47,最高落札価格（TSO別）[円/kW・30分],0,0,0,0,0,0.39,0,0.39,0.39,0.39
20260401B47,最低落札価格（TSO別）[円/kW・30分],0,0,0,0,0,0.39,0,0.3,0.39,0.3
20260401B47,平均落札価格（TSO別）[円/kW・30分],0,0,0,0,0,0.39,0,0.33,0.39,0.35
20260401B47,落札量合計（TSO別）[MW],0,0,0,0,0,5,0,36,16,57
20260401B47,（内訳）自エリアからの落札量[MW],0,0,0,0,0,5,0,25,0,30
20260401B48,募集量（TSO別）[MW],0,0,0,0,0,5,0,36,20,61
20260401B48,応札量合計（電源属地別）[MW],0,38,566.498,18,0,715,106.3,467,440,2350.798
20260401B48,落札量合計（電源属地別）[MW],0,0,0,0,0,32,0,29,0,61
20260401B48,応札件数（電源属地別）[件],0,1,4,2,0,2,2,4,6,21
20260401B48,落札件数（電源属地別）[件],0,0,0,0,0,1,0,1,0,2
20260401B48,最高落札価格（電源属地別）[円/kW・30分],0,0,0,0,0,0.39,0,0.3,0,0.39
20260401B48,最低落札価格（電源属地別）[円/kW・30分],0,0,0,0,0,0.39,0,0.3,0,0.3
20260401B48,平均落札価格（電源属地別）[円/kW・30分],0,0,0,0,0,0.39,0,0.3,0,0.35
20260401B48,最高落札価格（TSO別）[円/kW・30分],0,0,0,0,0,0.39,0,0.39,0.39,0.39
20260401B48,最低落札価格（TSO別）[円/kW・30分],0,0,0,0,0,0.39,0,0.3,0.39,0.3
20260401B48,平均落札価格（TSO別）[円/kW・30分],0,0,0,0,0,0.39,0,0.32,0.39,0.35
20260401B48,落札量合計（TSO別）[MW],0,0,0,0,0,5,0,36,20,61
20260401B48,（内訳）自エリアからの落札量[MW],0,0,0,0,0,5,0,29,0,34
20260402B01,募集量（TSO別）[MW],0,0,0,0,0,0,0,12,6,18
20260402B01,応札量合計（電源属地別）[MW],0,18,535.698,18,0,0,106.3,443,637,1757.998
20260402B01,落札量合計（電源属地別）[MW],0,0,0,0,0,0,6,12,0,18
20260402B01,応札件数（電源属地別）[件],0,1,3,2,0,0,2,4,5,17
20260402B01,落札件数（電源属地別）[件],0,0,0,0,0,0,1,1,0,2
20260402B01,最高落札価格（電源属地別）[円/kW・30分],0,0,0,0,0,0,2.13,0.3,0,2.13
20260402B01,最低落札価格（電源属地別）[円/kW・30分],0,0,0,0,0,0,2.13,0.3,0,0.3
20260402B01,平均落札価格（電源属地別）[円/kW・30分],0,0,0,0,0,0,2.13,0.3,0,0.91
20260402B01,最高落札価格（TSO別）[円/kW・30分],0,0,0,0,0,0,0,0.3,2.13,2.13
20260402B01,最低落札価格（TSO別）[円/kW・30分],0,0,0,0,0,0,0,0.3,2.13,0.3
20260402B01,平均落札価格（TSO別）[円/kW・30分],0,0,0,0,0,0,0,0.3,2.13,0.91
20260402B01,落札量合計（TSO別）[MW],0,0,0,0,0,0,0,12,6,18
20260402B01,（内訳）自エリアからの落札量[MW],0,0,0,0,0,0,0,12,0,12
20260402B02,募集量（TSO別）[MW],0,0,0,0,0,0,0,12,5,17
20260402B02,応札量合計（電源属地別）[MW],0,17,535.698,18,0,0,106.3,443,552,1671.998
20260402B02,落札量合計（電源属地別）[MW],0,0,0,0,0,0,5,12,0,17
20260402B02,応札件数（電源属地別）[件],0,1,3,2,0,0,2,4,4,16
20260402B02,落札件数（電源属地別）[件],0,0,0,0,0,0,1,1,0,2
20260402B02,最高落札価格（電源属地別）[円/kW・30分],0,0,0,0,0,0,2.13,0.3,0,2.13
20260402B02,最低落札価格（電源属地別）[円/kW・30分],0,0,0,0,0,0,2.13,0.3,0,0.3
20260402B02,平均落札価格（電源属地別）[円/kW・30分],0,0,0,0,0,0,2.13,0.3,0,0.84
20260402B02,最高落札価格（TSO別）[円/kW・30分],0,0,0,0,0,0,0,0.3,2.13,2.13
20260402B02,最低落札価格（TSO別）[円/kW・30分],0,0,0,0,0,0,0,0.3,2.13,0.3
20260402B02,平均落札価格（TSO別）[円/kW・30分],0,0,0,0,0,0,0,0.3,2.13,0.84
20260402B02,落札量合計（TSO別）[MW],0,0,0,0,0,0,0,12,5,17
20260402B02,（内訳）自エリアからの落札量[MW],0,0,0,0,0,0,0,12,0,12
20260402B03,募集量（TSO別）[MW],0,0,0,0,0,0,0,12,4,16
20260402B03,応札量合計（電源属地別）[MW],0,16,535.698,18,0,0,106.3,443,519,1637.998
20260402B03,落札量合計（電源属地別）[MW],0,0,0,0,0,0,4,12,0,16
20260402B03,応札件数（電源属地別）[件],0,1,3,2,0,0,2,4,5,17
20260402B03,落札件数（電源属地別）[件],0,0,0,0,0,0,1,1,0,2
20260402B03,最高落札価格（電源属地別）[円/kW・30分],0,0,0,0,0,0,2.13,0.3,0,2.13
20260402B03,最低落札価格（電源属地別）[円/kW・30分],0,0,0,0,0,0,2.13,0.3,0,0.3
20260402B03,平均落札価格（電源属地別）[円/kW・30分],0,0,0,0,0,0,2.13,0.3,0,0.76
20260402B03,最高落札価格（TSO別）[円/kW・30分],0,0,0,0,0,0,0,0.3,2.13,2.13
20260402B03,最低落札価格（TSO別）[円/kW・30分],0,0,0,0,0,0,0,0.3,2.13,0.3
20260402B03,平均落札価格（TSO別）[円/kW・30分],0,0,0,0,0,0,0,0.3,2.13,0.76
20260402B03,落札量合計（TSO別）[MW],0,0,0,0,0,0,0,12,4,16
20260402B03,（内訳）自エリアからの落札量[MW],0,0,0,0,0,0,0,12,0,12
20260402B04,募集量（TSO別）[MW],0,0,0,0,0,0,0,12,4,16
20260402B04,応札量合計（電源属地別）[MW],0,16,535.698,18,0,0,106.3,443,503,1621.998
20260402B04,落札量合計（電源属地別）[MW],0,0,0,0,0,0,4,12,0,16
20260402B04,応札件数（電源属地別）[件],0,1,3,2,0,0,2,4,5,17
20260402B04,落札件数（電源属地別）[件],0,0,0,0,0,0,1,1,0,2
20260402B04,最高落札価格（電源属地別）[円/kW・30分],0,0,0,0,0,0,2.13,0.3,0,2.13
20260402B04,最低落札価格（電源属地別）[円/kW・30分],0,0,0,0,0,0,2.13,0.3,0,0.3
20260402B04,平均落札価格（電源属地別）[円/kW・30分],0,0,0,0,0,0,2.13,0.3,0,0.76
20260402B04,最高落札価格（TSO別）[円/kW・30分],0,0,0,0,0,0,0,0.3,2.13,2.13
20260402B04,最低落札価格（TSO別）[円/kW・30分],0,0,0,0,0,0,0,0.3,2.13,0.3
20260402B04,平均落札価格（TSO別）[円/kW・30分],0,0,0,0,0,0,0,0.3,2.13,0.76
20260402B04,落札量合計（TSO別）[MW],0,0,0,0,0,0,0,12,4,16
20260402B04,（内訳）自エリアからの落札量[MW],0,0,0,0,0,0,0,12,0,12
20260402B05,募集量（TSO別）[MW],0,0,0,0,0,0,0,12,4,16
20260402B05,応札量合計（電源属地別）[MW],0,16,535.698,18,0,0,106.3,443,178,1296.998
20260402B05,落札量合計（電源属地別）[MW],0,0,0,0,0,0,4,12,0,16
20260402B05,応札件数（電源属地別）[件],0,1,3,2,0,0,2,4,2,14
20260402B05,落札件数（電源属地別）[件],0,0,0,0,0,0,1,1,0,2
20260402B05,最高落札価格（電源属地別）[円/kW・30分],0,0,0,0,0,0,2.13,0.3,0,2.13
20260402B05,最低落札価格（電源属地別）[円/kW・30分],0,0,0,0,0,0,2.13,0.3,0,0.3
20260402B05,平均落札価格（電源属地別）[円/kW・30分],0,0,0,0,0,0,2.13,0.3,0,0.76
20260402B05,最高落札価格（TSO別）[円/kW・30分],0,0,0,0,0,0,0,0.3,2.13,2.13
20260402B05,最低落札価格（TSO別）[円/kW・30分],0,0,0,0,0,0,0,0.3,2.13,0.3
20260402B05,平均落札価格（TSO別）[円/kW・30分],0,0,0,0,0,0,0,0.3,2.13,0.76
20260402B05,落札量合計（TSO別）[MW],0,0,0,0,0,0,0,12,4,16
20260402B05,（内訳）自エリアからの落札量[MW],0,0,0,0,0,0,0,12,0,12
20260402B06,募集量（TSO別）[MW],0,0,0,0,0,0,0,12,4,16
20260402B06,応札量合計（電源属地別）[MW],0,16,535.698,18,0,0,106.3,443,0,1118.998
20260402B06,落札量合計（電源属地別）[MW],0,0,0,0,0,0,4,12,0,16
20260402B06,応札件数（電源属地別）[件],0,1,3,2,0,0,2,4,0,12
20260402B06,落札件数（電源属地別）[件],0,0,0,0,0,0,1,1,0,2
20260402B06,最高落札価格（電源属地別）[円/kW・30分],0,0,0,0,0,0,2.13,0.3,0,2.13
20260402B06,最低落札価格（電源属地別）[円/kW・30分],0,0,0,0,0,0,2.13,0.3,0,0.3
20260402B06,平均落札価格（電源属地別）[円/kW・30分],0,0,0,0,0,0,2.13,0.3,0,0.76
20260402B06,最高落札価格（TSO別）[円/kW・30分],0,0,0,0,0,0,0,0.3,2.13,2.13
20260402B06,最低落札価格（TSO別）[円/kW・30分],0,0,0,0,0,0,0,0.3,2.13,0.3
20260402B06,平均落札価格（TSO別）[円/kW・30分],0,0,0,0,0,0,0,0.3,2.13,0.76
20260402B06,落札量合計（TSO別）[MW],0,0,0,0,0,0,0,12,4,16
20260402B06,（内訳）自エリアからの落札量[MW],0,0,0,0,0,0,0,12,0,12
20260402B07,募集量（TSO別）[MW],0,0,0,0,0,0,0,0,0,0
20260402B07,応札量合計（電源属地別）[MW],0,0,50.37,18,0,0,106.3,230,0,404.67
20260402B07,落札量合計（電源属地別）[MW],0,0,0,0,0,0,0,0,0,0
20260402B07,応札件数（電源属地別）[件],0,0,2,2,0,0,2,2,0,8
20260402B07,落札件数（電源属地別）[件],0,0,0,0,0,0,0,0,0,0
20260402B07,最高落札価格（電源属地別）[円/kW・30分],0,0,0,0,0,0,0,0,0,0
20260402B07,最低落札価格（電源属地別）[円/kW・30分],0,0,0,0,0,0,0,0,0,0
20260402B07,平均落札価格（電源属地別）[円/kW・30分],0,0,0,0,0,0,0,0,0,0
20260402B07,最高落札価格（TSO別）[円/kW・30分],0,0,0,0,0,0,0,0,0,0
20260402B07,最低落札価格（TSO別）[円/kW・30分],0,0,0,0,0,0,0,0,0,0
20260402B07,平均落札価格（TSO別）[円/kW・30分],0,0,0,0,0,0,0,0,0,0
20260402B07,落札量合計（TSO別）[MW],0,0,0,0,0,0,0,0,0,0
20260402B07,（内訳）自エリアからの落札量[MW],0,0,0,0,0,0,0,0,0,0
20260402B08,募集量（TSO別）[MW],0,0,0,0,0,0,0,0,0,0
20260402B08,応札量合計（電源属地別）[MW],0,0,50.37,18,0,0,106.3,30,0,204.67
20260402B08,落札量合計（電源属地別）[MW],0,0,0,0,0,0,0,0,0,0
20260402B08,応札件数（電源属地別）[件],0,0,2,2,0,0,2,1,0,7
20260402B08,落札件数（電源属地別）[件],0,0,0,0,0,0,0,0,0,0
20260402B08,最高落札価格（電源属地別）[円/kW・30分],0,0,0,0,0,0,0,0,0,0
20260402B08,最低落札価格（電源属地別）[円/kW・30分],0,0,0,0,0,0,0,0,0,0
20260402B08,平均落札価格（電源属地別）[円/kW・30分],0,0,0,0,0,0,0,0,0,0
20260402B08,最高落札価格（TSO別）[円/kW・30分],0,0,0,0,0,0,0,0,0,0
20260402B08,最低落札価格（TSO別）[円/kW・30分],0,0,0,0,0,0,0,0,0,0
20260402B08,平均落札価格（TSO別）[円/kW・30分],0,0,0,0,0,0,0,0,0,0
20260402B08,落札量合計（TSO別）[MW],0,0,0,0,0,0,0,0,0,0
20260402B08,（内訳）自エリアからの落札量[MW],0,0,0,0,0,0,0,0,0,0
20260402B09,募集量（TSO別）[MW],0,0,0,0,0,0,0,0,0,0
20260402B09,応札量合計（電源属地別）[MW],0,0,50.37,18,0,0,106.3,281,0,455.67
20260402B09,落札量合計（電源属地別）[MW],0,0,0,0,0,0,0,0,0,0
20260402B09,応札件数（電源属地別）[件],0,0,2,2,0,0,2,3,0,9
20260402B09,落札件数（電源属地別）[件],0,0,0,0,0,0,0,0,0,0
20260402B09,最高落札価格（電源属地別）[円/kW・30分],0,0,0,0,0,0,0,0,0,0
20260402B09,最低落札価格（電源属地別）[円/kW・30分],0,0,0,0,0,0,0,0,0,0
20260402B09,平均落札価格（電源属地別）[円/kW・30分],0,0,0,0,0,0,0,0,0,0
20260402B09,最高落札価格（TSO別）[円/kW・30分],0,0,0,0,0,0,0,0,0,0
20260402B09,最低落札価格（TSO別）[円/kW・30分],0,0,0,0,0,0,0,0,0,0
20260402B09,平均落札価格（TSO別）[円/kW・30分],0,0,0,0,0,0,0,0,0,0
20260402B09,落札量合計（TSO別）[MW],0,0,0,0,0,0,0,0,0,0
20260402B09,（内訳）自エリアからの落札量[MW],0,0,0,0,0,0,0,0,0,0
20260402B10,募集量（TSO別）[MW],0,0,0,0,0,0,0,0,0,0
20260402B10,応札量合計（電源属地別）[MW],0,0,50.37,18,0,0,106.3,151,0,325.67
20260402B10,落札量合計（電源属地別）[MW],0,0,0,0,0,0,0,0,0,0
20260402B10,応札件数（電源属地別）[件],0,0,2,2,0,0,2,2,0,8
20260402B10,落札件数（電源属地別）[件],0,0,0,0,0,0,0,0,0,0
20260402B10,最高落札価格（電源属地別）[円/kW・30分],0,0,0,0,0,0,0,0,0,0
20260402B10,最低落札価格（電源属地別）[円/kW・30分],0,0,0,0,0,0,0,0,0,0
20260402B10,平均落札価格（電源属地別）[円/kW・30分],0,0,0,0,0,0,0,0,0,0
20260402B10,最高落札価格（TSO別）[円/kW・30分],0,0,0,0,0,0,0,0,0,0
20260402B10,最低落札価格（TSO別）[円/kW・30分],0,0,0,0,0,0,0,0,0,0
20260402B10,平均落札価格（TSO別）[円/kW・30分],0,0,0,0,0,0,0,0,0,0
20260402B10,落札量合計（TSO別）[MW],0,0,0,0,0,0,0,0,0,0
20260402B10,（内訳）自エリアからの落札量[MW],0,0,0,0,0,0,0,0,0,0
20260402B11,募集量（TSO別）[MW],0,5,0,0,0,0,0,0,0,5
20260402B11,応札量合計（電源属地別）[MW],0,5,535.698,18,0,0,106.3,280,0,944.998
20260402B11,落札量合計（電源属地別）[MW],0,5,0,0,0,0,0,0,0,5
20260402B11,応札件数（電源属地別）[件],0,1,3,2,0,0,2,3,0,11
20260402B11,落札件数（電源属地別）[件],0,1,0,0,0,0,0,0,0,1
20260402B11,最高落札価格（電源属地別）[円/kW・30分],0,2.99,0,0,0,0,0,0,0,2.99
20260402B11,最低落札価格（電源属地別）[円/kW・30分],0,2.99,0,0,0,0,0,0,0,2.99
20260402B11,平均落札価格（電源属地別）[円/kW・30分],0,2.99,0,0,0,0,0,0,0,2.99
20260402B11,最高落札価格（TSO別）[円/kW・30分],0,2.99,0,0,0,0,0,0,0,2.99
20260402B11,最低落札価格（TSO別）[円/kW・30分],0,2.99,0,0,0,0,0,0,0,2.99
20260402B11,平均落札価格（TSO別）[円/kW・30分],0,2.99,0,0,0,0,0,0,0,2.99
20260402B11,落札量合計（TSO別）[MW],0,5,0,0,0,0,0,0,0,5
20260402B11,（内訳）自エリアからの落札量[MW],0,5,0,0,0,0,0,0,0,5
20260402B12,募集量（TSO別）[MW],0,7,6,0,0,0,0,0,0,13
20260402B12,応札量合計（電源属地別）[MW],0,13,535.698,18,0,0,106.3,280,72,1024.998
20260402B12,落札量合計（電源属地別）[MW],0,0,40,0,0,0,0,0,0,40
20260402B12,応札件数（電源属地別）[件],0,1,3,2,0,0,2,3,1,12
20260402B12,落札件数（電源属地別）[件],0,0,1,0,0,0,0,0,0,1
20260402B12,最高落札価格（電源属地別）[円/kW・30分],0,0,0.39,0,0,0,0,0,0,0.39
20260402B12,最低落札価格（電源属地別）[円/kW・30分],0,0,0.39,0,0,0,0,0,0,0.39
20260402B12,平均落札価格（電源属地別）[円/kW・30分],0,0,0.39,0,0,0,0,0,0,0.39
20260402B12,最高落札価格（TSO別）[円/kW・30分],0,0.39,0.39,0,0,0,0,0,0,0.39
20260402B12,最低落札価格（TSO別）[円/kW・30分],0,0.39,0.39,0,0,0,0,0,0,0.39
20260402B12,平均落札価格（TSO別）[円/kW・30分],0,0.39,0.39,0,0,0,0,0,0,0.39
20260402B12,落札量合計（TSO別）[MW],0,7,33,0,0,0,0,0,0,40
20260402B12,（内訳）自エリアからの落札量[MW],0,0,33,0,0,0,0,0,0,33
20260402B13,募集量（TSO別）[MW],0,2,2,1,0,0,4,3,1,13
20260402B13,応札量合計（電源属地別）[MW],0,13,579.098,18,1,0,106.3,33,94,844.398
20260402B13,落札量合計（電源属地別）[MW],0,0,0,5,0,0,0,0,48,53
20260402B13,応札件数（電源属地別）[件],0,1,5,2,1,0,2,2,1,14
20260402B13,落札件数（電源属地別）[件],0,0,0,1,0,0,0,0,1,2
20260402B13,最高落札価格（電源属地別）[円/kW・30分],0,0,0,20.08,0,0,0,0,7,20.08
20260402B13,最低落札価格（電源属地別）[円/kW・30分],0,0,0,20.08,0,0,0,0,7,7
20260402B13,平均落札価格（電源属地別）[円/kW・30分],0,0,0,20.08,0,0,0,0,7,8.23
20260402B13,最高落札価格（TSO別）[円/kW・30分],0,20.08,20.08,20.08,0,0,7,7,7,20.08
20260402B13,最低落札価格（TSO別）[円/kW・30分],0,20.08,20.08,20.08,0,0,7,7,7,7
20260402B13,平均落札価格（TSO別）[円/kW・30分],0,20.08,20.08,20.08,0,0,7,7,7,8.23
20260402B13,落札量合計（TSO別）[MW],0,2,2,1,0,0,4,3,41,53
20260402B13,（内訳）自エリアからの落札量[MW],0,0,0,1,0,0,0,0,41,42
20260402B14,募集量（TSO別）[MW],0,6,22,13,1,0,3,17,5,67
20260402B14,応札量合計（電源属地別）[MW],0,67,579.098,19,1,0,106.3,47,94,913.398
20260402B14,落札量合計（電源属地別）[MW],0,0,40,14,0,0,0,0,48,102
20260402B14,応札件数（電源属地別）[件],0,3,5,2,1,0,2,2,1,16
20260402B14,落札件数（電源属地別）[件],0,0,1,1,0,0,0,0,1,3
20260402B14,最高落札価格（電源属地別）[円/kW・30分],0,0,0.48,24.66,0,0,0,0,7.18,24.66
20260402B14,最低落札価格（電源属地別）[円/kW・30分],0,0,0.48,24.66,0,0,0,0,7.18,0.48
20260402B14,平均落札価格（電源属地別）[円/kW・30分],0,0,0.48,24.66,0,0,0,0,7.18,6.95
20260402B14,最高落札価格（TSO別）[円/kW・30分],0,0.48,0.48,24.66,24.66,0,7.18,7.18,7.18,24.66
20260402B14,最低落札価格（TSO別）[円/kW・30分],0,0.48,0.48,24.66,24.66,0,7.18,7.18,7.18,0.48
20260402B14,平均落札価格（TSO別）[円/kW・30分],0,0.48,0.48,24.66,24.66,0,7.18,7.18,7.18,6.95
20260402B14,落札量合計（TSO別）[MW],0,6,34,13,1,0,3,17,28,102
20260402B14,（内訳）自エリアからの落札量[MW],0,0,34,13,0,0,0,0,28,75
20260402B15,募集量（TSO別）[MW],0,8,40,15,5,0,33,42,144,287
20260402B15,応札量合計（電源属地別）[MW],0,265,579.098,19,0,0,106.3,273,94,1336.398
20260402B15,落札量合計（電源属地別）[MW],0,8,40,19,0,0,90.3,42,86.7,286
20260402B15,応札件数（電源属地別）[件],0,3,5,2,0,0,2,3,1,16
20260402B15,落札件数（電源属地別）[件],0,1,1,2,0,0,1,1,1,7
20260402B15,最高落札価格（電源属地別）[円/kW・30分],0,3.08,3.71,24.66,0,0,2.13,0.3,7.28,24.66
20260402B15,最低落札価格（電源属地別）[円/kW・30分],0,3.08,3.71,20.08,0,0,2.13,0.3,7.28,0.3
20260402B15,平均落札価格（電源属地別）[円/kW・30分],0,3.08,3.71,23.45,0,0,2.13,0.3,7.28,5.09
20260402B15,最高落札価格（TSO別）[円/kW・30分],0,3.08,3.71,24.66,24.66,0,2.13,0.3,7.28,24.66
20260402B15,最低落札価格（TSO別）[円/kW・30分],0,3.08,3.71,20.08,24.66,0,2.13,0.3,2.13,0.3
20260402B15,平均落札価格（TSO別）[円/kW・30分],0,3.08,3.71,23.13,24.66,0,2.13,0.3,5.23,5.09
20260402B15,落札量合計（TSO別）[MW],0,8,40,15,4,0,33,42,144,286
20260402B15,（内訳）自エリアからの落札量[MW],0,8,40,15,0,0,33,42,86.7,224.7
20260402B16,募集量（TSO別）[MW],0,12,58,23,9,19,56,67,353,597
20260402B16,応札量合計（電源属地別）[MW],0,574,579.098,281,0,36,106.3,298,379,2253.398
20260402B16,落札量合計（電源属地別）[MW],0,12,75.7,66,0,36,90.3,67,250,597
20260402B16,応札件数（電源属地別）[件],0,4,5,6,0,1,2,3,2,23
20260402B16,落札件数（電源属地別）[件],0,2,1,1,0,1,1,1,1,8
20260402B16,最高落札価格（電源属地別）[円/kW・30分],0,1.88,3.29,2.67,0,0.39,2.13,0.3,6.42,6.42
20260402B16,最低落札価格（電源属地別）[円/kW・30分],0,1.82,3.29,2.67,0,0.39,2.13,0.3,6.42,0.3
20260402B16,平均落札価格（電源属地別）[円/kW・30分],0,1.85,3.29,2.67,0,0.39,2.13,0.3,6.42,3.82
20260402B16,最高落札価格（TSO別）[円/kW・30分],0,1.88,3.29,2.67,2.67,0.39,2.13,0.3,6.42,6.42
20260402B16,最低落札価格（TSO別）[円/kW・30分],0,1.82,3.29,2.67,2.67,0.39,2.13,0.3,0.39,0.3
20260402B16,平均落札価格（TSO別）[円/kW・30分],0,1.85,3.29,2.67,2.67,0.39,2.13,0.3,5.19,3.82
20260402B16,落札量合計（TSO別）[MW],0,12,58,23,9,19,56,67,353,597
20260402B16,（内訳）自エリアからの落札量[MW],0,12,58,23,0,19,56,67,250,485
20260402B17,募集量（TSO別）[MW],0,19,76,54,14,29,71,95,409,767
20260402B17,応札量合計（電源属地別）[MW],0,680,662.954,307,0,55,106.3,326,766,2903.254
20260402B17,落札量合計（電源属地別）[MW],0,19,76,235,0,55,90.3,95,196.7,767
20260402B17,応札件数（電源属地別）[件],0,4,7,6,0,1,2,3,4,27
20260402B17,落札件数（電源属地別）[件],0,2,1,3,0,1,1,1,2,11
20260402B17,最高落札価格（電源属地別）[円/kW・30分],0,2.68,12.28,4.83,0,0.39,2.13,0.3,6.72,12.28
20260402B17,最低落札価格（電源属地別）[円/kW・30分],0,2.49,12.28,4.8,0,0.39,2.13,0.3,5.14,0.3
20260402B17,平均落札価格（電源属地別）[円/kW・30分],0,2.61,12.28,4.82,0,0.39,2.13,0.3,6.31,4.69
20260402B17,最高落札価格（TSO別）[円/kW・30分],0,2.68,12.28,4.8,4.8,0.39,2.13,0.3,6.72,12.28
20260402B17,最低落札価格（TSO別）[円/kW・30分],0,2.49,12.28,4.8,4.8,0.39,2.13,0.3,0.39,0.3
20260402B17,平均落札価格（TSO別）[円/kW・30分],0,2.61,12.28,4.8,4.8,0.39,2.13,0.3,5.13,4.69
20260402B17,落札量合計（TSO別）[MW],0,19,76,54,14,29,71,95,409,767
20260402B17,（内訳）自エリアからの落札量[MW],0,19,76,54,0,29,71,95,196.7,540.7
20260402B18,募集量（TSO別）[MW],0,27,86,97,19,39,107,122,596,1093
20260402B18,応札量合計（電源属地別）[MW],0,445,93.77,472.462,0,74,126.3,353,866,2430.532
20260402B18,落札量合計（電源属地別）[MW],0,27,86,375.462,0,74,41.538,122,367,1093
20260402B18,応札件数（電源属地別）[件],0,3,4,6,0,1,3,4,4,25
20260402B18,落札件数（電源属地別）[件],0,2,4,4,0,1,2,1,3,17
20260402B18,最高落札価格（電源属地別）[円/kW・30分],0,2.41,79.15,1.27,0,0.39,2.13,0.3,6.37,79.15
20260402B18,最低落札価格（電源属地別）[円/kW・30分],0,1.82,46.15,1.18,0,0.39,0.39,0.3,4.67,0.3
20260402B18,平均落札価格（電源属地別）[円/kW・30分],0,2.26,65.8,1.22,0,0.39,1.29,0.3,5.97,7.76
20260402B18,最高落札価格（TSO別）[円/kW・30分],0,2.41,79.15,1.18,1.2,0.39,2.13,0.3,6.37,79.15
20260402B18,最低落札価格（TSO別）[円/kW・30分],0,1.82,46.15,1.18,1.18,0.39,0.39,0.3,1.2,0.3
20260402B18,平均落札価格（TSO別）[円/kW・30分],0,2.26,65.8,1.18,1.18,0.39,0.97,0.3,4.15,7.76
20260402B18,落札量合計（TSO別）[MW],0,27,86,97,19,39,107,122,596,1093
20260402B18,（内訳）自エリアからの落札量[MW],0,27,86,97,0,39,41.538,122,367,779.538
20260402B19,募集量（TSO別）[MW],77,63,307,284,13,367,243,408,638,2400
20260402B19,応札量合計（電源属地別）[MW],6,858.033,110.77,490.462,0,884.495,261.3,468,699,3778.06
20260402B19,落札量合計（電源属地別）[MW],6,134,110.77,297,0,832,214.788,267,342.212,2203.77
20260402B19,応札件数（電源属地別）[件],1,7,5,9,0,5,3,3,5,38
20260402B19,落札件数（電源属地別）[件],1,1,5,4,0,2,2,2,3,20
20260402B19,最高落札価格（電源属地別）[円/kW・30分],9.87,1.11,79.15,4.19,0,0.39,2.13,0.3,5.75,79.15
20260402B19,最低落札価格（電源属地別）[円/kW・30分],9.87,1.11,31.21,0.82,0,0.39,0.62,0.3,4,0.3
20260402B19,平均落札価格（電源属地別）[円/kW・30分],9.87,1.11,61.42,1.43,0,0.39,1.04,0.3,5.43,4.5
20260402B19,最高落札価格（TSO別）[円/kW・30分],9.87,1.11,79.15,4.19,4.19,0.39,2.13,0.39,5.75,79.15
20260402B19,最低落札価格（TSO別）[円/kW・30分],1.11,1.11,31.21,0.82,4.19,0.39,0.39,0.3,0.39,0.3
20260402B19,平均落札価格（TSO別）[円/kW・30分],1.79,1.11,61.42,1.3,4.19,0.39,0.96,0.33,3.09,4.5
20260402B19,落札量合計（TSO別）[MW],77,63,110.77,284,13,367,243,408,638,2203.77
20260402B19,（内訳）自エリアからの落札量[MW],6,63,110.77,284,0,367,214.788,267,342.212,1654.77
20260402B20,募集量（TSO別）[MW],86,82,351,369,17,412,301,460,581,2659
20260402B20,応札量合計（電源属地別）[MW],6,644.533,729.982,375.262,0,905.495,306.3,442,694,4103.572
20260402B20,落札量合計（電源属地別）[MW],6,157,485.328,352.762,0,853,267.91,241,291,2654
20260402B20,応札件数（電源属地別）[件],1,7,9,8,0,5,3,3,5,41
20260402B20,落札件数（電源属地別）[件],1,1,1,4,0,2,2,2,2,15
20260402B20,最高落札価格（電源属地別）[円/kW・30分],9.87,0.96,0.39,1.22,0,0.39,2.13,0.3,4.82,9.87
20260402B20,最低落札価格（電源属地別）[円/kW・30分],9.87,0.96,0.39,0.97,0,0.39,0.47,0.3,3.15,0.3
20260402B20,平均落札価格（電源属地別）[円/kW・30分],9.87,0.96,0.39,1.06,0,0.39,0.89,0.3,4.53,1.03
20260402B20,最高落札価格（TSO別）[円/kW・30分],9.87,0.96,0.39,1.22,0.39,0.39,2.13,0.39,4.82,9.87
20260402B20,最低落札価格（TSO別）[円/kW・30分],0.96,0.96,0.39,0.39,0.39,0.39,0.39,0.3,0.39,0.3
20260402B20,平均落札価格（TSO別）[円/kW・30分],1.62,0.96,0.39,1.03,0.39,0.39,0.84,0.34,2.46,1.03
20260402B20,落札量合計（TSO別）[MW],81,82,351,369,17,412,301,460,581,2654
20260402B20,（内訳）自エリアからの落札量[MW],6,82,351,352.762,0,412,267.91,241,291,2003.672
20260402B21,募集量（TSO別）[MW],93,101,441,354,20,435,326,497,774,3041
20260402B21,応札量合計（電源属地別）[MW],6,123.033,820.079,279,0,920.038,343.88,434,690,3616.03
20260402B21,落札量合計（電源属地別）[MW],6,45,700,246,0,873.6,327.88,233,597.52,3029
20260402B21,応札件数（電源属地別）[件],1,5,12,8,0,6,6,3,5,46
20260402B21,落札件数（電源属地別）[件],1,2,6,3,0,3,5,2,4,26
20260402B21,最高落札価格（電源属地別）[円/kW・30分],9.87,3.83,40,2.95,0,2.71,2.13,0.3,3.64,40
20260402B21,最低落札価格（電源属地別）[円/kW・30分],9.87,3.19,0.39,2.93,0,0.39,0.39,0.3,1.79,0.3
20260402B21,平均落札価格（電源属地別）[円/kW・30分],9.87,3.29,1.91,2.94,0,0.42,0.87,0.3,3.39,1.66
20260402B21,最高落札価格（TSO別）[円/kW・30分],9.87,3.83,0.39,6.98,40,0.39,2.13,0.39,3.64,40
20260402B21,最低落札価格（TSO別）[円/kW・30分],0.39,2.98,0.39,2.93,6.98,0.39,0.39,0.3,0.39,0.3
20260402B21,平均落札価格（TSO別）[円/kW・30分],2.07,3.16,0.39,4.03,9.28,0.39,0.86,0.35,2.74,1.66
20260402B21,落札量合計（TSO別）[MW],81,101,441,354,20,435,326,497,774,3029
20260402B21,（内訳）自エリアからの落札量[MW],6,45,441,246,0,435,326,233,597.52,2329.52
20260402B22,募集量（TSO別）[MW],97,123,499,356,24,447,386,520,911,3363
20260402B22,応札量合計（電源属地別）[MW],6,277.533,823.699,280.5,0,925.038,401.681,438,691,3843.451
20260402B22,落札量合計（電源属地別）[MW],6,198,701.719,251,0,878.6,385.681,237,689,3347
20260402B22,応札件数（電源属地別）[件],1,7,12,8,0,6,4,3,5,46
20260402B22,落札件数（電源属地別）[件],1,3,5,3,0,3,3,2,4,24
20260402B22,最高落札価格（電源属地別）[円/kW・30分],9.87,3.11,6.63,20.08,0,2.71,2.13,0.3,1.41,20.08
20260402B22,最低落札価格（電源属地別）[円/kW・30分],9.87,2.3,0.39,4.68,0,0.39,0.39,0.3,0.39,0.3
20260402B22,平均落札価格（電源属地別）[円/kW・30分],9.87,2.45,1.82,5.01,0,0.42,0.8,0.3,1.24,1.4
20260402B22,最高落札価格（TSO別）[円/kW・30分],9.87,2.3,3.19,20.08,6.43,0.39,2.13,0.39,6.63,20.08
20260402B22,最低落札価格（TSO別）[円/kW・30分],2.3,2.3,0.39,3.19,6.43,0.39,0.39,0.3,0.39,0.3
20260402B22,平均落札価格（TSO別）[円/kW・30分],3.22,2.3,0.47,4.66,6.43,0.39,0.8,0.35,1.56,1.4
20260402B22,落札量合計（TSO別）[MW],81,123,499,356,24,447,386,520,911,3347
20260402B22,（内訳）自エリアからの落札量[MW],6,123,499,251,0,447,385.681,237,689,2637.681
20260402B23,募集量（TSO別）[MW],97,141,603,395,27,452,397,531,969,3612
20260402B23,応札量合計（電源属地別）[MW],6,282.033,842.849,279,0,931.127,306.3,444,690,3781.309
20260402B23,落札量合計（電源属地別）[MW],6,211.2,764.8,265,0,910.7,306.3,444,688,3596
20260402B23,応札件数（電源属地別）[件],1,6,13,7,0,6,3,3,5,44
20260402B23,落札件数（電源属地別）[件],1,4,9,4,0,4,3,3,4,32
20260402B23,最高落札価格（電源属地別）[円/kW・30分],9.87,36,46.95,24.66,0,36.42,30.73,9.8,1.18,46.95
20260402B23,最低落札価格（電源属地別）[円/kW・30分],9.87,2.72,0.39,6.05,0,0.39,0.39,0.3,0.39,0.3
20260402B23,平均落札価格（電源属地別）[円/kW・30分],9.87,3.97,4.21,7.32,0,1.57,2.49,4.6,1.03,3.06
20260402B23,最高落札価格（TSO別）[円/kW・30分],36,2.72,3.26,31.21,46.95,0.39,30.73,9.8,36.42,46.95
20260402B23,最低落札価格（TSO別）[円/kW・30分],2.72,2.72,0.39,6.05,31.21,0.39,0.39,0.3,0.39,0.3
20260402B23,平均落札価格（TSO別）[円/kW・30分],6.74,2.72,0.93,8.45,45.59,0.39,2.01,3.91,1.95,3.06
20260402B23,落札量合計（TSO別）[MW],81,141,603,395,27,452,397,531,969,3596
20260402B23,（内訳）自エリアからの落札量[MW],6,141,603,265,0,452,306.3,444,688,2905.3
20260402B24,募集量（TSO別）[MW],95,148,676,506,30,449,400,533,1011,3848
20260402B24,応札量合計（電源属地別）[MW],6,325.033,723.999,279,7.744,929.127,401.681,448,690,3810.584
20260402B24,落札量合計（電源属地別）[MW],6,223,723.999,279,7.744,879.6,385.681,416.719,690,3611.743
20260402B24,応札件数（電源属地別）[件],1,6,11,7,1,6,4,3,5,44
20260402B24,落札件数（電源属地別）[件],1,2,11,7,1,3,3,3,5,36
20260402B24,最高落札価格（電源属地別）[円/kW・30分],9.87,3.35,79.15,200,0.39,2.71,2.13,9.8,197,200
20260402B24,最低落札価格（電源属地別）[円/kW・30分],9.87,3,10.77,6.16,0.39,0.39,0.39,0.3,0.39,0.3
20260402B24,平均落札価格（電源属地別）[円/kW・30分],9.87,3.03,19.2,11.05,0.39,0.42,0.8,4.17,1.81,5.92
20260402B24,最高落札価格（TSO別）[円/kW・30分],9.87,3,70,200,0.39,0.39,2.13,9.8,197,200
20260402B24,最低落札価格（TSO別）[円/kW・30分],3,3,10.77,6.16,0.39,0.39,0.39,0.3,0.39,0.3
20260402B24,平均落札価格（TSO別）[円/kW・30分],3.6,3,15.19,20.53,0.39,0.39,0.78,3.34,1.4,5.92
20260402B24,落札量合計（TSO別）[MW],81,148,676,326.999,7.744,449,400,533,990,3611.743
20260402B24,（内訳）自エリアからの落札量[MW],6,148,676,279,7.744,449,385.681,416.719,690,3058.144
20260402B25,募集量（TSO別）[MW],201,144,587,544,51,594,495,197,1059,3872
20260402B25,応札量合計（電源属地別）[MW],48,388.033,753.573,279,171.588,994.729,358.115,398,642,4033.038
20260402B25,落札量合計（電源属地別）[MW],48,219,753.573,279,171.588,994.729,358.115,197,642,3663.005
20260402B25,応札件数（電源属地別）[件],2,8,12,7,2,5,4,3,5,48
20260402B25,落札件数（電源属地別）[件],2,4,12,7,2,5,4,2,5,43
20260402B25,最高落札価格（電源属地別）[円/kW・30分],9.87,5.16,79.15,200,0.39,75,30.73,0.3,197,200
20260402B25,最低落札価格（電源属地別）[円/kW・30分],1.24,2.48,0.39,6.29,0.39,0.39,0.39,0.3,0.39,0.3
20260402B25,平均落札価格（電源属地別）[円/kW・30分],2.32,3.59,12.21,11.17,0.39,2.59,2.18,0.3,1.38,4.8
20260402B25,最高落札価格（TSO別）[円/kW・30分],9.87,3.95,7.27,200,0.39,0.39,30.73,0.3,197,200
20260402B25,最低落札価格（TSO別）[円/kW・30分],1.24,2.48,0.39,0.39,0.39,0.39,0.39,0.3,0.39,0.3
20260402B25,平均落札価格（TSO別）[円/kW・30分],3.58,3.18,1.56,21.02,0.39,0.39,1.69,0.3,3.43,4.8
20260402B25,落札量合計（TSO別）[MW],123,144,587,544,51,594,495,197,928.005,3663.005
20260402B25,（内訳）自エリアからの落札量[MW],48,144,587,279,51,594,358.115,197,642,2900.115
20260402B26,募集量（TSO別）[MW],188,154,635,587,57,577,482,196,1064,3940
20260402B26,応札量合計（電源属地別）[MW],109,305.533,866.417,280.5,234.372,986.729,409.256,397,642,4230.807
20260402B26,落札量合計（電源属地別）[MW],109,227.5,754.941,266.5,234.372,964.431,409.256,196,642,3804
20260402B26,応札件数（電源属地別）[件],2,8,15,8,2,5,4,3,5,52
20260402B26,落札件数（電源属地別）[件],2,5,8,5,2,4,4,2,5,37
20260402B26,最高落札価格（電源属地別）[円/kW・30分],9.87,21.12,31.21,24.98,0.39,36.55,30.73,0.3,197,197
20260402B26,最低落札価格（電源属地別）[円/kW・30分],1.01,2.84,0.39,5.98,0.39,0.39,0.39,0.3,0.39,0.3
20260402B26,平均落札価格（電源属地別）[円/kW・30分],1.5,4.78,4.9,7.35,0.39,1.34,1.96,0.3,1,2.58
20260402B26,最高落札価格（TSO別）[円/kW・30分],21.12,5.93,11.52,31.21,0.39,0.39,30.73,0.3,197,197
20260402B26,最低落札価格（TSO別）[円/kW・30分],1.01,2.84,0.39,0.39,0.39,0.39,0.39,0.3,0.39,0.3
20260402B26,平均落札価格（TSO別）[円/kW・30分],3.48,4.07,2.15,7.41,0.39,0.39,1.72,0.3,1.8,2.58
20260402B26,落札量合計（TSO別）[MW],184,154,635,587,57,577,482,196,932,3804
20260402B26,（内訳）自エリアからの落札量[MW],109,154,635,266.5,57,577,409.256,196,642,3045.756
20260402B27,募集量（TSO別）[MW],178,153,677,370,51,544,423,192,1042,3630
20260402B27,応札量合計（電源属地別）[MW],6,382.033,811.811,33,10.131,970.729,328.727,393,646,3581.431
20260402B27,落札量合計（電源属地別）[MW],6,228,811.811,33,10.131,970.729,328.727,192,646,3226.398
20260402B27,応札件数（電源属地別）[件],1,8,13,5,1,5,4,3,5,45
20260402B27,落札件数（電源属地別）[件],1,4,13,5,1,5,4,2,5,40
20260402B27,最高落札価格（電源属地別）[円/kW・30分],9.87,4.29,79.15,200,28,65,30.73,0.3,197,200
20260402B27,最低落札価格（電源属地別）[円/kW・30分],9.87,1.94,0.39,20.08,28,0.39,0.48,0.3,0.39,0.3
20260402B27,平均落札価格（電源属地別）[円/kW・30分],9.87,3.25,12.04,47.39,28,2.52,2.56,0.3,1.73,5.23
20260402B27,最高落札価格（TSO別）[円/kW・30分],9.87,4,22.12,200,28,0.39,30.73,0.3,197,200
20260402B27,最低落札価格（TSO別）[円/kW・30分],4,1.94,0.39,0.39,0.39,0.39,0.39,0.3,0.39,0.3
20260402B27,平均落札価格（TSO別）[円/kW・30分],4.46,2.87,2.88,25.59,5.87,0.39,2.07,0.3,4.38,5.23
20260402B27,落札量合計（TSO別）[MW],81,153,677,370,51,544,423,192,735.398,3226.398
20260402B27,（内訳）自エリアからの落札量[MW],6,153,677,33,10.131,544,328.727,192,646,2589.858
20260402B28,募集量（TSO別）[MW],164,157,695,368,51,501,390,185,1005,3516
20260402B28,応札量合計（電源属地別）[MW],6,383.533,839.701,34.5,10.131,953.229,379.254,386,645,3637.348
20260402B28,落札量合計（電源属地別）[MW],6,232,839.701,34.5,10.131,894,305.083,185,645,3151.415
20260402B28,応札件数（電源属地別）[件],1,8,14,6,1,6,4,3,5,48
20260402B28,落札件数（電源属地別）[件],1,2,14,6,1,2,3,2,5,36
20260402B28,最高落札価格（電源属地別）[円/kW・30分],9.87,2.58,79.15,200,28,0.39,2.67,0.3,197,200
20260402B28,最低落札価格（電源属地別）[円/kW・30分],9.87,2.13,0.39,20.08,28,0.39,0.48,0.3,0.39,0.3
20260402B28,平均落札価格（電源属地別）[円/kW・30分],9.87,2.52,11.73,46.42,28,0.39,1.07,0.3,2.17,4.61
20260402B28,最高落札価格（TSO別）[円/kW・30分],9.87,2.58,22.49,200,28,0.39,2.67,0.3,197,200
20260402B28,最低落札価格（TSO別）[円/kW・30分],2.58,2.13,0.39,0.39,28,0.39,0.39,0.3,0.39,0.3
20260402B28,平均落札価格（TSO別）[円/kW・30分],3.12,2.49,2.59,46.62,28,0.39,0.93,0.3,1.63,4.61
20260402B28,落札量合計（TSO別）[MW],81,157,695,207.284,10.131,501,390,185,925,3151.415
20260402B28,（内訳）自エリアからの落札量[MW],6,157,695,34.5,10.131,501,305.083,185,645,2538.714
20260402B29,募集量（TSO別）[MW],147,144,704,339,47,464,379,172,947,3343
20260402B29,応札量合計（電源属地別）[MW],6,417.533,854.141,589.962,160.79,936.229,397.628,373,644,4379.283
20260402B29,落札量合計（電源属地別）[MW],6,219,706.5,336.5,81.202,877,211.798,172,644,3254
20260402B29,応札件数（電源属地別）[件],1,8,14,10,3,6,5,3,5,55
20260402B29,落札件数（電源属地別）[件],1,1,6,4,2,2,2,2,5,25
20260402B29,最高落札価格（電源属地別）[円/kW・30分],9.87,2.29,31.21,24.98,0.39,0.39,0.39,0.3,197,197
20260402B29,最低落札価格（電源属地別）[円/kW・30分],9.87,2.29,0.39,2.39,0.39,0.39,0.39,0.3,0.39,0.3
20260402B29,平均落札価格（電源属地別）[円/kW・30分],9.87,2.29,2.7,6.54,0.39,0.39,0.39,0.3,1.64,1.92
20260402B29,最高落札価格（TSO別）[円/kW・30分],9.87,2.29,31.21,31.21,0.39,0.39,0.39,0.3,197,197
20260402B29,最低落札価格（TSO別）[円/kW・30分],2.29,2.29,0.39,2.39,0.39,0.39,0.39,0.3,0.39,0.3
20260402B29,平均落札価格（TSO別）[円/kW・30分],2.85,2.29,2.6,6.72,0.39,0.39,0.39,0.3,1.26,1.92
20260402B29,落札量合計（TSO別）[MW],81,144,704,339,47,464,379,172,924,3254
20260402B29,（内訳）自エリアからの落札量[MW],6,144,704,336.5,47,464,211.798,172,644,2729.298
20260402B30,募集量（TSO別）[MW],127,128,685,323,40,414,366,156,871,3110
20260402B30,応札量合計（電源属地別）[MW],6,418.533,881.175,341.748,10.131,913.229,382.055,357,649,3958.871
20260402B30,落札量合計（電源属地別）[MW],6,203,720.252,327.748,0,854,206,156,591,3064
20260402B30,応札件数（電源属地別）[件],1,7,15,8,1,6,5,3,5,51
20260402B30,落札件数（電源属地別）[件],1,1,7,5,0,2,2,2,4,24
20260402B30,最高落札価格（電源属地別）[円/kW・30分],9.87,2.29,40,24.98,0,0.39,0.64,0.3,1.8,40
20260402B30,最低落札価格（電源属地別）[円/kW・30分],9.87,2.29,0.39,3.61,0,0.39,0.39,0.3,0.39,0.3
20260402B30,平均落札価格（電源属地別）[円/kW・30分],9.87,2.29,2.63,4.87,0,0.39,0.48,0.3,1.58,1.77
20260402B30,最高落札価格（TSO別）[円/kW・30分],9.87,2.29,9.83,24.66,40,0.39,0.64,0.3,1.8,40
20260402B30,最低落札価格（TSO別）[円/kW・30分],2.29,2.29,0.39,3.61,9.83,0.39,0.39,0.3,0.39,0.3
20260402B30,平均落札価格（TSO別）[円/kW・30分],2.85,2.29,2.1,4.57,14.42,0.39,0.44,0.3,1.2,1.77
20260402B30,落札量合計（TSO別）[MW],81,128,685,323,40,414,366,156,871,3064
20260402B30,（内訳）自エリアからの落札量[MW],6,128,685,323,0,414,206,156,591,2509
20260402B31,募集量（TSO別）[MW],99,115,562,290,51,151,310,228,481,2287
20260402B31,応札量合計（電源属地別）[MW],6,567.033,922.893,399.786,10.131,416.229,326.416,429,685,3762.488
20260402B31,落札量合計（電源属地別）[MW],6,147.65,604.35,378.786,0,357,220.116,228,327.098,2269
20260402B31,応札件数（電源属地別）[件],1,5,16,6,1,6,4,3,5,47
20260402B31,落札件数（電源属地別）[件],1,1,3,3,0,2,2,2,3,17
20260402B31,最高落札価格（電源属地別）[円/kW・30分],9.87,2.64,2.25,1.1,0,0.39,0.39,0.3,1.78,9.87
20260402B31,最低落札価格（電源属地別）[円/kW・30分],9.87,2.64,0.39,1.08,0,0.39,0.39,0.3,0.39,0.3
20260402B31,平均落札価格（電源属地別）[円/kW・30分],9.87,2.64,0.73,1.09,0,0.39,0.39,0.3,1.51,0.92
20260402B31,最高落札価格（TSO別）[円/kW・30分],9.87,2.64,2.25,1.1,1.1,0.39,0.39,0.3,1.78,9.87
20260402B31,最低落札価格（TSO別）[円/kW・30分],2.25,2.64,0.39,1.08,1.1,0.39,0.39,0.3,0.39,0.3
20260402B31,平均落札価格（TSO別）[円/kW・30分],2.97,2.64,0.62,1.09,1.1,0.39,0.39,0.3,1.21,0.92
20260402B31,落札量合計（TSO別）[MW],81,115,562,290,51,151,310,228,481,2269
20260402B31,（内訳）自エリアからの落札量[MW],6,115,562,290,0,151,220.116,228,327.098,1899.214
20260402B32,募集量（TSO別）[MW],78,94,475,156,41,122,280,192,291,1729
20260402B32,応札量合計（電源属地別）[MW],6,408.033,852.231,273.1,10.131,347.229,300.146,393,685,3274.87
20260402B32,落札量合計（電源属地別）[MW],6,134.35,534.904,229,0,297.6,284.146,192,51,1729
20260402B32,応札件数（電源属地別）[件],1,4,15,6,1,6,4,3,5,45
20260402B32,落札件数（電源属地別）[件],1,1,2,2,0,3,3,2,1,15
20260402B32,最高落札価格（電源属地別）[円/kW・30分],9.87,2.94,1.94,0.87,0,2.71,2.13,0.3,2.84,9.87
20260402B32,最低落札価格（電源属地別）[円/kW・30分],9.87,2.94,0.39,0.84,0,0.39,0.39,0.3,2.84,0.3
20260402B32,平均落札価格（電源属地別）[円/kW・30分],9.87,2.94,0.53,0.86,0,0.46,0.94,0.3,2.84,0.89
20260402B32,最高落札価格（TSO別）[円/kW・30分],9.87,2.94,0.39,0.87,0.87,0.39,2.13,0.3,2.84,9.87
20260402B32,最低落札価格（TSO別）[円/kW・30分],0.39,2.94,0.39,0.84,0.87,0.39,0.39,0.3,0.39,0.3
20260402B32,平均落札価格（TSO別）[円/kW・30分],2.86,2.94,0.39,0.86,0.87,0.39,0.93,0.3,1.12,0.89
20260402B32,落札量合計（TSO別）[MW],78,94,475,156,41,122,280,192,291,1729
20260402B32,（内訳）自エリアからの落札量[MW],6,94,475,156,0,122,280,192,51,1376
20260402B33,募集量（TSO別）[MW],57,64,354,63,33,89,255,154,252,1321
20260402B33,応札量合計（電源属地別）[MW],6,654.033,721.999,37,0,269.229,273.581,355,686,3002.842
20260402B33,落札量合計（電源属地別）[MW],0,121,485.328,16,0,219.6,257.581,154,67.491,1321
20260402B33,応札件数（電源属地別）[件],1,6,11,4,0,6,4,3,5,40
20260402B33,落札件数（電源属地別）[件],0,1,1,1,0,3,3,2,2,13
20260402B33,最高落札価格（電源属地別）[円/kW・30分],0,0.99,0.39,3.84,0,2.71,2.13,0.3,5.58,5.58
20260402B33,最低落札価格（電源属地別）[円/kW・30分],0,0.99,0.39,3.84,0,0.39,0.39,0.3,4,0.3
20260402B33,平均落札価格（電源属地別）[円/kW・30分],0,0.99,0.39,3.84,0,0.49,1.02,0.3,4.39,0.82
20260402B33,最高落札価格（TSO別）[円/kW・30分],0.99,0.99,0.39,3.84,0.39,0.39,2.13,0.3,5.58,5.58
20260402B33,最低落札価格（TSO別）[円/kW・30分],0.99,0.99,0.39,0.39,0.39,0.39,0.39,0.3,0.39,0.3
20260402B33,平均落札価格（TSO別）[円/kW・30分],0.99,0.99,0.39,1.27,0.39,0.39,1,0.3,1.57,0.82
20260402B33,落札量合計（TSO別）[MW],57,64,354,63,33,89,255,154,252,1321
20260402B33,（内訳）自エリアからの落札量[MW],0,64,354,16,0,89,255,154,67.491,999.491
20260402B34,募集量（TSO別）[MW],36,41,211,12,23,56,171,114,271,935
20260402B34,応札量合計（電源属地別）[MW],6,579.033,721.999,16,0,165.229,188.768,334,432,2443.029
20260402B34,落札量合計（電源属地別）[MW],0,38,398.427,0,0,106,158.503,114,120.07,935
20260402B34,応札件数（電源属地別）[件],1,5,11,2,0,5,4,3,4,35
20260402B34,落札件数（電源属地別）[件],0,1,1,0,0,1,2,1,1,7
20260402B34,最高落札価格（電源属地別）[円/kW・30分],0,2.03,2.32,0,0,0.39,2.13,0.29,6.51,6.51
20260402B34,最低落札価格（電源属地別）[円/kW・30分],0,2.03,2.32,0,0,0.39,1.59,0.29,6.51,0.29
20260402B34,平均落札価格（電源属地別）[円/kW・30分],0,2.03,2.32,0,0,0.39,1.67,0.29,6.51,2.27
20260402B34,最高落札価格（TSO別）[円/kW・30分],2.32,2.32,2.32,2.32,2.32,0.39,2.13,0.29,6.51,6.51
20260402B34,最低落札価格（TSO別）[円/kW・30分],2.32,2.03,2.32,2.32,2.32,0.39,0.39,0.29,0.39,0.29
20260402B34,平均落札価格（TSO別）[円/kW・30分],2.32,2.05,2.32,2.32,2.32,0.39,1.58,0.29,3.91,2.27
20260402B34,落札量合計（TSO別）[MW],36,41,211,12,23,56,171,114,271,935
20260402B34,（内訳）自エリアからの落札量[MW],0,38,211,0,0,56,158.503,114,120.07,697.573
20260402B35,募集量（TSO別）[MW],8,20,76,0,13,15,67,73,161,433
20260402B35,応札量合計（電源属地別）[MW],6,484.033,605.803,16,0,52.597,86,304,76,1630.433
20260402B35,落札量合計（電源属地別）[MW],0,0,104,16,0,52.597,86,73,76,407.597
20260402B35,応札件数（電源属地別）[件],1,5,8,2,0,3,2,3,2,26
20260402B35,落札件数（電源属地別）[件],0,0,1,2,0,3,2,1,2,11
20260402B35,最高落札価格（電源属地別）[円/kW・30分],0,0,0.39,200,0,33.48,30.73,0.3,197,200
20260402B35,最低落札価格（電源属地別）[円/kW・30分],0,0,0.39,24.66,0,2.71,0.39,0.3,6.54,0.3
20260402B35,平均落札価格（電源属地別）[円/kW・30分],0,0,0.39,46.58,0,27.07,6.03,0.3,11.55,8.9
20260402B35,最高落札価格（TSO別）[円/kW・30分],0.39,0.39,0.39,0,24.66,30,0.39,0.3,200,200
20260402B35,最低落札価格（TSO別）[円/kW・30分],0.39,0.39,0.39,0,24.66,2.71,0.39,0.3,0.39,0.3
20260402B35,平均落札価格（TSO別）[円/kW・30分],0.39,0.39,0.39,0,24.66,12.53,0.39,0.3,22.35,8.9
20260402B35,落札量合計（TSO別）[MW],8,20,76,0,13,15,67,73,135.597,407.597
20260402B35,（内訳）自エリアからの落札量[MW],0,0,76,0,0,15,67,73,76,307
20260402B36,募集量（TSO別）[MW],3,1,0,1,1,0,6,35,63,110
20260402B36,応札量合計（電源属地別）[MW],6,161.033,605.803,16,1,52.597,26,266,96,1230.433
20260402B36,落札量合計（電源属地別）[MW],0,0,75,0,0,0,0,35,0,110
20260402B36,応札件数（電源属地別）[件],1,4,8,2,1,3,2,3,2,26
20260402B36,落札件数（電源属地別）[件],0,0,1,0,0,0,0,1,0,2
20260402B36,最高落札価格（電源属地別）[円/kW・30分],0,0,0.39,0,0,0,0,0.3,0,0.39
20260402B36,最低落札価格（電源属地別）[円/kW・30分],0,0,0.39,0,0,0,0,0.3,0,0.3
20260402B36,平均落札価格（電源属地別）[円/kW・30分],0,0,0.39,0,0,0,0,0.3,0,0.36
20260402B36,最高落札価格（TSO別）[円/kW・30分],0.39,0.39,0,0.39,0.39,0,0.39,0.3,0.39,0.39
20260402B36,最低落札価格（TSO別）[円/kW・30分],0.39,0.39,0,0.39,0.39,0,0.39,0.3,0.39,0.3
20260402B36,平均落札価格（TSO別）[円/kW・30分],0.39,0.39,0,0.39,0.39,0,0.39,0.3,0.39,0.36
20260402B36,落札量合計（TSO別）[MW],3,1,0,1,1,0,6,35,63,110
20260402B36,（内訳）自エリアからの落札量[MW],0,0,0,0,0,0,0,35,0,35
20260402B37,募集量（TSO別）[MW],0,0,0,0,0,0,0,40,0,40
20260402B37,応札量合計（電源属地別）[MW],0,45.2,566.498,13,0,30.895,16,271,94,1036.593
20260402B37,落札量合計（電源属地別）[MW],0,0,0,0,0,0,0,40,0,40
20260402B37,応札件数（電源属地別）[件],0,2,4,1,0,1,1,3,1,13
20260402B37,落札件数（電源属地別）[件],0,0,0,0,0,0,0,1,0,1
20260402B37,最高落札価格（電源属地別）[円/kW・30分],0,0,0,0,0,0,0,0.3,0,0.3
20260402B37,最低落札価格（電源属地別）[円/kW・30分],0,0,0,0,0,0,0,0.3,0,0.3
20260402B37,平均落札価格（電源属地別）[円/kW・30分],0,0,0,0,0,0,0,0.3,0,0.3
20260402B37,最高落札価格（TSO別）[円/kW・30分],0,0,0,0,0,0,0,0.3,0,0.3
20260402B37,最低落札価格（TSO別）[円/kW・30分],0,0,0,0,0,0,0,0.3,0,0.3
20260402B37,平均落札価格（TSO別）[円/kW・30分],0,0,0,0,0,0,0,0.3,0,0.3
20260402B37,落札量合計（TSO別）[MW],0,0,0,0,0,0,0,40,0,40
20260402B37,（内訳）自エリアからの落札量[MW],0,0,0,0,0,0,0,40,0,40
20260402B38,募集量（TSO別）[MW],0,0,0,0,0,0,0,0,0,0
20260402B38,応札量合計（電源属地別）[MW],0,7.2,81.17,13,0,30.895,16,231,95,474.265
20260402B38,落札量合計（電源属地別）[MW],0,0,0,0,0,0,0,0,0,0
20260402B38,応札件数（電源属地別）[件],0,1,3,1,0,1,1,2,1,10
20260402B38,落札件数（電源属地別）[件],0,0,0,0,0,0,0,0,0,0
20260402B38,最高落札価格（電源属地別）[円/kW・30分],0,0,0,0,0,0,0,0,0,0
20260402B38,最低落札価格（電源属地別）[円/kW・30分],0,0,0,0,0,0,0,0,0,0
20260402B38,平均落札価格（電源属地別）[円/kW・30分],0,0,0,0,0,0,0,0,0,0
20260402B38,最高落札価格（TSO別）[円/kW・30分],0,0,0,0,0,0,0,0,0,0
20260402B38,最低落札価格（TSO別）[円/kW・30分],0,0,0,0,0,0,0,0,0,0
20260402B38,平均落札価格（TSO別）[円/kW・30分],0,0,0,0,0,0,0,0,0,0
20260402B38,落札量合計（TSO別）[MW],0,0,0,0,0,0,0,0,0,0
20260402B38,（内訳）自エリアからの落札量[MW],0,0,0,0,0,0,0,0,0,0
20260402B39,募集量（TSO別）[MW],0,0,0,0,0,0,0,0,0,0
20260402B39,応札量合計（電源属地別）[MW],0,0,81.17,13,0,30.895,16,230,91,462.065
20260402B39,落札量合計（電源属地別）[MW],0,0,0,0,0,0,0,0,0,0
20260402B39,応札件数（電源属地別）[件],0,0,3,1,0,1,1,2,1,9
20260402B39,落札件数（電源属地別）[件],0,0,0,0,0,0,0,0,0,0
20260402B39,最高落札価格（電源属地別）[円/kW・30分],0,0,0,0,0,0,0,0,0,0
20260402B39,最低落札価格（電源属地別）[円/kW・30分],0,0,0,0,0,0,0,0,0,0
20260402B39,平均落札価格（電源属地別）[円/kW・30分],0,0,0,0,0,0,0,0,0,0
20260402B39,最高落札価格（TSO別）[円/kW・30分],0,0,0,0,0,0,0,0,0,0
20260402B39,最低落札価格（TSO別）[円/kW・30分],0,0,0,0,0,0,0,0,0,0
20260402B39,平均落札価格（TSO別）[円/kW・30分],0,0,0,0,0,0,0,0,0,0
20260402B39,落札量合計（TSO別）[MW],0,0,0,0,0,0,0,0,0,0
20260402B39,（内訳）自エリアからの落札量[MW],0,0,0,0,0,0,0,0,0,0
20260402B40,募集量（TSO別）[MW],0,0,0,0,0,0,0,0,0,0
20260402B40,応札量合計（電源属地別）[MW],0,0,81.17,13,0,30.895,16,30,56,227.065
20260402B40,落札量合計（電源属地別）[MW],0,0,0,0,0,0,0,0,0,0
20260402B40,応札件数（電源属地別）[件],0,0,3,1,0,1,1,1,1,8
20260402B40,落札件数（電源属地別）[件],0,0,0,0,0,0,0,0,0,0
20260402B40,最高落札価格（電源属地別）[円/kW・30分],0,0,0,0,0,0,0,0,0,0
20260402B40,最低落札価格（電源属地別）[円/kW・30分],0,0,0,0,0,0,0,0,0,0
20260402B40,平均落札価格（電源属地別）[円/kW・30分],0,0,0,0,0,0,0,0,0,0
20260402B40,最高落札価格（TSO別）[円/kW・30分],0,0,0,0,0,0,0,0,0,0
20260402B40,最低落札価格（TSO別）[円/kW・30分],0,0,0,0,0,0,0,0,0,0
20260402B40,平均落札価格（TSO別）[円/kW・30分],0,0,0,0,0,0,0,0,0,0
20260402B40,落札量合計（TSO別）[MW],0,0,0,0,0,0,0,0,0,0
20260402B40,（内訳）自エリアからの落札量[MW],0,0,0,0,0,0,0,0,0,0
20260402B41,募集量（TSO別）[MW],0,0,0,0,0,0,0,0,0,0
20260402B41,応札量合計（電源属地別）[MW],0,0,81.17,13,0,0,16,281,95,486.17
20260402B41,落札量合計（電源属地別）[MW],0,0,0,0,0,0,0,0,0,0
20260402B41,応札件数（電源属地別）[件],0,0,3,1,0,0,1,3,1,9
20260402B41,落札件数（電源属地別）[件],0,0,0,0,0,0,0,0,0,0
20260402B41,最高落札価格（電源属地別）[円/kW・30分],0,0,0,0,0,0,0,0,0,0
20260402B41,最低落札価格（電源属地別）[円/kW・30分],0,0,0,0,0,0,0,0,0,0
20260402B41,平均落札価格（電源属地別）[円/kW・30分],0,0,0,0,0,0,0,0,0,0
20260402B41,最高落札価格（TSO別）[円/kW・30分],0,0,0,0,0,0,0,0,0,0
20260402B41,最低落札価格（TSO別）[円/kW・30分],0,0,0,0,0,0,0,0,0,0
20260402B41,平均落札価格（TSO別）[円/kW・30分],0,0,0,0,0,0,0,0,0,0
20260402B41,落札量合計（TSO別）[MW],0,0,0,0,0,0,0,0,0,0
20260402B41,（内訳）自エリアからの落札量[MW],0,0,0,0,0,0,0,0,0,0
20260402B42,募集量（TSO別）[MW],0,0,0,0,0,0,0,0,0,0
20260402B42,応札量合計（電源属地別）[MW],0,0,81.17,13,0,0,16,281,0,391.17
20260402B42,落札量合計（電源属地別）[MW],0,0,0,0,0,0,0,0,0,0
20260402B42,応札件数（電源属地別）[件],0,0,3,1,0,0,1,3,0,8
20260402B42,落札件数（電源属地別）[件],0,0,0,0,0,0,0,0,0,0
20260402B42,最高落札価格（電源属地別）[円/kW・30分],0,0,0,0,0,0,0,0,0,0
20260402B42,最低落札価格（電源属地別）[円/kW・30分],0,0,0,0,0,0,0,0,0,0
20260402B42,平均落札価格（電源属地別）[円/kW・30分],0,0,0,0,0,0,0,0,0,0
20260402B42,最高落札価格（TSO別）[円/kW・30分],0,0,0,0,0,0,0,0,0,0
20260402B42,最低落札価格（TSO別）[円/kW・30分],0,0,0,0,0,0,0,0,0,0
20260402B42,平均落札価格（TSO別）[円/kW・30分],0,0,0,0,0,0,0,0,0,0
20260402B42,落札量合計（TSO別）[MW],0,0,0,0,0,0,0,0,0,0
20260402B42,（内訳）自エリアからの落札量[MW],0,0,0,0,0,0,0,0,0,0
20260402B43,募集量（TSO別）[MW],0,0,0,0,0,0,0,38,5,43
20260402B43,応札量合計（電源属地別）[MW],0,38,566.498,13,0,0,16,68,0,701.498
20260402B43,落札量合計（電源属地別）[MW],0,0,0,13,0,0,0,30,0,43
20260402B43,応札件数（電源属地別）[件],0,1,4,1,0,0,1,2,0,9
20260402B43,落札件数（電源属地別）[件],0,0,0,1,0,0,0,1,0,2
20260402B43,最高落札価格（電源属地別）[円/kW・30分],0,0,0,24.66,0,0,0,0.3,0,24.66
20260402B43,最低落札価格（電源属地別）[円/kW・30分],0,0,0,24.66,0,0,0,0.3,0,0.3
20260402B43,平均落札価格（電源属地別）[円/kW・30分],0,0,0,24.66,0,0,0,0.3,0,7.66
20260402B43,最高落札価格（TSO別）[円/kW・30分],0,0,0,0,0,0,0,24.66,24.66,24.66
20260402B43,最低落札価格（TSO別）[円/kW・30分],0,0,0,0,0,0,0,0.3,24.66,0.3
20260402B43,平均落札価格（TSO別）[円/kW・30分],0,0,0,0,0,0,0,5.43,24.66,7.66
20260402B43,落札量合計（TSO別）[MW],0,0,0,0,0,0,0,38,5,43
20260402B43,（内訳）自エリアからの落札量[MW],0,0,0,0,0,0,0,30,0,30
20260402B44,募集量（TSO別）[MW],0,95,0,0,0,0,0,36,4,135
20260402B44,応札量合計（電源属地別）[MW],0,135,566.498,13,0,0,16,266,0,996.498
20260402B44,落札量合計（電源属地別）[MW],0,86,0,13,0,0,0,36,0,135
20260402B44,応札件数（電源属地別）[件],0,3,4,1,0,0,1,3,0,12
20260402B44,落札件数（電源属地別）[件],0,1,0,1,0,0,0,1,0,3
20260402B44,最高落札価格（電源属地別）[円/kW・30分],0,1.01,0,24.66,0,0,0,0.3,0,24.66
20260402B44,最低落札価格（電源属地別）[円/kW・30分],0,1.01,0,24.66,0,0,0,0.3,0,0.3
20260402B44,平均落札価格（電源属地別）[円/kW・30分],0,1.01,0,24.66,0,0,0,0.3,0,3.1
20260402B44,最高落札価格（TSO別）[円/kW・30分],0,24.66,0,0,0,0,0,0.3,24.66,24.66
20260402B44,最低落札価格（TSO別）[円/kW・30分],0,1.01,0,0,0,0,0,0.3,24.66,0.3
20260402B44,平均落札価格（TSO別）[円/kW・30分],0,3.25,0,0,0,0,0,0.3,24.66,3.1
20260402B44,落札量合計（TSO別）[MW],0,95,0,0,0,0,0,36,4,135
20260402B44,（内訳）自エリアからの落札量[MW],0,86,0,0,0,0,0,36,0,122
20260402B45,募集量（TSO別）[MW],0,100,0,0,0,2,0,34,5,141
20260402B45,応札量合計（電源属地別）[MW],0,141,566.498,13,0,0,106.3,465,0,1291.798
20260402B45,落札量合計（電源属地別）[MW],0,100,0,0,0,0,7,34,0,141
20260402B45,応札件数（電源属地別）[件],0,3,4,1,0,0,2,4,0,14
20260402B45,落札件数（電源属地別）[件],0,2,0,0,0,0,1,1,0,4
20260402B45,最高落札価格（電源属地別）[円/kW・30分],0,3.08,0,0,0,0,2.13,0.3,0,3.08
20260402B45,最低落札価格（電源属地別）[円/kW・30分],0,1.39,0,0,0,0,2.13,0.3,0,0.3
20260402B45,平均落札価格（電源属地別）[円/kW・30分],0,1.46,0,0,0,0,2.13,0.3,0,1.21
20260402B45,最高落札価格（TSO別）[円/kW・30分],0,3.08,0,0,0,2.13,0,0.3,2.13,3.08
20260402B45,最低落札価格（TSO別）[円/kW・30分],0,1.39,0,0,0,2.13,0,0.3,2.13,0.3
20260402B45,平均落札価格（TSO別）[円/kW・30分],0,1.46,0,0,0,2.13,0,0.3,2.13,1.21
20260402B45,落札量合計（TSO別）[MW],0,100,0,0,0,2,0,34,5,141
20260402B45,（内訳）自エリアからの落札量[MW],0,100,0,0,0,0,0,34,0,134
20260402B46,募集量（TSO別）[MW],0,111,0,0,0,2,0,32,5,150
20260402B46,応札量合計（電源属地別）[MW],0,150,566.498,18,0,0,106.3,463,0,1303.798
20260402B46,落札量合計（電源属地別）[MW],0,108,0,5,0,0,5,32,0,150
20260402B46,応札件数（電源属地別）[件],0,3,4,2,0,0,2,4,0,15
20260402B46,落札件数（電源属地別）[件],0,2,0,1,0,0,1,1,0,5
20260402B46,最高落札価格（電源属地別）[円/kW・30分],0,3.46,0,20.08,0,0,2.13,0.3,0,20.08
20260402B46,最低落札価格（電源属地別）[円/kW・30分],0,1.9,0,20.08,0,0,2.13,0.3,0,0.3
20260402B46,平均落札価格（電源属地別）[円/kW・30分],0,1.94,0,20.08,0,0,2.13,0.3,0,2.2
20260402B46,最高落札価格（TSO別）[円/kW・30分],0,20.08,0,0,0,20.08,0,0.3,2.13,20.08
20260402B46,最低落札価格（TSO別）[円/kW・30分],0,1.9,0,0,0,20.08,0,0.3,2.13,0.3
20260402B46,平均落札価格（TSO別）[円/kW・30分],0,2.43,0,0,0,20.08,0,0.3,2.13,2.2
20260402B46,落札量合計（TSO別）[MW],0,111,0,0,0,2,0,32,5,150
20260402B46,（内訳）自エリアからの落札量[MW],0,108,0,0,0,0,0,32,0,140
20260402B47,募集量（TSO別）[MW],0,125,0,0,0,1,0,29,5,160
20260402B47,応札量合計（電源属地別）[MW],0,160,566.498,18,0,0,106.3,59,0,909.798
20260402B47,落札量合計（電源属地別）[MW],0,38,83,5,0,0,5,29,0,160
20260402B47,応札件数（電源属地別）[件],0,3,4,2,0,0,2,2,0,13
20260402B47,落札件数（電源属地別）[件],0,1,1,1,0,0,1,1,0,5
20260402B47,最高落札価格（電源属地別）[円/kW・30分],0,2.08,2.25,20.08,0,0,2.13,0.3,0,20.08
20260402B47,最低落札価格（電源属地別）[円/kW・30分],0,2.08,2.25,20.08,0,0,2.13,0.3,0,0.3
20260402B47,平均落札価格（電源属地別）[円/kW・30分],0,2.08,2.25,20.08,0,0,2.13,0.3,0,2.41
20260402B47,最高落札価格（TSO別）[円/kW・30分],0,20.08,0,0,0,20.08,0,0.3,2.13,20.08
20260402B47,最低落札価格（TSO別）[円/kW・30分],0,2.08,0,0,0,20.08,0,0.3,2.13,0.3
20260402B47,平均落札価格（TSO別）[円/kW・30分],0,2.77,0,0,0,20.08,0,0.3,2.13,2.41
20260402B47,落札量合計（TSO別）[MW],0,125,0,0,0,1,0,29,5,160
20260402B47,（内訳）自エリアからの落札量[MW],0,38,0,0,0,0,0,29,0,67
20260402B48,募集量（TSO別）[MW],0,133,0,0,0,1,0,27,5,166
20260402B48,応札量合計（電源属地別）[MW],0,166,566.498,18,0,0,106.3,57,125,1038.798
20260402B48,落札量合計（電源属地別）[MW],0,0,133,0,0,0,6,27,0,166
20260402B48,応札件数（電源属地別）[件],0,3,4,2,0,0,2,2,1,14
20260402B48,落札件数（電源属地別）[件],0,0,1,0,0,0,1,1,0,3
20260402B48,最高落札価格（電源属地別）[円/kW・30分],0,0,0.39,0,0,0,2.13,0.3,0,2.13
20260402B48,最低落札価格（電源属地別）[円/kW・30分],0,0,0.39,0,0,0,2.13,0.3,0,0.3
20260402B48,平均落札価格（電源属地別）[円/kW・30分],0,0,0.39,0,0,0,2.13,0.3,0,0.44
20260402B48,最高落札価格（TSO別）[円/kW・30分],0,0.39,0,0,0,2.13,0,0.3,2.13,2.13
20260402B48,最低落札価格（TSO別）[円/kW・30分],0,0.39,0,0,0,2.13,0,0.3,2.13,0.3
20260402B48,平均落札価格（TSO別）[円/kW・30分],0,0.39,0,0,0,2.13,0,0.3,2.13,0.44
20260402B48,落札量合計（TSO別）[MW],0,133,0,0,0,1,0,27,5,166
20260402B48,（内訳）自エリアからの落札量[MW],0,0,0,0,0,0,0,27,0,27
E
