H,連系線確保量,対象年月,ブロック数,取引期間
P,確報値,202401,8,週取引
T,順方向元エリア,逆方向元エリア,週取引：連系線確保量上限値（順方向）[MW],週取引：連系線確保量上限値（逆方向）[MW],三次調整力1：連系線確保量（順方向）[MW],三次調整力1：連系線確保量（逆方向）[MW]
20240101B01,北海道,東北,150,0,0,0
20240101B01,東北,東京,0,2085,0,0
20240101B01,東京,中部,0,0,0,0
20240101B01,中部,関西,722,0,0,0
20240101B01,中部,北陸,270,0,0,0
20240101B01,北陸,関西,1254,0,0,0
20240101B01,関西,中国,2982,1388,0,0
20240101B01,関西_関西-中国間(東),中国_関西-中国間(東),2982,1388,0,0
20240101B01,関西_関西-中国間(西),中国_関西-中国間(西),2982,1388,0,0
20240101B01,関西,四国,0,0,0,0
20240101B01,中国,四国,1080,1032,0,0
20240101B01,中国,九州,399,0,0,0
20240101B02,北海道,東北,150,0,0,0
20240101B02,東北,東京,0,2085,0,0
20240101B02,東京,中部,0,0,0,0
20240101B02,中部,関西,589.6,0,0,0
20240101B02,中部,北陸,270,0,0,0
20240101B02,北陸,関西,1235,0,0,0
20240101B02,関西,中国,2982,1713.5,0,0
20240101B02,関西_関西-中国間(東),中国_関西-中国間(東),2982,1713.5,0,0
20240101B02,関西_関西-中国間(西),中国_関西-中国間(西),2982,1713.5,0,0
20240101B02,関西,四国,0,0,0,0
20240101B02,中国,四国,1080,1080,0,0
20240101B02,中国,九州,399,0,0,0
20240101B03,北海道,東北,150,0,0,0
20240101B03,東北,東京,0,2085,0,0
20240101B03,東京,中部,0,0,0,0
20240101B03,中部,関西,720,0,0,0
20240101B03,中部,北陸,270,0,0,0
20240101B03,北陸,関西,904,0,0,0
20240101B03,関西,中国,2982,876.5,0,0
20240101B03,関西_関西-中国間(東),中国_関西-中国間(東),2982,876.5,0,0
20240101B03,関西_関西-中国間(西),中国_関西-中国間(西),2982,876.5,0,0
20240101B03,関西,四国,0,0,0,0
20240101B03,中国,四国,1080,924,0,0
20240101B03,中国,九州,59,0,0,0
20240101B04,北海道,東北,150,0,0,0
20240101B04,東北,東京,0,2085,0,67
20240101B04,東京,中部,0,0,0,0
20240101B04,中部,関西,0,0,0,0
20240101B04,中部,北陸,270,0,0,0
20240101B04,北陸,関西,1246,0,0,0
20240101B04,関西,中国,2982,0,0,0
20240101B04,関西_関西-中国間(東),中国_関西-中国間(東),2982,0,0,0
20240101B04,関西_関西-中国間(西),中国_関西-中国間(西),2982,0,0,0
20240101B04,関西,四国,0,0,0,0
20240101B04,中国,四国,1080,204,0,0
20240101B04,中国,九州,59,0,0,0
20240101B05,北海道,東北,150,0,0,0
20240101B05,東北,東京,0,2085,0,0
20240101B05,東京,中部,0,0,0,0
20240101B05,中部,関西,88,0,0,0
20240101B05,中部,北陸,270,0,0,0
20240101B05,北陸,関西,1246,0,0,0
20240101B05,関西,中国,2982,0,0,0
20240101B05,関西_関西-中国間(東),中国_関西-中国間(東),2982,0,0,0
20240101B05,関西_関西-中国間(西),中国_関西-中国間(西),2982,0,0,0
20240101B05,関西,四国,0,0,0,0
20240101B05,中国,四国,1080,36,0,0
20240101B05,中国,九州,59,0,0,0
20240101B06,北海道,東北,131,0,0,0
20240101B06,東北,東京,0,2085,0,0
20240101B06,東京,中部,0,0,0,0
20240101B06,中部,関西,624,0,0,0
20240101B06,中部,北陸,270,0,0,0
20240101B06,北陸,関西,980,0,0,0
20240101B06,関西,中国,2982,86,0,0
20240101B06,関西_関西-中国間(東),中国_関西-中国間(東),2982,86,0,0
20240101B06,関西_関西-中国間(西),中国_関西-中国間(西),2982,86,0,0
20240101B06,関西,四国,0,0,0,0
20240101B06,中国,四国,1080,204,0,0
20240101B06,中国,九州,59,0,0,0
20240101B07,北海道,東北,86,0,0,0
20240101B07,東北,東京,0,2085,0,0
20240101B07,東京,中部,0,0,0,0
20240101B07,中部,関西,1264,0,0,0
20240101B07,中部,北陸,270,0,0,0
20240101B07,北陸,関西,885,0,0,0
20240101B07,関西,中国,2982,1667,0,0
20240101B07,関西_関西-中国間(東),中国_関西-中国間(東),2982,1667,0,0
20240101B07,関西_関西-中国間(西),中国_関西-中国間(西),2982,1667,0,0
20240101B07,関西,四国,0,0,0,0
20240101B07,中国,四国,1080,756,0,0
20240101B07,中国,九州,59,0,0,0
20240101B08,北海道,東北,150,0,0,0
20240101B08,東北,東京,0,2085,0,0
20240101B08,東京,中部,0,0,0,0
20240101B08,中部,関西,813.6,0,0,0
20240101B08,中部,北陸,270,0,0,0
20240101B08,北陸,関西,1094,0,0,0
20240101B08,関西,中国,2982,1481,0,0
20240101B08,関西_関西-中国間(東),中国_関西-中国間(東),2982,1481,0,0
20240101B08,関西_関西-中国間(西),中国_関西-中国間(西),2982,1481,0,0
20240101B08,関西,四国,0,0,0,0
20240101B08,中国,四国,1080,888,0,0
20240101B08,中国,九州,59,0,0,0
20240102B01,北海道,東北,150,0,0,0
20240102B01,東北,東京,0,2085,0,0
20240102B01,東京,中部,0,0,0,0
20240102B01,中部,関西,722,0,0,0
20240102B01,中部,北陸,270,0,0,0
20240102B01,北陸,関西,1254,0,0,0
20240102B01,関西,中国,2982,1388,0,0
20240102B01,関西_関西-中国間(東),中国_関西-中国間(東),2982,1388,0,0
20240102B01,関西_関西-中国間(西),中国_関西-中国間(西),2982,1388,0,0
20240102B01,関西,四国,0,0,0,0
20240102B01,中国,四国,1080,1032,0,0
20240102B01,中国,九州,399,0,0,0
20240102B02,北海道,東北,150,0,0,0
20240102B02,東北,東京,0,2085,0,0
20240102B02,東京,中部,0,0,0,0
20240102B02,中部,関西,589.6,0,0,0
20240102B02,中部,北陸,270,0,0,0
20240102B02,北陸,関西,1235,0,0,0
20240102B02,関西,中国,2982,1713.5,0,0
20240102B02,関西_関西-中国間(東),中国_関西-中国間(東),2982,1713.5,0,0
20240102B02,関西_関西-中国間(西),中国_関西-中国間(西),2982,1713.5,0,0
20240102B02,関西,四国,0,0,0,0
20240102B02,中国,四国,1080,1080,0,0
20240102B02,中国,九州,399,0,0,0
20240102B03,北海道,東北,150,0,0,0
20240102B03,東北,東京,0,2085,0,0
20240102B03,東京,中部,0,0,0,0
20240102B03,中部,関西,720,0,0,0
20240102B03,中部,北陸,270,0,0,0
20240102B03,北陸,関西,904,0,0,0
20240102B03,関西,中国,2982,876.5,0,0
20240102B03,関西_関西-中国間(東),中国_関西-中国間(東),2982,876.5,0,0
20240102B03,関西_関西-中国間(西),中国_関西-中国間(西),2982,876.5,0,0
20240102B03,関西,四国,0,0,0,0
20240102B03,中国,四国,1080,924,0,0
20240102B03,中国,九州,59,0,0,0
20240102B04,北海道,東北,150,0,0,0
20240102B04,東北,東京,0,2085,0,67
20240102B04,東京,中部,0,0,0,0
20240102B04,中部,関西,0,0,0,0
20240102B04,中部,北陸,270,0,0,0
20240102B04,北陸,関西,1246,0,0,0
20240102B04,関西,中国,2982,0,0,0
20240102B04,関西_関西-中国間(東),中国_関西-中国間(東),2982,0,0,0
20240102B04,関西_関西-中国間(西),中国_関西-中国間(西),2982,0,0,0
20240102B04,関西,四国,0,0,0,0
20240102B04,中国,四国,1080,204,0,0
20240102B04,中国,九州,59,0,0,0
20240102B05,北海道,東北,150,0,0,0
20240102B05,東北,東京,0,2085,0,0
20240102B05,東京,中部,0,0,0,0
20240102B05,中部,関西,88,0,0,0
20240102B05,中部,北陸,270,0,0,0
20240102B05,北陸,関西,1246,0,0,0
20240102B05,関西,中国,2982,0,0,0
20240102B05,関西_関西-中国間(東),中国_関西-中国間(東),2982,0,0,0
20240102B05,関西_関西-中国間(西),中国_関西-中国間(西),2982,0,0,0
20240102B05,関西,四国,0,0,0,0
20240102B05,中国,四国,1080,36,0,0
20240102B05,中国,九州,59,0,0,0
20240102B06,北海道,東北,131,0,0,0
20240102B06,東北,東京,0,2085,0,0
20240102B06,東京,中部,0,0,0,0
20240102B06,中部,関西,624,0,0,0
20240102B06,中部,北陸,270,0,0,0
20240102B06,北陸,関西,980,0,0,0
20240102B06,関西,中国,2982,86,0,0
20240102B06,関西_関西-中国間(東),中国_関西-中国間(東),2982,86,0,0
20240102B06,関西_関西-中国間(西),中国_関西-中国間(西),2982,86,0,0
20240102B06,関西,四国,0,0,0,0
20240102B06,中国,四国,1080,204,0,0
20240102B06,中国,九州,59,0,0,0
20240102B07,北海道,東北,86,0,0,0
20240102B07,東北,東京,0,2085,0,0
20240102B07,東京,中部,0,0,0,0
20240102B07,中部,関西,1264,0,0,0
20240102B07,中部,北陸,270,0,0,0
20240102B07,北陸,関西,885,0,0,0
20240102B07,関西,中国,2982,1667,0,0
20240102B07,関西_関西-中国間(東),中国_関西-中国間(東),2982,1667,0,0
20240102B07,関西_関西-中国間(西),中国_関西-中国間(西),2982,1667,0,0
20240102B07,関西,四国,0,0,0,0
20240102B07,中国,四国,1080,756,0,0
20240102B07,中国,九州,59,0,0,0
20240102B08,北海道,東北,150,0,0,0
20240102B08,東北,東京,0,2085,0,0
20240102B08,東京,中部,0,0,0,0
20240102B08,中部,関西,813.6,0,0,0
20240102B08,中部,北陸,270,0,0,0
20240102B08,北陸,関西,1094,0,0,0
20240102B08,関西,中国,2982,1481,0,0
20240102B08,関西_関西-中国間(東),中国_関西-中国間(東),2982,1481,0,0
20240102B08,関西_関西-中国間(西),中国_関西-中国間(西),2982,1481,0,0
20240102B08,関西,四国,0,0,0,0
20240102B08,中国,四国,1080,888,0,0
20240102B08,中国,九州,59,0,0,0
20240103B01,北海道,東北,150,0,0,0
20240103B01,東北,東京,0,2085,0,0
20240103B01,東京,中部,0,0,0,0
20240103B01,中部,関西,722,0,0,0
20240103B01,中部,北陸,270,0,0,0
20240103B01,北陸,関西,1254,0,0,0
20240103B01,関西,中国,2982,1388,0,0
20240103B01,関西_関西-中国間(東),中国_関西-中国間(東),2982,1388,0,0
20240103B01,関西_関西-中国間(西),中国_関西-中国間(西),2982,1388,0,0
20240103B01,関西,四国,0,0,0,0
20240103B01,中国,四国,1080,1032,0,0
20240103B01,中国,九州,399,0,0,0
20240103B02,北海道,東北,150,0,0,0
20240103B02,東北,東京,0,2085,0,0
20240103B02,東京,中部,0,0,0,0
20240103B02,中部,関西,589.6,0,0,0
20240103B02,中部,北陸,270,0,0,0
20240103B02,北陸,関西,1235,0,0,0
20240103B02,関西,中国,2982,1713.5,0,0
20240103B02,関西_関西-中国間(東),中国_関西-中国間(東),2982,1713.5,0,0
20240103B02,関西_関西-中国間(西),中国_関西-中国間(西),2982,1713.5,0,0
20240103B02,関西,四国,0,0,0,0
20240103B02,中国,四国,1080,1080,0,0
20240103B02,中国,九州,399,0,0,0
20240103B03,北海道,東北,150,0,0,0
20240103B03,東北,東京,0,2085,0,0
20240103B03,東京,中部,0,0,0,0
20240103B03,中部,関西,720,0,0,0
20240103B03,中部,北陸,270,0,0,0
20240103B03,北陸,関西,904,0,0,0
20240103B03,関西,中国,2982,876.5,0,0
20240103B03,関西_関西-中国間(東),中国_関西-中国間(東),2982,876.5,0,0
20240103B03,関西_関西-中国間(西),中国_関西-中国間(西),2982,876.5,0,0
20240103B03,関西,四国,0,0,0,0
20240103B03,中国,四国,1080,924,0,0
20240103B03,中国,九州,59,0,0,0
20240103B04,北海道,東北,150,0,0,0
20240103B04,東北,東京,0,2085,0,67
20240103B04,東京,中部,0,0,0,0
20240103B04,中部,関西,0,0,0,0
20240103B04,中部,北陸,270,0,0,0
20240103B04,北陸,関西,1246,0,0,0
20240103B04,関西,中国,2982,0,0,0
20240103B04,関西_関西-中国間(東),中国_関西-中国間(東),2982,0,0,0
20240103B04,関西_関西-中国間(西),中国_関西-中国間(西),2982,0,0,0
20240103B04,関西,四国,0,0,0,0
20240103B04,中国,四国,1080,204,0,0
20240103B04,中国,九州,59,0,0,0
20240103B05,北海道,東北,150,0,0,0
20240103B05,東北,東京,0,2085,0,0
20240103B05,東京,中部,0,0,0,0
20240103B05,中部,関西,88,0,0,0
20240103B05,中部,北陸,270,0,0,0
20240103B05,北陸,関西,1246,0,0,0
20240103B05,関西,中国,2982,0,0,0
20240103B05,関西_関西-中国間(東),中国_関西-中国間(東),2982,0,0,0
20240103B05,関西_関西-中国間(西),中国_関西-中国間(西),2982,0,0,0
20240103B05,関西,四国,0,0,0,0
20240103B05,中国,四国,1080,36,0,0
20240103B05,中国,九州,59,0,0,0
20240103B06,北海道,東北,131,0,0,0
20240103B06,東北,東京,0,2085,0,0
20240103B06,東京,中部,0,0,0,0
20240103B06,中部,関西,624,0,0,0
20240103B06,中部,北陸,270,0,0,0
20240103B06,北陸,関西,980,0,0,0
20240103B06,関西,中国,2982,86,0,0
20240103B06,関西_関西-中国間(東),中国_関西-中国間(東),2982,86,0,0
20240103B06,関西_関西-中国間(西),中国_関西-中国間(西),2982,86,0,0
20240103B06,関西,四国,0,0,0,0
20240103B06,中国,四国,1080,204,0,0
20240103B06,中国,九州,59,0,0,0
20240103B07,北海道,東北,86,0,0,0
20240103B07,東北,東京,0,2085,0,0
20240103B07,東京,中部,0,0,0,0
20240103B07,中部,関西,1264,0,0,0
20240103B07,中部,北陸,270,0,0,0
20240103B07,北陸,関西,885,0,0,0
20240103B07,関西,中国,2982,1667,0,0
20240103B07,関西_関西-中国間(東),中国_関西-中国間(東),2982,1667,0,0
20240103B07,関西_関西-中国間(西),中国_関西-中国間(西),2982,1667,0,0
20240103B07,関西,四国,0,0,0,0
20240103B07,中国,四国,1080,756,0,0
20240103B07,中国,九州,59,0,0,0
20240103B08,北海道,東北,150,0,0,0
20240103B08,東北,東京,0,2085,0,0
20240103B08,東京,中部,0,0,0,0
20240103B08,中部,関西,813.6,0,0,0
20240103B08,中部,北陸,270,0,0,0
20240103B08,北陸,関西,1094,0,0,0
20240103B08,関西,中国,2982,1481,0,0
20240103B08,関西_関西-中国間(東),中国_関西-中国間(東),2982,1481,0,0
20240103B08,関西_関西-中国間(西),中国_関西-中国間(西),2982,1481,0,0
20240103B08,関西,四国,0,0,0,0
20240103B08,中国,四国,1080,888,0,0
20240103B08,中国,九州,59,0,0,0
20240104B01,北海道,東北,150,0,0,0
20240104B01,東北,東京,0,2085,0,0
20240104B01,東京,中部,0,0,0,0
20240104B01,中部,関西,722,0,0,0
20240104B01,中部,北陸,270,0,0,0
20240104B01,北陸,関西,1254,0,0,0
20240104B01,関西,中国,2982,1388,0,0
20240104B01,関西_関西-中国間(東),中国_関西-中国間(東),2982,1388,0,0
20240104B01,関西_関西-中国間(西),中国_関西-中国間(西),2982,1388,0,0
20240104B01,関西,四国,0,0,0,0
20240104B01,中国,四国,1080,1032,0,0
20240104B01,中国,九州,399,0,0,0
20240104B02,北海道,東北,150,0,0,0
20240104B02,東北,東京,0,2085,0,0
20240104B02,東京,中部,0,0,0,0
20240104B02,中部,関西,589.6,0,0,0
20240104B02,中部,北陸,270,0,0,0
20240104B02,北陸,関西,1235,0,0,0
20240104B02,関西,中国,2982,1713.5,0,0
20240104B02,関西_関西-中国間(東),中国_関西-中国間(東),2982,1713.5,0,0
20240104B02,関西_関西-中国間(西),中国_関西-中国間(西),2982,1713.5,0,0
20240104B02,関西,四国,0,0,0,0
20240104B02,中国,四国,1080,1080,0,0
20240104B02,中国,九州,399,0,0,0
20240104B03,北海道,東北,150,0,0,0
20240104B03,東北,東京,0,2085,0,0
20240104B03,東京,中部,0,0,0,0
20240104B03,中部,関西,800,0,0,0
20240104B03,中部,北陸,270,0,0,0
20240104B03,北陸,関西,1064,0,0,0
20240104B03,関西,中国,2982,876.5,0,0
20240104B03,関西_関西-中国間(東),中国_関西-中国間(東),2982,876.5,0,0
20240104B03,関西_関西-中国間(西),中国_関西-中国間(西),2982,876.5,0,0
20240104B03,関西,四国,0,0,0,0
20240104B03,中国,四国,1080,924,0,0
20240104B03,中国,九州,109,0,0,0
20240104B04,北海道,東北,150,0,0,0
20240104B04,東北,東京,0,2085,0,0
20240104B04,東京,中部,0,0,0,0
20240104B04,中部,関西,19.6,0,0,0
20240104B04,中部,北陸,270,0,0,0
20240104B04,北陸,関西,1406,0,0,0
20240104B04,関西,中国,2982,0,0,0
20240104B04,関西_関西-中国間(東),中国_関西-中国間(東),2982,0,0,0
20240104B04,関西_関西-中国間(西),中国_関西-中国間(西),2982,0,0,0
20240104B04,関西,四国,0,0,0,0
20240104B04,中国,四国,1080,204,0,0
20240104B04,中国,九州,109,0,0,0
20240104B05,北海道,東北,150,0,0,0
20240104B05,東北,東京,0,2085,0,0
20240104B05,東京,中部,0,0,0,0
20240104B05,中部,関西,278,0,0,0
20240104B05,中部,北陸,270,0,0,0
20240104B05,北陸,関西,1406,0,0,0
20240104B05,関西,中国,2982,0,0,0
20240104B05,関西_関西-中国間(東),中国_関西-中国間(東),2982,0,0,0
20240104B05,関西_関西-中国間(西),中国_関西-中国間(西),2982,0,0,0
20240104B05,関西,四国,0,0,0,0
20240104B05,中国,四国,1080,36,0,0
20240104B05,中国,九州,109,0,0,0
20240104B06,北海道,東北,150,0,0,0
20240104B06,東北,東京,0,2085,0,0
20240104B06,東京,中部,0,0,0,0
20240104B06,中部,関西,814,0,0,0
20240104B06,中部,北陸,270,0,0,0
20240104B06,北陸,関西,1140,0,0,0
20240104B06,関西,中国,2982,86,0,0
20240104B06,関西_関西-中国間(東),中国_関西-中国間(東),2982,86,0,0
20240104B06,関西_関西-中国間(西),中国_関西-中国間(西),2982,86,0,0
20240104B06,関西,四国,0,0,0,0
20240104B06,中国,四国,1080,204,0,0
20240104B06,中国,九州,109,0,0,0
20240104B07,北海道,東北,136,0,0,0
20240104B07,東北,東京,0,2085,0,0
20240104B07,東京,中部,0,0,0,0
20240104B07,中部,関西,1384,0,0,0
20240104B07,中部,北陸,270,0,0,0
20240104B07,北陸,関西,1045,0,0,0
20240104B07,関西,中国,2982,1667,0,0
20240104B07,関西_関西-中国間(東),中国_関西-中国間(東),2982,1667,0,0
20240104B07,関西_関西-中国間(西),中国_関西-中国間(西),2982,1667,0,0
20240104B07,関西,四国,0,0,0,0
20240104B07,中国,四国,1080,756,0,0
20240104B07,中国,九州,109,80,0,0
20240104B08,北海道,東北,150,0,0,0
20240104B08,東北,東京,0,2085,0,0
20240104B08,東京,中部,0,0,0,0
20240104B08,中部,関西,913.6,0,0,0
20240104B08,中部,北陸,270,0,0,0
20240104B08,北陸,関西,1254,0,0,0
20240104B08,関西,中国,2982,1481,0,0
20240104B08,関西_関西-中国間(東),中国_関西-中国間(東),2982,1481,0,0
20240104B08,関西_関西-中国間(西),中国_関西-中国間(西),2982,1481,0,0
20240104B08,関西,四国,0,0,0,0
20240104B08,中国,四国,1080,888,0,0
20240104B08,中国,九州,109,0,0,0
20240105B01,北海道,東北,150,0,0,0
20240105B01,東北,東京,0,2085,0,0
20240105B01,東京,中部,0,0,0,0
20240105B01,中部,関西,872,0,0,0
20240105B01,中部,北陸,270,0,0,0
20240105B01,北陸,関西,1254,0,0,0
20240105B01,関西,中国,2982,1388,0,0
20240105B01,関西_関西-中国間(東),中国_関西-中国間(東),2982,1388,0,0
20240105B01,関西_関西-中国間(西),中国_関西-中国間(西),2982,1388,0,0
20240105B01,関西,四国,0,0,0,0
20240105B01,中国,四国,1080,1032,0,0
20240105B01,中国,九州,419,0,0,0
20240105B02,北海道,東北,150,0,0,0
20240105B02,東北,東京,0,2085,0,0
20240105B02,東京,中部,0,0,0,0
20240105B02,中部,関西,759.6,0,0,0
20240105B02,中部,北陸,270,0,0,0
20240105B02,北陸,関西,1235,0,0,0
20240105B02,関西,中国,2982,1713.5,0,0
20240105B02,関西_関西-中国間(東),中国_関西-中国間(東),2982,1713.5,0,0
20240105B02,関西_関西-中国間(西),中国_関西-中国間(西),2982,1713.5,0,0
20240105B02,関西,四国,0,0,0,0
20240105B02,中国,四国,1080,1080,0,0
20240105B02,中国,九州,419,0,0,0
20240105B03,北海道,東北,150,0,0,0
20240105B03,東北,東京,0,2085,0,0
20240105B03,東京,中部,0,0,0,0
20240105B03,中部,関西,960,0,0,0
20240105B03,中部,北陸,270,0,0,0
20240105B03,北陸,関西,1064,0,0,0
20240105B03,関西,中国,2982,876.5,0,0
20240105B03,関西_関西-中国間(東),中国_関西-中国間(東),2982,876.5,0,0
20240105B03,関西_関西-中国間(西),中国_関西-中国間(西),2982,876.5,0,0
20240105B03,関西,四国,0,0,0,0
20240105B03,中国,四国,1080,924,0,0
20240105B03,中国,九州,189,0,0,0
20240105B04,北海道,東北,150,0,0,0
20240105B04,東北,東京,0,2085,0,0
20240105B04,東京,中部,0,0,0,0
20240105B04,中部,関西,349.6,0,0,0
20240105B04,中部,北陸,270,0,0,0
20240105B04,北陸,関西,1406,100,0,0
20240105B04,関西,中国,2982,0,0,0
20240105B04,関西_関西-中国間(東),中国_関西-中国間(東),2982,0,0,0
20240105B04,関西_関西-中国間(西),中国_関西-中国間(西),2982,0,0,0
20240105B04,関西,四国,0,0,0,0
20240105B04,中国,四国,1080,204,0,0
20240105B04,中国,九州,189,500,0,0
20240105B05,北海道,東北,150,0,0,0
20240105B05,東北,東京,0,2085,0,0
20240105B05,東京,中部,0,0,0,0
20240105B05,中部,関西,568,0,0,0
20240105B05,中部,北陸,270,0,0,0
20240105B05,北陸,関西,1406,145,0,0
20240105B05,関西,中国,2982,0,0,0
20240105B05,関西_関西-中国間(東),中国_関西-中国間(東),2982,0,0,0
20240105B05,関西_関西-中国間(西),中国_関西-中国間(西),2982,0,0,0
20240105B05,関西,四国,0,0,0,0
20240105B05,中国,四国,1080,36,0,0
20240105B05,中国,九州,189,420,0,0
20240105B06,北海道,東北,150,0,0,0
20240105B06,東北,東京,0,2085,0,0
20240105B06,東京,中部,0,0,0,0
20240105B06,中部,関西,1184,0,0,0
20240105B06,中部,北陸,270,0,0,0
20240105B06,北陸,関西,1140,100,0,0
20240105B06,関西,中国,2982,86,0,0
20240105B06,関西_関西-中国間(東),中国_関西-中国間(東),2982,86,0,0
20240105B06,関西_関西-中国間(西),中国_関西-中国間(西),2982,86,0,0
20240105B06,関西,四国,0,0,0,0
20240105B06,中国,四国,1080,204,0,0
20240105B06,中国,九州,189,490,0,0
20240105B07,北海道,東北,136,0,0,0
20240105B07,東北,東京,0,2085,0,0
20240105B07,東京,中部,0,0,0,0
20240105B07,中部,関西,1504,0,0,0
20240105B07,中部,北陸,270,0,0,0
20240105B07,北陸,関西,1045,370,0,0
20240105B07,関西,中国,2982,1667,0,0
20240105B07,関西_関西-中国間(東),中国_関西-中国間(東),2982,1667,0,0
20240105B07,関西_関西-中国間(西),中国_関西-中国間(西),2982,1667,0,0
20240105B07,関西,四国,0,0,0,0
20240105B07,中国,四国,1080,756,0,0
20240105B07,中国,九州,189,390,0,0
20240105B08,北海道,東北,150,0,0,0
20240105B08,東北,東京,0,2085,0,0
20240105B08,東京,中部,0,0,0,0
20240105B08,中部,関西,1013.6,0,0,0
20240105B08,中部,北陸,270,0,0,0
20240105B08,北陸,関西,1254,0,0,0
20240105B08,関西,中国,2982,1481,0,0
20240105B08,関西_関西-中国間(東),中国_関西-中国間(東),2982,1481,0,0
20240105B08,関西_関西-中国間(西),中国_関西-中国間(西),2982,1481,0,0
20240105B08,関西,四国,0,0,0,0
20240105B08,中国,四国,1080,888,0,0
20240105B08,中国,九州,189,0,0,0
20240106B01,北海道,東北,150,0,0,0
20240106B01,東北,東京,0,2085,0,0
20240106B01,東京,中部,0,0,0,0
20240106B01,中部,関西,872,0,0,0
20240106B01,中部,北陸,270,0,0,0
20240106B01,北陸,関西,1254,0,0,0
20240106B01,関西,中国,2982,1388,0,0
20240106B01,関西_関西-中国間(東),中国_関西-中国間(東),2982,1388,0,0
20240106B01,関西_関西-中国間(西),中国_関西-中国間(西),2982,1388,0,0
20240106B01,関西,四国,0,0,0,0
20240106B01,中国,四国,1080,1032,0,0
20240106B01,中国,九州,419,0,0,0
20240106B02,北海道,東北,150,0,0,0
20240106B02,東北,東京,0,2085,0,0
20240106B02,東京,中部,0,0,0,0
20240106B02,中部,関西,759.6,0,0,0
20240106B02,中部,北陸,270,0,0,0
20240106B02,北陸,関西,1235,0,0,0
20240106B02,関西,中国,2982,1713.5,0,0
20240106B02,関西_関西-中国間(東),中国_関西-中国間(東),2982,1713.5,0,0
20240106B02,関西_関西-中国間(西),中国_関西-中国間(西),2982,1713.5,0,0
20240106B02,関西,四国,0,56,0,0
20240106B02,中国,四国,1080,1080,0,0
20240106B02,中国,九州,419,0,0,0
20240106B03,北海道,東北,150,0,0,0
20240106B03,東北,東京,0,2085,0,0
20240106B03,東京,中部,0,0,0,0
20240106B03,中部,関西,910,0,0,0
20240106B03,中部,北陸,270,0,0,0
20240106B03,北陸,関西,1064,0,0,0
20240106B03,関西,中国,2982,876.5,0,0
20240106B03,関西_関西-中国間(東),中国_関西-中国間(東),2982,876.5,0,0
20240106B03,関西_関西-中国間(西),中国_関西-中国間(西),2982,876.5,0,0
20240106B03,関西,四国,0,0,0,0
20240106B03,中国,四国,1080,924,0,0
20240106B03,中国,九州,109,0,0,0
20240106B04,北海道,東北,150,0,0,0
20240106B04,東北,東京,121,2085,0,67
20240106B04,東京,中部,0,0,0,0
20240106B04,中部,関西,19.6,0,0,0
20240106B04,中部,北陸,270,0,0,0
20240106B04,北陸,関西,1406,0,0,0
20240106B04,関西,中国,2982,0,0,0
20240106B04,関西_関西-中国間(東),中国_関西-中国間(東),2982,0,0,0
20240106B04,関西_関西-中国間(西),中国_関西-中国間(西),2982,0,0,0
20240106B04,関西,四国,0,0,0,0
20240106B04,中国,四国,1080,204,0,0
20240106B04,中国,九州,109,0,0,0
20240106B05,北海道,東北,150,0,0,0
20240106B05,東北,東京,121,2085,0,0
20240106B05,東京,中部,0,0,0,0
20240106B05,中部,関西,278,0,0,0
20240106B05,中部,北陸,270,0,0,0
20240106B05,北陸,関西,1406,0,0,0
20240106B05,関西,中国,2982,0,0,0
20240106B05,関西_関西-中国間(東),中国_関西-中国間(東),2982,0,0,0
20240106B05,関西_関西-中国間(西),中国_関西-中国間(西),2982,0,0,0
20240106B05,関西,四国,0,0,0,0
20240106B05,中国,四国,1080,36,0,0
20240106B05,中国,九州,109,0,0,0
20240106B06,北海道,東北,131,0,0,0
20240106B06,東北,東京,121,2085,0,0
20240106B06,東京,中部,0,0,0,0
20240106B06,中部,関西,814,0,0,0
20240106B06,中部,北陸,270,0,0,0
20240106B06,北陸,関西,1140,0,0,0
20240106B06,関西,中国,2982,86,0,0
20240106B06,関西_関西-中国間(東),中国_関西-中国間(東),2982,86,0,0
20240106B06,関西_関西-中国間(西),中国_関西-中国間(西),2982,86,0,0
20240106B06,関西,四国,0,0,0,0
20240106B06,中国,四国,1080,204,0,0
20240106B06,中国,九州,109,0,0,0
20240106B07,北海道,東北,86,0,0,0
20240106B07,東北,東京,121,2085,0,0
20240106B07,東京,中部,0,0,0,0
20240106B07,中部,関西,1384,0,0,0
20240106B07,中部,北陸,270,0,0,0
20240106B07,北陸,関西,1045,0,0,0
20240106B07,関西,中国,2982,1667,0,0
20240106B07,関西_関西-中国間(東),中国_関西-中国間(東),2982,1667,0,0
20240106B07,関西_関西-中国間(西),中国_関西-中国間(西),2982,1667,0,0
20240106B07,関西,四国,0,0,0,0
20240106B07,中国,四国,1080,756,0,0
20240106B07,中国,九州,109,80,0,0
20240106B08,北海道,東北,150,0,0,0
20240106B08,東北,東京,0,2085,0,0
20240106B08,東京,中部,0,0,0,0
20240106B08,中部,関西,913.6,0,0,0
20240106B08,中部,北陸,270,0,0,0
20240106B08,北陸,関西,1254,0,0,0
20240106B08,関西,中国,2982,1481,0,0
20240106B08,関西_関西-中国間(東),中国_関西-中国間(東),2982,1481,0,0
20240106B08,関西_関西-中国間(西),中国_関西-中国間(西),2982,1481,0,0
20240106B08,関西,四国,0,0,0,0
20240106B08,中国,四国,1080,888,0,0
20240106B08,中国,九州,109,0,0,0
20240107B01,北海道,東北,150,0,0,0
20240107B01,東北,東京,0,2085,0,0
20240107B01,東京,中部,0,0,0,0
20240107B01,中部,関西,872,0,0,0
20240107B01,中部,北陸,270,0,0,0
20240107B01,北陸,関西,1254,0,0,0
20240107B01,関西,中国,2982,1388,0,0
20240107B01,関西_関西-中国間(東),中国_関西-中国間(東),2982,1388,0,0
20240107B01,関西_関西-中国間(西),中国_関西-中国間(西),2982,1388,0,0
20240107B01,関西,四国,0,0,0,0
20240107B01,中国,四国,1080,1032,0,0
20240107B01,中国,九州,419,0,0,0
20240107B02,北海道,東北,150,0,0,0
20240107B02,東北,東京,0,2085,0,0
20240107B02,東京,中部,0,0,0,0
20240107B02,中部,関西,759.6,0,0,0
20240107B02,中部,北陸,270,0,0,0
20240107B02,北陸,関西,1235,0,0,0
20240107B02,関西,中国,2982,1713.5,0,0
20240107B02,関西_関西-中国間(東),中国_関西-中国間(東),2982,1713.5,0,0
20240107B02,関西_関西-中国間(西),中国_関西-中国間(西),2982,1713.5,0,0
20240107B02,関西,四国,0,56,0,0
20240107B02,中国,四国,1080,1080,0,0
20240107B02,中国,九州,419,0,0,0
20240107B03,北海道,東北,150,0,0,0
20240107B03,東北,東京,0,2085,0,0
20240107B03,東京,中部,0,0,0,0
20240107B03,中部,関西,910,0,0,0
20240107B03,中部,北陸,270,0,0,0
20240107B03,北陸,関西,1064,0,0,0
20240107B03,関西,中国,2982,876.5,0,0
20240107B03,関西_関西-中国間(東),中国_関西-中国間(東),2982,876.5,0,0
20240107B03,関西_関西-中国間(西),中国_関西-中国間(西),2982,876.5,0,0
20240107B03,関西,四国,0,0,0,0
20240107B03,中国,四国,1080,924,0,0
20240107B03,中国,九州,109,0,0,0
20240107B04,北海道,東北,150,0,0,0
20240107B04,東北,東京,121,2085,0,67
20240107B04,東京,中部,0,0,0,0
20240107B04,中部,関西,19.6,0,0,0
20240107B04,中部,北陸,270,0,0,0
20240107B04,北陸,関西,1406,0,0,0
20240107B04,関西,中国,2982,0,0,0
20240107B04,関西_関西-中国間(東),中国_関西-中国間(東),2982,0,0,0
20240107B04,関西_関西-中国間(西),中国_関西-中国間(西),2982,0,0,0
20240107B04,関西,四国,0,0,0,0
20240107B04,中国,四国,1080,204,0,0
20240107B04,中国,九州,109,0,0,0
20240107B05,北海道,東北,150,0,0,0
20240107B05,東北,東京,121,2085,0,0
20240107B05,東京,中部,0,0,0,0
20240107B05,中部,関西,278,0,0,0
20240107B05,中部,北陸,270,0,0,0
20240107B05,北陸,関西,1406,0,0,0
20240107B05,関西,中国,2982,0,0,0
20240107B05,関西_関西-中国間(東),中国_関西-中国間(東),2982,0,0,0
20240107B05,関西_関西-中国間(西),中国_関西-中国間(西),2982,0,0,0
20240107B05,関西,四国,0,0,0,0
20240107B05,中国,四国,1080,36,0,0
20240107B05,中国,九州,109,0,0,0
20240107B06,北海道,東北,131,0,0,0
20240107B06,東北,東京,121,2085,0,0
20240107B06,東京,中部,0,0,0,0
20240107B06,中部,関西,814,0,0,0
20240107B06,中部,北陸,270,0,0,0
20240107B06,北陸,関西,1140,0,0,0
20240107B06,関西,中国,2982,86,0,0
20240107B06,関西_関西-中国間(東),中国_関西-中国間(東),2982,86,0,0
20240107B06,関西_関西-中国間(西),中国_関西-中国間(西),2982,86,0,0
20240107B06,関西,四国,0,0,0,0
20240107B06,中国,四国,1080,204,0,0
20240107B06,中国,九州,109,0,0,0
20240107B07,北海道,東北,86,0,0,0
20240107B07,東北,東京,121,2085,0,0
20240107B07,東京,中部,0,0,0,0
20240107B07,中部,関西,1384,0,0,0
20240107B07,中部,北陸,270,0,0,0
20240107B07,北陸,関西,1045,0,0,0
20240107B07,関西,中国,2982,1667,0,0
20240107B07,関西_関西-中国間(東),中国_関西-中国間(東),2982,1667,0,0
20240107B07,関西_関西-中国間(西),中国_関西-中国間(西),2982,1667,0,0
20240107B07,関西,四国,0,0,0,0
20240107B07,中国,四国,1080,756,0,0
20240107B07,中国,九州,109,80,0,0
20240107B08,北海道,東北,150,0,0,0
20240107B08,東北,東京,0,2085,0,0
20240107B08,東京,中部,0,0,0,0
20240107B08,中部,関西,913.6,0,0,0
20240107B08,中部,北陸,270,0,0,0
20240107B08,北陸,関西,1254,0,0,0
20240107B08,関西,中国,2982,1481,0,0
20240107B08,関西_関西-中国間(東),中国_関西-中国間(東),2982,1481,0,0
20240107B08,関西_関西-中国間(西),中国_関西-中国間(西),2982,1481,0,0
20240107B08,関西,四国,0,0,0,0
20240107B08,中国,四国,1080,888,0,0
20240107B08,中国,九州,109,0,0,0
20240108B01,北海道,東北,150,0,0,0
20240108B01,東北,東京,0,2085,0,0
20240108B01,東京,中部,0,0,0,0
20240108B01,中部,関西,872,0,0,0
20240108B01,中部,北陸,270,0,0,0
20240108B01,北陸,関西,1254,0,0,0
20240108B01,関西,中国,2982,1388,0,0
20240108B01,関西_関西-中国間(東),中国_関西-中国間(東),2982,1388,0,0
20240108B01,関西_関西-中国間(西),中国_関西-中国間(西),2982,1388,0,0
20240108B01,関西,四国,0,0,0,0
20240108B01,中国,四国,1080,1032,0,0
20240108B01,中国,九州,419,0,0,0
20240108B02,北海道,東北,150,0,0,0
20240108B02,東北,東京,0,2085,0,0
20240108B02,東京,中部,0,0,0,0
20240108B02,中部,関西,759.6,0,0,0
20240108B02,中部,北陸,270,0,0,0
20240108B02,北陸,関西,1235,0,0,0
20240108B02,関西,中国,2982,1713.5,0,0
20240108B02,関西_関西-中国間(東),中国_関西-中国間(東),2982,1713.5,0,0
20240108B02,関西_関西-中国間(西),中国_関西-中国間(西),2982,1713.5,0,0
20240108B02,関西,四国,0,56,0,0
20240108B02,中国,四国,1080,1080,0,0
20240108B02,中国,九州,419,0,0,0
20240108B03,北海道,東北,150,0,0,0
20240108B03,東北,東京,0,2085,0,0
20240108B03,東京,中部,0,0,0,0
20240108B03,中部,関西,910,0,0,0
20240108B03,中部,北陸,270,0,0,0
20240108B03,北陸,関西,1064,0,0,0
20240108B03,関西,中国,2982,876.5,0,0
20240108B03,関西_関西-中国間(東),中国_関西-中国間(東),2982,876.5,0,0
20240108B03,関西_関西-中国間(西),中国_関西-中国間(西),2982,876.5,0,0
20240108B03,関西,四国,0,0,0,0
20240108B03,中国,四国,1080,924,0,0
20240108B03,中国,九州,109,0,0,0
20240108B04,北海道,東北,150,0,0,0
20240108B04,東北,東京,121,2085,0,67
20240108B04,東京,中部,0,0,0,0
20240108B04,中部,関西,19.6,0,0,0
20240108B04,中部,北陸,270,0,0,0
20240108B04,北陸,関西,1406,0,0,0
20240108B04,関西,中国,2982,0,0,0
20240108B04,関西_関西-中国間(東),中国_関西-中国間(東),2982,0,0,0
20240108B04,関西_関西-中国間(西),中国_関西-中国間(西),2982,0,0,0
20240108B04,関西,四国,0,0,0,0
20240108B04,中国,四国,1080,204,0,0
20240108B04,中国,九州,109,0,0,0
20240108B05,北海道,東北,150,0,0,0
20240108B05,東北,東京,121,2085,0,0
20240108B05,東京,中部,0,0,0,0
20240108B05,中部,関西,278,0,0,0
20240108B05,中部,北陸,270,0,0,0
20240108B05,北陸,関西,1406,0,0,0
20240108B05,関西,中国,2982,0,0,0
20240108B05,関西_関西-中国間(東),中国_関西-中国間(東),2982,0,0,0
20240108B05,関西_関西-中国間(西),中国_関西-中国間(西),2982,0,0,0
20240108B05,関西,四国,0,0,0,0
20240108B05,中国,四国,1080,36,0,0
20240108B05,中国,九州,109,0,0,0
20240108B06,北海道,東北,131,0,0,0
20240108B06,東北,東京,121,2085,0,0
20240108B06,東京,中部,0,0,0,0
20240108B06,中部,関西,814,0,0,0
20240108B06,中部,北陸,270,0,0,0
20240108B06,北陸,関西,1140,0,0,0
20240108B06,関西,中国,2982,86,0,0
20240108B06,関西_関西-中国間(東),中国_関西-中国間(東),2982,86,0,0
20240108B06,関西_関西-中国間(西),中国_関西-中国間(西),2982,86,0,0
20240108B06,関西,四国,0,0,0,0
20240108B06,中国,四国,1080,204,0,0
20240108B06,中国,九州,109,0,0,0
20240108B07,北海道,東北,86,0,0,0
20240108B07,東北,東京,121,2085,0,0
20240108B07,東京,中部,0,0,0,0
20240108B07,中部,関西,1384,0,0,0
20240108B07,中部,北陸,270,0,0,0
20240108B07,北陸,関西,1045,0,0,0
20240108B07,関西,中国,2982,1667,0,0
20240108B07,関西_関西-中国間(東),中国_関西-中国間(東),2982,1667,0,0
20240108B07,関西_関西-中国間(西),中国_関西-中国間(西),2982,1667,0,0
20240108B07,関西,四国,0,0,0,0
20240108B07,中国,四国,1080,756,0,0
20240108B07,中国,九州,109,80,0,0
20240108B08,北海道,東北,150,0,0,0
20240108B08,東北,東京,0,2085,0,0
20240108B08,東京,中部,0,0,0,0
20240108B08,中部,関西,913.6,0,0,0
20240108B08,中部,北陸,270,0,0,0
20240108B08,北陸,関西,1254,0,0,0
20240108B08,関西,中国,2982,1481,0,0
20240108B08,関西_関西-中国間(東),中国_関西-中国間(東),2982,1481,0,0
20240108B08,関西_関西-中国間(西),中国_関西-中国間(西),2982,1481,0,0
20240108B08,関西,四国,0,0,0,0
20240108B08,中国,四国,1080,888,0,0
20240108B08,中国,九州,109,0,0,0
20240109B01,北海道,東北,150,0,0,0
20240109B01,東北,東京,0,2085,0,0
20240109B01,東京,中部,0,0,0,0
20240109B01,中部,関西,872,0,0,0
20240109B01,中部,北陸,270,0,0,0
20240109B01,北陸,関西,1254,0,0,0
20240109B01,関西,中国,2982,1388,0,0
20240109B01,関西_関西-中国間(東),中国_関西-中国間(東),2982,1388,0,0
20240109B01,関西_関西-中国間(西),中国_関西-中国間(西),2982,1388,0,0
20240109B01,関西,四国,0,0,0,0
20240109B01,中国,四国,1080,1032,0,0
20240109B01,中国,九州,419,0,0,0
20240109B02,北海道,東北,150,0,0,0
20240109B02,東北,東京,0,2085,0,0
20240109B02,東京,中部,0,0,0,0
20240109B02,中部,関西,759.6,0,0,0
20240109B02,中部,北陸,270,0,0,0
20240109B02,北陸,関西,1235,0,0,0
20240109B02,関西,中国,2982,1713.5,0,0
20240109B02,関西_関西-中国間(東),中国_関西-中国間(東),2982,1713.5,0,0
20240109B02,関西_関西-中国間(西),中国_関西-中国間(西),2982,1713.5,0,0
20240109B02,関西,四国,0,56,0,0
20240109B02,中国,四国,1080,1080,0,0
20240109B02,中国,九州,419,0,0,0
20240109B03,北海道,東北,150,0,0,0
20240109B03,東北,東京,0,2085,0,0
20240109B03,東京,中部,0,0,0,0
20240109B03,中部,関西,960,0,0,0
20240109B03,中部,北陸,270,0,0,0
20240109B03,北陸,関西,1064,0,0,0
20240109B03,関西,中国,2982,876.5,0,0
20240109B03,関西_関西-中国間(東),中国_関西-中国間(東),2982,876.5,0,0
20240109B03,関西_関西-中国間(西),中国_関西-中国間(西),2982,876.5,0,0
20240109B03,関西,四国,0,0,0,0
20240109B03,中国,四国,1080,924,0,0
20240109B03,中国,九州,189,0,0,0
20240109B04,北海道,東北,150,0,0,0
20240109B04,東北,東京,0,2085,0,67
20240109B04,東京,中部,0,0,0,0
20240109B04,中部,関西,349.6,0,0,0
20240109B04,中部,北陸,270,0,0,0
20240109B04,北陸,関西,1406,100,0,0
20240109B04,関西,中国,2982,0,0,0
20240109B04,関西_関西-中国間(東),中国_関西-中国間(東),2982,0,0,0
20240109B04,関西_関西-中国間(西),中国_関西-中国間(西),2982,0,0,0
20240109B04,関西,四国,0,0,0,0
20240109B04,中国,四国,1080,204,0,0
20240109B04,中国,九州,189,500,0,0
20240109B05,北海道,東北,150,0,0,0
20240109B05,東北,東京,0,2085,0,0
20240109B05,東京,中部,0,0,0,0
20240109B05,中部,関西,568,0,0,0
20240109B05,中部,北陸,270,0,0,0
20240109B05,北陸,関西,1406,145,0,0
20240109B05,関西,中国,2982,0,0,0
20240109B05,関西_関西-中国間(東),中国_関西-中国間(東),2982,0,0,0
20240109B05,関西_関西-中国間(西),中国_関西-中国間(西),2982,0,0,0
20240109B05,関西,四国,0,0,0,0
20240109B05,中国,四国,1080,36,0,0
20240109B05,中国,九州,189,420,0,0
20240109B06,北海道,東北,150,0,0,0
20240109B06,東北,東京,0,2085,0,0
20240109B06,東京,中部,0,0,0,0
20240109B06,中部,関西,1184,0,0,0
20240109B06,中部,北陸,270,0,0,0
20240109B06,北陸,関西,1140,100,0,0
20240109B06,関西,中国,2982,86,0,0
20240109B06,関西_関西-中国間(東),中国_関西-中国間(東),2982,86,0,0
20240109B06,関西_関西-中国間(西),中国_関西-中国間(西),2982,86,0,0
20240109B06,関西,四国,0,0,0,0
20240109B06,中国,四国,1080,204,0,0
20240109B06,中国,九州,189,490,0,0
20240109B07,北海道,東北,136,0,0,0
20240109B07,東北,東京,0,2085,0,0
20240109B07,東京,中部,0,0,0,0
20240109B07,中部,関西,1504,0,0,0
20240109B07,中部,北陸,270,0,0,0
20240109B07,北陸,関西,1045,370,0,0
20240109B07,関西,中国,2982,1667,0,0
20240109B07,関西_関西-中国間(東),中国_関西-中国間(東),2982,1667,0,0
20240109B07,関西_関西-中国間(西),中国_関西-中国間(西),2982,1667,0,0
20240109B07,関西,四国,0,0,0,0
20240109B07,中国,四国,1080,756,0,0
20240109B07,中国,九州,189,390,0,0
20240109B08,北海道,東北,150,0,0,0
20240109B08,東北,東京,0,2085,0,0
20240109B08,東京,中部,0,0,0,0
20240109B08,中部,関西,1013.6,0,0,0
20240109B08,中部,北陸,270,0,0,0
20240109B08,北陸,関西,1254,0,0,0
20240109B08,関西,中国,2982,1481,0,0
20240109B08,関西_関西-中国間(東),中国_関西-中国間(東),2982,1481,0,0
20240109B08,関西_関西-中国間(西),中国_関西-中国間(西),2982,1481,0,0
20240109B08,関西,四国,0,0,0,0
20240109B08,中国,四国,1080,888,0,0
20240109B08,中国,九州,189,0,0,0
20240110B01,北海道,東北,150,0,0,0
20240110B01,東北,東京,0,2085,0,0
20240110B01,東京,中部,0,0,0,0
20240110B01,中部,関西,952,0,0,0
20240110B01,中部,北陸,270,0,0,0
20240110B01,北陸,関西,1254,0,0,0
20240110B01,関西,中国,2982,1388,0,0
20240110B01,関西_関西-中国間(東),中国_関西-中国間(東),2982,1388,0,0
20240110B01,関西_関西-中国間(西),中国_関西-中国間(西),2982,1388,0,0
20240110B01,関西,四国,0,0,0,0
20240110B01,中国,四国,1080,1032,0,0
20240110B01,中国,九州,429,0,0,0
20240110B02,北海道,東北,150,0,0,0
20240110B02,東北,東京,0,2085,0,0
20240110B02,東京,中部,0,0,0,0
20240110B02,中部,関西,869.6,0,0,0
20240110B02,中部,北陸,270,0,0,0
20240110B02,北陸,関西,1235,0,0,0
20240110B02,関西,中国,2982,1713.5,0,0
20240110B02,関西_関西-中国間(東),中国_関西-中国間(東),2982,1713.5,0,0
20240110B02,関西_関西-中国間(西),中国_関西-中国間(西),2982,1713.5,0,0
20240110B02,関西,四国,0,56,0,0
20240110B02,中国,四国,1080,1080,0,0
20240110B02,中国,九州,429,0,0,0
20240110B03,北海道,東北,150,0,0,0
20240110B03,東北,東京,0,2085,0,0
20240110B03,東京,中部,0,0,0,0
20240110B03,中部,関西,1140,0,0,0
20240110B03,中部,北陸,270,0,0,0
20240110B03,北陸,関西,1064,0,0,0
20240110B03,関西,中国,2982,876.5,0,0
20240110B03,関西_関西-中国間(東),中国_関西-中国間(東),2982,876.5,0,0
20240110B03,関西_関西-中国間(西),中国_関西-中国間(西),2982,876.5,0,0
20240110B03,関西,四国,0,0,0,0
20240110B03,中国,四国,1080,924,0,0
20240110B03,中国,九州,189,80,0,0
20240110B04,北海道,東北,150,0,0,0
20240110B04,東北,東京,0,2085,0,67
20240110B04,東京,中部,0,0,0,0
20240110B04,中部,関西,349.6,0,0,0
20240110B04,中部,北陸,270,0,0,0
20240110B04,北陸,関西,1406,100,0,0
20240110B04,関西,中国,2982,0,0,0
20240110B04,関西_関西-中国間(東),中国_関西-中国間(東),2982,0,0,0
20240110B04,関西_関西-中国間(西),中国_関西-中国間(西),2982,0,0,0
20240110B04,関西,四国,0,0,0,0
20240110B04,中国,四国,1080,204,0,0
20240110B04,中国,九州,0,0,0,0
20240110B05,北海道,東北,150,0,0,0
20240110B05,東北,東京,0,2085,0,0
20240110B05,東京,中部,0,0,0,0
20240110B05,中部,関西,568,0,0,0
20240110B05,中部,北陸,270,0,0,0
20240110B05,北陸,関西,1406,145,0,0
20240110B05,関西,中国,2982,0,0,0
20240110B05,関西_関西-中国間(東),中国_関西-中国間(東),2982,0,0,0
20240110B05,関西_関西-中国間(西),中国_関西-中国間(西),2982,0,0,0
20240110B05,関西,四国,0,0,0,0
20240110B05,中国,四国,1080,36,0,0
20240110B05,中国,九州,0,0,0,0
20240110B06,北海道,東北,150,0,0,0
20240110B06,東北,東京,0,2085,0,0
20240110B06,東京,中部,0,0,0,0
20240110B06,中部,関西,1184,0,0,0
20240110B06,中部,北陸,270,0,0,0
20240110B06,北陸,関西,1140,100,0,0
20240110B06,関西,中国,2982,86,0,0
20240110B06,関西_関西-中国間(東),中国_関西-中国間(東),2982,86,0,0
20240110B06,関西_関西-中国間(西),中国_関西-中国間(西),2982,86,0,0
20240110B06,関西,四国,0,0,0,0
20240110B06,中国,四国,1080,204,0,0
20240110B06,中国,九州,0,0,0,0
20240110B07,北海道,東北,136,0,0,0
20240110B07,東北,東京,0,2085,0,0
20240110B07,東京,中部,0,0,0,0
20240110B07,中部,関西,0,0,0,0
20240110B07,中部,北陸,0,0,0,0
20240110B07,北陸,関西,1045,370,0,0
20240110B07,関西,中国,2982,1667,0,0
20240110B07,関西_関西-中国間(東),中国_関西-中国間(東),2982,1667,0,0
20240110B07,関西_関西-中国間(西),中国_関西-中国間(西),2982,1667,0,0
20240110B07,関西,四国,0,0,0,0
20240110B07,中国,四国,1080,756,0,0
20240110B07,中国,九州,189,390,0,0
20240110B08,北海道,東北,150,0,0,0
20240110B08,東北,東京,0,2085,0,0
20240110B08,東京,中部,0,0,0,0
20240110B08,中部,関西,1013.6,0,0,0
20240110B08,中部,北陸,270,0,0,0
20240110B08,北陸,関西,1254,0,0,0
20240110B08,関西,中国,2982,1481,0,0
20240110B08,関西_関西-中国間(東),中国_関西-中国間(東),2982,1481,0,0
20240110B08,関西_関西-中国間(西),中国_関西-中国間(西),2982,1481,0,0
20240110B08,関西,四国,0,0,0,0
20240110B08,中国,四国,1080,888,0,0
20240110B08,中国,九州,189,0,0,0
20240111B01,北海道,東北,150,0,0,0
20240111B01,東北,東京,0,2085,0,0
20240111B01,東京,中部,0,0,0,0
20240111B01,中部,関西,952,0,0,0
20240111B01,中部,北陸,270,0,0,0
20240111B01,北陸,関西,1254,0,0,0
20240111B01,関西,中国,2982,1388,0,0
20240111B01,関西_関西-中国間(東),中国_関西-中国間(東),2982,1388,0,0
20240111B01,関西_関西-中国間(西),中国_関西-中国間(西),2982,1388,0,0
20240111B01,関西,四国,0,0,0,0
20240111B01,中国,四国,1080,1032,0,0
20240111B01,中国,九州,429,0,0,0
20240111B02,北海道,東北,150,0,0,0
20240111B02,東北,東京,0,2085,0,0
20240111B02,東京,中部,0,0,0,0
20240111B02,中部,関西,869.6,0,0,0
20240111B02,中部,北陸,270,0,0,0
20240111B02,北陸,関西,1235,0,0,0
20240111B02,関西,中国,2982,1713.5,0,0
20240111B02,関西_関西-中国間(東),中国_関西-中国間(東),2982,1713.5,0,0
20240111B02,関西_関西-中国間(西),中国_関西-中国間(西),2982,1713.5,0,0
20240111B02,関西,四国,0,56,0,0
20240111B02,中国,四国,1080,1080,0,0
20240111B02,中国,九州,429,0,0,0
20240111B03,北海道,東北,150,0,0,0
20240111B03,東北,東京,0,2085,0,0
20240111B03,東京,中部,0,0,0,0
20240111B03,中部,関西,1140,0,0,0
20240111B03,中部,北陸,270,0,0,0
20240111B03,北陸,関西,1064,0,0,0
20240111B03,関西,中国,2982,876.5,0,0
20240111B03,関西_関西-中国間(東),中国_関西-中国間(東),2982,876.5,0,0
20240111B03,関西_関西-中国間(西),中国_関西-中国間(西),2982,876.5,0,0
20240111B03,関西,四国,0,0,0,0
20240111B03,中国,四国,1080,924,0,0
20240111B03,中国,九州,189,80,0,0
20240111B04,北海道,東北,150,0,0,0
20240111B04,東北,東京,0,2085,0,0
20240111B04,東京,中部,0,0,0,0
20240111B04,中部,関西,349.6,0,0,0
20240111B04,中部,北陸,270,0,0,0
20240111B04,北陸,関西,1406,100,0,0
20240111B04,関西,中国,2982,0,0,0
20240111B04,関西_関西-中国間(東),中国_関西-中国間(東),2982,0,0,0
20240111B04,関西_関西-中国間(西),中国_関西-中国間(西),2982,0,0,0
20240111B04,関西,四国,0,0,0,0
20240111B04,中国,四国,1080,204,0,0
20240111B04,中国,九州,189,500,0,0
20240111B05,北海道,東北,150,0,0,0
20240111B05,東北,東京,0,2085,0,0
20240111B05,東京,中部,0,0,0,0
20240111B05,中部,関西,568,0,0,0
20240111B05,中部,北陸,270,0,0,0
20240111B05,北陸,関西,1406,145,0,0
20240111B05,関西,中国,2982,0,0,0
20240111B05,関西_関西-中国間(東),中国_関西-中国間(東),2982,0,0,0
20240111B05,関西_関西-中国間(西),中国_関西-中国間(西),2982,0,0,0
20240111B05,関西,四国,0,0,0,0
20240111B05,中国,四国,1080,36,0,0
20240111B05,中国,九州,189,420,0,0
20240111B06,北海道,東北,150,0,0,0
20240111B06,東北,東京,0,2085,0,0
20240111B06,東京,中部,0,0,0,0
20240111B06,中部,関西,1184,0,0,0
20240111B06,中部,北陸,270,0,0,0
20240111B06,北陸,関西,1140,100,0,0
20240111B06,関西,中国,2982,86,0,0
20240111B06,関西_関西-中国間(東),中国_関西-中国間(東),2982,86,0,0
20240111B06,関西_関西-中国間(西),中国_関西-中国間(西),2982,86,0,0
20240111B06,関西,四国,0,0,0,0
20240111B06,中国,四国,1080,204,0,0
20240111B06,中国,九州,189,490,0,0
20240111B07,北海道,東北,136,0,0,0
20240111B07,東北,東京,0,2085,0,0
20240111B07,東京,中部,0,0,0,0
20240111B07,中部,関西,1504,0,0,0
20240111B07,中部,北陸,270,0,0,0
20240111B07,北陸,関西,1045,370,0,0
20240111B07,関西,中国,2982,1667,0,0
20240111B07,関西_関西-中国間(東),中国_関西-中国間(東),2982,1667,0,0
20240111B07,関西_関西-中国間(西),中国_関西-中国間(西),2982,1667,0,0
20240111B07,関西,四国,0,0,0,0
20240111B07,中国,四国,1080,756,0,0
20240111B07,中国,九州,189,390,0,0
20240111B08,北海道,東北,150,0,0,0
20240111B08,東北,東京,0,2085,0,0
20240111B08,東京,中部,0,0,0,0
20240111B08,中部,関西,1013.6,0,0,0
20240111B08,中部,北陸,270,0,0,0
20240111B08,北陸,関西,1254,0,0,0
20240111B08,関西,中国,2982,1481,0,0
20240111B08,関西_関西-中国間(東),中国_関西-中国間(東),2982,1481,0,0
20240111B08,関西_関西-中国間(西),中国_関西-中国間(西),2982,1481,0,0
20240111B08,関西,四国,0,0,0,0
20240111B08,中国,四国,1080,888,0,0
20240111B08,中国,九州,189,0,0,0
20240112B01,北海道,東北,150,0,0,0
20240112B01,東北,東京,0,2085,0,0
20240112B01,東京,中部,0,0,0,0
20240112B01,中部,関西,952,0,0,0
20240112B01,中部,北陸,270,0,0,0
20240112B01,北陸,関西,1254,0,0,0
20240112B01,関西,中国,2982,1388,0,0
20240112B01,関西_関西-中国間(東),中国_関西-中国間(東),2982,1388,0,0
20240112B01,関西_関西-中国間(西),中国_関西-中国間(西),2982,1388,0,0
20240112B01,関西,四国,0,0,0,0
20240112B01,中国,四国,1080,1032,0,0
20240112B01,中国,九州,429,0,0,0
20240112B02,北海道,東北,150,0,0,0
20240112B02,東北,東京,0,2085,0,0
20240112B02,東京,中部,0,0,0,0
20240112B02,中部,関西,869.6,0,0,0
20240112B02,中部,北陸,270,0,0,0
20240112B02,北陸,関西,1235,0,0,0
20240112B02,関西,中国,2982,1713.5,0,0
20240112B02,関西_関西-中国間(東),中国_関西-中国間(東),2982,1713.5,0,0
20240112B02,関西_関西-中国間(西),中国_関西-中国間(西),2982,1713.5,0,0
20240112B02,関西,四国,0,56,0,0
20240112B02,中国,四国,1080,1080,0,0
20240112B02,中国,九州,429,0,0,0
20240112B03,北海道,東北,150,0,0,0
20240112B03,東北,東京,0,2085,0,0
20240112B03,東京,中部,0,0,0,0
20240112B03,中部,関西,1140,0,0,0
20240112B03,中部,北陸,270,0,0,0
20240112B03,北陸,関西,1064,0,0,0
20240112B03,関西,中国,2982,876.5,0,0
20240112B03,関西_関西-中国間(東),中国_関西-中国間(東),2982,876.5,0,0
20240112B03,関西_関西-中国間(西),中国_関西-中国間(西),2982,876.5,0,0
20240112B03,関西,四国,0,0,0,0
20240112B03,中国,四国,1080,924,0,0
20240112B03,中国,九州,189,80,0,0
20240112B04,北海道,東北,150,0,0,0
20240112B04,東北,東京,0,2085,0,67
20240112B04,東京,中部,0,0,0,0
20240112B04,中部,関西,349.6,0,0,0
20240112B04,中部,北陸,270,0,0,0
20240112B04,北陸,関西,1406,100,0,0
20240112B04,関西,中国,2982,0,0,0
20240112B04,関西_関西-中国間(東),中国_関西-中国間(東),2982,0,0,0
20240112B04,関西_関西-中国間(西),中国_関西-中国間(西),2982,0,0,0
20240112B04,関西,四国,0,0,0,0
20240112B04,中国,四国,1080,204,0,0
20240112B04,中国,九州,189,500,0,0
20240112B05,北海道,東北,150,0,0,0
20240112B05,東北,東京,0,2085,0,0
20240112B05,東京,中部,0,0,0,0
20240112B05,中部,関西,568,0,0,0
20240112B05,中部,北陸,270,0,0,0
20240112B05,北陸,関西,1406,145,0,0
20240112B05,関西,中国,2982,0,0,0
20240112B05,関西_関西-中国間(東),中国_関西-中国間(東),2982,0,0,0
20240112B05,関西_関西-中国間(西),中国_関西-中国間(西),2982,0,0,0
20240112B05,関西,四国,0,0,0,0
20240112B05,中国,四国,1080,36,0,0
20240112B05,中国,九州,189,420,0,0
20240112B06,北海道,東北,150,0,0,0
20240112B06,東北,東京,0,2085,0,0
20240112B06,東京,中部,0,0,0,0
20240112B06,中部,関西,1184,0,0,0
20240112B06,中部,北陸,270,0,0,0
20240112B06,北陸,関西,1140,100,0,0
20240112B06,関西,中国,2982,86,0,0
20240112B06,関西_関西-中国間(東),中国_関西-中国間(東),2982,86,0,0
20240112B06,関西_関西-中国間(西),中国_関西-中国間(西),2982,86,0,0
20240112B06,関西,四国,0,0,0,0
20240112B06,中国,四国,1080,204,0,0
20240112B06,中国,九州,189,490,0,0
20240112B07,北海道,東北,136,0,0,0
20240112B07,東北,東京,0,2085,0,0
20240112B07,東京,中部,0,0,0,0
20240112B07,中部,関西,1504,0,0,0
20240112B07,中部,北陸,270,0,0,0
20240112B07,北陸,関西,1045,370,0,0
20240112B07,関西,中国,2982,1667,0,0
20240112B07,関西_関西-中国間(東),中国_関西-中国間(東),2982,1667,0,0
20240112B07,関西_関西-中国間(西),中国_関西-中国間(西),2982,1667,0,0
20240112B07,関西,四国,0,0,0,0
20240112B07,中国,四国,1080,756,0,0
20240112B07,中国,九州,189,390,0,0
20240112B08,北海道,東北,150,0,0,0
20240112B08,東北,東京,0,2085,0,0
20240112B08,東京,中部,0,0,0,0
20240112B08,中部,関西,1013.6,0,0,0
20240112B08,中部,北陸,270,0,0,0
20240112B08,北陸,関西,1254,0,0,0
20240112B08,関西,中国,2982,1481,0,0
20240112B08,関西_関西-中国間(東),中国_関西-中国間(東),2982,1481,0,0
20240112B08,関西_関西-中国間(西),中国_関西-中国間(西),2982,1481,0,0
20240112B08,関西,四国,0,0,0,0
20240112B08,中国,四国,1080,888,0,0
20240112B08,中国,九州,189,0,0,0
20240113B01,北海道,東北,150,0,0,0
20240113B01,東北,東京,0,2085,0,0
20240113B01,東京,中部,0,0,0,0
20240113B01,中部,関西,872,0,0,0
20240113B01,中部,北陸,270,0,0,0
20240113B01,北陸,関西,1254,0,0,0
20240113B01,関西,中国,2982,1388,0,0
20240113B01,関西_関西-中国間(東),中国_関西-中国間(東),2982,1388,0,0
20240113B01,関西_関西-中国間(西),中国_関西-中国間(西),2982,1388,0,0
20240113B01,関西,四国,0,0,0,0
20240113B01,中国,四国,0,0,0,0
20240113B01,中国,九州,419,0,0,0
20240113B02,北海道,東北,150,0,0,0
20240113B02,東北,東京,0,2085,0,0
20240113B02,東京,中部,0,0,0,0
20240113B02,中部,関西,759.6,0,0,0
20240113B02,中部,北陸,270,0,0,0
20240113B02,北陸,関西,1235,0,0,0
20240113B02,関西,中国,2982,1713.5,0,0
20240113B02,関西_関西-中国間(東),中国_関西-中国間(東),2982,1713.5,0,0
20240113B02,関西_関西-中国間(西),中国_関西-中国間(西),2982,1713.5,0,0
20240113B02,関西,四国,0,56,0,0
20240113B02,中国,四国,0,0,0,0
20240113B02,中国,九州,419,0,0,0
20240113B03,北海道,東北,150,0,0,0
20240113B03,東北,東京,0,2085,0,0
20240113B03,東京,中部,0,0,0,0
20240113B03,中部,関西,910,0,0,0
20240113B03,中部,北陸,270,0,0,0
20240113B03,北陸,関西,1064,0,0,0
20240113B03,関西,中国,2982,876.5,0,0
20240113B03,関西_関西-中国間(東),中国_関西-中国間(東),2982,876.5,0,0
20240113B03,関西_関西-中国間(西),中国_関西-中国間(西),2982,876.5,0,0
20240113B03,関西,四国,0,0,0,0
20240113B03,中国,四国,0,0,0,0
20240113B03,中国,九州,109,0,0,0
20240113B04,北海道,東北,150,0,0,0
20240113B04,東北,東京,0,2085,0,67
20240113B04,東京,中部,0,0,0,0
20240113B04,中部,関西,19.6,0,0,0
20240113B04,中部,北陸,270,0,0,0
20240113B04,北陸,関西,1406,0,0,0
20240113B04,関西,中国,2982,0,0,0
20240113B04,関西_関西-中国間(東),中国_関西-中国間(東),2982,0,0,0
20240113B04,関西_関西-中国間(西),中国_関西-中国間(西),2982,0,0,0
20240113B04,関西,四国,0,0,0,0
20240113B04,中国,四国,0,0,0,0
20240113B04,中国,九州,109,0,0,0
20240113B05,北海道,東北,150,0,0,0
20240113B05,東北,東京,0,2085,0,0
20240113B05,東京,中部,0,0,0,0
20240113B05,中部,関西,278,0,0,0
20240113B05,中部,北陸,270,0,0,0
20240113B05,北陸,関西,1406,0,0,0
20240113B05,関西,中国,2982,0,0,0
20240113B05,関西_関西-中国間(東),中国_関西-中国間(東),2982,0,0,0
20240113B05,関西_関西-中国間(西),中国_関西-中国間(西),2982,0,0,0
20240113B05,関西,四国,0,0,0,0
20240113B05,中国,四国,0,0,0,0
20240113B05,中国,九州,109,0,0,0
20240113B06,北海道,東北,131,0,0,0
20240113B06,東北,東京,0,2085,0,0
20240113B06,東京,中部,0,0,0,0
20240113B06,中部,関西,814,0,0,0
20240113B06,中部,北陸,270,0,0,0
20240113B06,北陸,関西,1140,0,0,0
20240113B06,関西,中国,2982,86,0,0
20240113B06,関西_関西-中国間(東),中国_関西-中国間(東),2982,86,0,0
20240113B06,関西_関西-中国間(西),中国_関西-中国間(西),2982,86,0,0
20240113B06,関西,四国,0,0,0,0
20240113B06,中国,四国,0,0,0,0
20240113B06,中国,九州,109,0,0,0
20240113B07,北海道,東北,86,0,0,0
20240113B07,東北,東京,0,2085,0,0
20240113B07,東京,中部,0,0,0,0
20240113B07,中部,関西,1384,0,0,0
20240113B07,中部,北陸,270,0,0,0
20240113B07,北陸,関西,1045,0,0,0
20240113B07,関西,中国,2982,1667,0,0
20240113B07,関西_関西-中国間(東),中国_関西-中国間(東),2982,1667,0,0
20240113B07,関西_関西-中国間(西),中国_関西-中国間(西),2982,1667,0,0
20240113B07,関西,四国,0,0,0,0
20240113B07,中国,四国,0,0,0,0
20240113B07,中国,九州,109,80,0,0
20240113B08,北海道,東北,150,0,0,0
20240113B08,東北,東京,0,2085,0,0
20240113B08,東京,中部,0,0,0,0
20240113B08,中部,関西,913.6,0,0,0
20240113B08,中部,北陸,270,0,0,0
20240113B08,北陸,関西,1254,0,0,0
20240113B08,関西,中国,2982,1481,0,0
20240113B08,関西_関西-中国間(東),中国_関西-中国間(東),2982,1481,0,0
20240113B08,関西_関西-中国間(西),中国_関西-中国間(西),2982,1481,0,0
20240113B08,関西,四国,0,0,0,0
20240113B08,中国,四国,0,0,0,0
20240113B08,中国,九州,109,0,0,0
20240114B01,北海道,東北,150,0,0,0
20240114B01,東北,東京,0,2085,0,0
20240114B01,東京,中部,0,0,0,0
20240114B01,中部,関西,872,0,0,0
20240114B01,中部,北陸,270,0,0,0
20240114B01,北陸,関西,1254,0,0,0
20240114B01,関西,中国,2982,1388,0,0
20240114B01,関西_関西-中国間(東),中国_関西-中国間(東),2982,1388,0,0
20240114B01,関西_関西-中国間(西),中国_関西-中国間(西),2982,1388,0,0
20240114B01,関西,四国,0,0,0,0
20240114B01,中国,四国,0,0,0,0
20240114B01,中国,九州,419,0,0,0
20240114B02,北海道,東北,150,0,0,0
20240114B02,東北,東京,0,2085,0,0
20240114B02,東京,中部,0,0,0,0
20240114B02,中部,関西,759.6,0,0,0
20240114B02,中部,北陸,270,0,0,0
20240114B02,北陸,関西,1235,0,0,0
20240114B02,関西,中国,2982,1713.5,0,0
20240114B02,関西_関西-中国間(東),中国_関西-中国間(東),2982,1713.5,0,0
20240114B02,関西_関西-中国間(西),中国_関西-中国間(西),2982,1713.5,0,0
20240114B02,関西,四国,0,56,0,0
20240114B02,中国,四国,0,0,0,0
20240114B02,中国,九州,419,0,0,0
20240114B03,北海道,東北,150,0,0,0
20240114B03,東北,東京,0,2085,0,0
20240114B03,東京,中部,0,0,0,0
20240114B03,中部,関西,910,0,0,0
20240114B03,中部,北陸,270,0,0,0
20240114B03,北陸,関西,1064,0,0,0
20240114B03,関西,中国,2982,876.5,0,0
20240114B03,関西_関西-中国間(東),中国_関西-中国間(東),2982,876.5,0,0
20240114B03,関西_関西-中国間(西),中国_関西-中国間(西),2982,876.5,0,0
20240114B03,関西,四国,0,0,0,0
20240114B03,中国,四国,0,0,0,0
20240114B03,中国,九州,109,0,0,0
20240114B04,北海道,東北,150,0,0,0
20240114B04,東北,東京,0,2085,0,67
20240114B04,東京,中部,0,0,0,0
20240114B04,中部,関西,19.6,0,0,0
20240114B04,中部,北陸,270,0,0,0
20240114B04,北陸,関西,1406,0,0,0
20240114B04,関西,中国,2982,0,0,0
20240114B04,関西_関西-中国間(東),中国_関西-中国間(東),2982,0,0,0
20240114B04,関西_関西-中国間(西),中国_関西-中国間(西),2982,0,0,0
20240114B04,関西,四国,0,0,0,0
20240114B04,中国,四国,0,0,0,0
20240114B04,中国,九州,109,0,0,0
20240114B05,北海道,東北,150,0,0,0
20240114B05,東北,東京,0,2085,0,0
20240114B05,東京,中部,0,0,0,0
20240114B05,中部,関西,278,0,0,0
20240114B05,中部,北陸,270,0,0,0
20240114B05,北陸,関西,1406,0,0,0
20240114B05,関西,中国,2982,0,0,0
20240114B05,関西_関西-中国間(東),中国_関西-中国間(東),2982,0,0,0
20240114B05,関西_関西-中国間(西),中国_関西-中国間(西),2982,0,0,0
20240114B05,関西,四国,0,0,0,0
20240114B05,中国,四国,0,0,0,0
20240114B05,中国,九州,109,0,0,0
20240114B06,北海道,東北,131,0,0,0
20240114B06,東北,東京,0,2085,0,0
20240114B06,東京,中部,0,0,0,0
20240114B06,中部,関西,814,0,0,0
20240114B06,中部,北陸,270,0,0,0
20240114B06,北陸,関西,1140,0,0,0
20240114B06,関西,中国,2982,86,0,0
20240114B06,関西_関西-中国間(東),中国_関西-中国間(東),2982,86,0,0
20240114B06,関西_関西-中国間(西),中国_関西-中国間(西),2982,86,0,0
20240114B06,関西,四国,0,0,0,0
20240114B06,中国,四国,0,0,0,0
20240114B06,中国,九州,109,0,0,0
20240114B07,北海道,東北,86,0,0,0
20240114B07,東北,東京,0,2085,0,0
20240114B07,東京,中部,0,0,0,0
20240114B07,中部,関西,1384,0,0,0
20240114B07,中部,北陸,270,0,0,0
20240114B07,北陸,関西,1045,0,0,0
20240114B07,関西,中国,2982,1667,0,0
20240114B07,関西_関西-中国間(東),中国_関西-中国間(東),2982,1667,0,0
20240114B07,関西_関西-中国間(西),中国_関西-中国間(西),2982,1667,0,0
20240114B07,関西,四国,0,0,0,0
20240114B07,中国,四国,0,0,0,0
20240114B07,中国,九州,109,80,0,0
20240114B08,北海道,東北,150,0,0,0
20240114B08,東北,東京,0,2085,0,0
20240114B08,東京,中部,0,0,0,0
20240114B08,中部,関西,913.6,0,0,0
20240114B08,中部,北陸,270,0,0,0
20240114B08,北陸,関西,1254,0,0,0
20240114B08,関西,中国,2982,1481,0,0
20240114B08,関西_関西-中国間(東),中国_関西-中国間(東),2982,1481,0,0
20240114B08,関西_関西-中国間(西),中国_関西-中国間(西),2982,1481,0,0
20240114B08,関西,四国,0,0,0,0
20240114B08,中国,四国,0,0,0,0
20240114B08,中国,九州,109,0,0,0
20240115B01,北海道,東北,150,0,0,0
20240115B01,東北,東京,0,2085,0,0
20240115B01,東京,中部,0,0,0,0
20240115B01,中部,関西,872,0,0,0
20240115B01,中部,北陸,270,0,0,0
20240115B01,北陸,関西,1254,0,0,0
20240115B01,関西,中国,2982,1388,0,0
20240115B01,関西_関西-中国間(東),中国_関西-中国間(東),2982,1388,0,0
20240115B01,関西_関西-中国間(西),中国_関西-中国間(西),2982,1388,0,0
20240115B01,関西,四国,0,0,0,0
20240115B01,中国,四国,0,0,0,0
20240115B01,中国,九州,419,0,0,0
20240115B02,北海道,東北,150,0,0,0
20240115B02,東北,東京,0,2085,0,0
20240115B02,東京,中部,0,0,0,0
20240115B02,中部,関西,759.6,0,0,0
20240115B02,中部,北陸,270,0,0,0
20240115B02,北陸,関西,1235,0,0,0
20240115B02,関西,中国,2982,1713.5,0,0
20240115B02,関西_関西-中国間(東),中国_関西-中国間(東),2982,1713.5,0,0
20240115B02,関西_関西-中国間(西),中国_関西-中国間(西),2982,1713.5,0,0
20240115B02,関西,四国,0,56,0,0
20240115B02,中国,四国,0,0,0,0
20240115B02,中国,九州,419,0,0,0
20240115B03,北海道,東北,150,0,0,0
20240115B03,東北,東京,0,2085,0,0
20240115B03,東京,中部,0,0,0,0
20240115B03,中部,関西,960,0,0,0
20240115B03,中部,北陸,270,0,0,0
20240115B03,北陸,関西,1064,0,0,0
20240115B03,関西,中国,2982,876.5,0,0
20240115B03,関西_関西-中国間(東),中国_関西-中国間(東),2982,876.5,0,0
20240115B03,関西_関西-中国間(西),中国_関西-中国間(西),2982,876.5,0,0
20240115B03,関西,四国,0,0,0,0
20240115B03,中国,四国,0,0,0,0
20240115B03,中国,九州,189,0,0,0
20240115B04,北海道,東北,150,0,0,0
20240115B04,東北,東京,0,2085,0,67
20240115B04,東京,中部,0,0,0,0
20240115B04,中部,関西,349.6,0,0,0
20240115B04,中部,北陸,270,0,0,0
20240115B04,北陸,関西,1406,100,0,0
20240115B04,関西,中国,2982,0,0,0
20240115B04,関西_関西-中国間(東),中国_関西-中国間(東),2982,0,0,0
20240115B04,関西_関西-中国間(西),中国_関西-中国間(西),2982,0,0,0
20240115B04,関西,四国,0,0,0,0
20240115B04,中国,四国,0,0,0,0
20240115B04,中国,九州,189,500,0,0
20240115B05,北海道,東北,150,0,0,0
20240115B05,東北,東京,0,2085,0,0
20240115B05,東京,中部,0,0,0,0
20240115B05,中部,関西,568,0,0,0
20240115B05,中部,北陸,270,0,0,0
20240115B05,北陸,関西,1406,145,0,0
20240115B05,関西,中国,2982,0,0,0
20240115B05,関西_関西-中国間(東),中国_関西-中国間(東),2982,0,0,0
20240115B05,関西_関西-中国間(西),中国_関西-中国間(西),2982,0,0,0
20240115B05,関西,四国,0,0,0,0
20240115B05,中国,四国,0,0,0,0
20240115B05,中国,九州,189,420,0,0
20240115B06,北海道,東北,150,0,0,0
20240115B06,東北,東京,0,2085,0,0
20240115B06,東京,中部,0,0,0,0
20240115B06,中部,関西,1184,0,0,0
20240115B06,中部,北陸,270,0,0,0
20240115B06,北陸,関西,1140,100,0,0
20240115B06,関西,中国,2982,86,0,0
20240115B06,関西_関西-中国間(東),中国_関西-中国間(東),2982,86,0,0
20240115B06,関西_関西-中国間(西),中国_関西-中国間(西),2982,86,0,0
20240115B06,関西,四国,0,0,0,0
20240115B06,中国,四国,0,0,0,0
20240115B06,中国,九州,189,490,0,0
20240115B07,北海道,東北,136,0,0,0
20240115B07,東北,東京,0,2085,0,0
20240115B07,東京,中部,0,0,0,0
20240115B07,中部,関西,1504,0,0,0
20240115B07,中部,北陸,270,0,0,0
20240115B07,北陸,関西,1045,370,0,0
20240115B07,関西,中国,2982,1667,0,0
20240115B07,関西_関西-中国間(東),中国_関西-中国間(東),2982,1667,0,0
20240115B07,関西_関西-中国間(西),中国_関西-中国間(西),2982,1667,0,0
20240115B07,関西,四国,0,0,0,0
20240115B07,中国,四国,0,0,0,0
20240115B07,中国,九州,189,390,0,0
20240115B08,北海道,東北,150,0,0,0
20240115B08,東北,東京,0,2085,0,0
20240115B08,東京,中部,0,0,0,0
20240115B08,中部,関西,1013.6,0,0,0
20240115B08,中部,北陸,270,0,0,0
20240115B08,北陸,関西,1254,0,0,0
20240115B08,関西,中国,2982,1481,0,0
20240115B08,関西_関西-中国間(東),中国_関西-中国間(東),2982,1481,0,0
20240115B08,関西_関西-中国間(西),中国_関西-中国間(西),2982,1481,0,0
20240115B08,関西,四国,0,0,0,0
20240115B08,中国,四国,0,0,0,0
20240115B08,中国,九州,189,0,0,0
20240116B01,北海道,東北,150,0,0,0
20240116B01,東北,東京,0,2085,0,0
20240116B01,東京,中部,0,0,0,0
20240116B01,中部,関西,952,0,0,0
20240116B01,中部,北陸,270,0,0,0
20240116B01,北陸,関西,1254,0,0,0
20240116B01,関西,中国,2982,1388,0,0
20240116B01,関西_関西-中国間(東),中国_関西-中国間(東),2982,1388,0,0
20240116B01,関西_関西-中国間(西),中国_関西-中国間(西),2982,1388,0,0
20240116B01,関西,四国,0,0,0,0
20240116B01,中国,四国,0,0,0,0
20240116B01,中国,九州,429,0,0,0
20240116B02,北海道,東北,150,0,0,0
20240116B02,東北,東京,0,2085,0,0
20240116B02,東京,中部,0,0,0,0
20240116B02,中部,関西,869.6,0,0,0
20240116B02,中部,北陸,270,0,0,0
20240116B02,北陸,関西,1235,0,0,0
20240116B02,関西,中国,2982,1713.5,0,0
20240116B02,関西_関西-中国間(東),中国_関西-中国間(東),2982,1713.5,0,0
20240116B02,関西_関西-中国間(西),中国_関西-中国間(西),2982,1713.5,0,0
20240116B02,関西,四国,0,56,0,0
20240116B02,中国,四国,0,0,0,0
20240116B02,中国,九州,429,0,0,0
20240116B03,北海道,東北,150,0,0,0
20240116B03,東北,東京,0,2085,0,0
20240116B03,東京,中部,0,0,0,0
20240116B03,中部,関西,1140,0,0,0
20240116B03,中部,北陸,270,0,0,0
20240116B03,北陸,関西,1064,0,0,0
20240116B03,関西,中国,2982,876.5,0,0
20240116B03,関西_関西-中国間(東),中国_関西-中国間(東),2982,876.5,0,0
20240116B03,関西_関西-中国間(西),中国_関西-中国間(西),2982,876.5,0,0
20240116B03,関西,四国,0,0,0,0
20240116B03,中国,四国,0,0,0,0
20240116B03,中国,九州,189,80,0,0
20240116B04,北海道,東北,150,0,0,0
20240116B04,東北,東京,0,2085,0,67
20240116B04,東京,中部,0,0,0,0
20240116B04,中部,関西,0,0,0,0
20240116B04,中部,北陸,0,0,0,0
20240116B04,北陸,関西,1406,100,0,0
20240116B04,関西,中国,2982,0,0,0
20240116B04,関西_関西-中国間(東),中国_関西-中国間(東),2982,0,0,0
20240116B04,関西_関西-中国間(西),中国_関西-中国間(西),2982,0,0,0
20240116B04,関西,四国,0,0,0,0
20240116B04,中国,四国,0,0,0,0
20240116B04,中国,九州,189,500,0,0
20240116B05,北海道,東北,150,0,0,0
20240116B05,東北,東京,0,2085,0,0
20240116B05,東京,中部,0,0,0,0
20240116B05,中部,関西,0,0,0,0
20240116B05,中部,北陸,0,0,0,0
20240116B05,北陸,関西,1406,145,0,0
20240116B05,関西,中国,2982,0,0,0
20240116B05,関西_関西-中国間(東),中国_関西-中国間(東),2982,0,0,0
20240116B05,関西_関西-中国間(西),中国_関西-中国間(西),2982,0,0,0
20240116B05,関西,四国,0,0,0,0
20240116B05,中国,四国,0,0,0,0
20240116B05,中国,九州,189,420,0,0
20240116B06,北海道,東北,150,0,0,0
20240116B06,東北,東京,0,2085,0,0
20240116B06,東京,中部,0,0,0,0
20240116B06,中部,関西,0,0,0,0
20240116B06,中部,北陸,0,0,0,0
20240116B06,北陸,関西,1140,100,0,0
20240116B06,関西,中国,2982,86,0,0
20240116B06,関西_関西-中国間(東),中国_関西-中国間(東),2982,86,0,0
20240116B06,関西_関西-中国間(西),中国_関西-中国間(西),2982,86,0,0
20240116B06,関西,四国,0,0,0,0
20240116B06,中国,四国,0,0,0,0
20240116B06,中国,九州,189,490,0,0
20240116B07,北海道,東北,136,0,0,0
20240116B07,東北,東京,0,2085,0,0
20240116B07,東京,中部,0,0,0,0
20240116B07,中部,関西,1504,0,0,0
20240116B07,中部,北陸,270,0,0,0
20240116B07,北陸,関西,1045,370,0,0
20240116B07,関西,中国,2982,1667,0,0
20240116B07,関西_関西-中国間(東),中国_関西-中国間(東),2982,1667,0,0
20240116B07,関西_関西-中国間(西),中国_関西-中国間(西),2982,1667,0,0
20240116B07,関西,四国,0,0,0,0
20240116B07,中国,四国,0,0,0,0
20240116B07,中国,九州,189,390,0,0
20240116B08,北海道,東北,150,0,0,0
20240116B08,東北,東京,0,2085,0,0
20240116B08,東京,中部,0,0,0,0
20240116B08,中部,関西,1013.6,0,0,0
20240116B08,中部,北陸,270,0,0,0
20240116B08,北陸,関西,1254,0,0,0
20240116B08,関西,中国,2982,1481,0,0
20240116B08,関西_関西-中国間(東),中国_関西-中国間(東),2982,1481,0,0
20240116B08,関西_関西-中国間(西),中国_関西-中国間(西),2982,1481,0,0
20240116B08,関西,四国,0,0,0,0
20240116B08,中国,四国,0,0,0,0
20240116B08,中国,九州,189,0,0,0
20240117B01,北海道,東北,150,0,0,0
20240117B01,東北,東京,0,2085,0,0
20240117B01,東京,中部,0,0,0,0
20240117B01,中部,関西,952,0,0,0
20240117B01,中部,北陸,270,0,0,0
20240117B01,北陸,関西,1254,0,0,0
20240117B01,関西,中国,2982,1388,0,0
20240117B01,関西_関西-中国間(東),中国_関西-中国間(東),2982,1388,0,0
20240117B01,関西_関西-中国間(西),中国_関西-中国間(西),2982,1388,0,0
20240117B01,関西,四国,0,0,0,0
20240117B01,中国,四国,0,0,0,0
20240117B01,中国,九州,429,0,0,0
20240117B02,北海道,東北,150,0,0,0
20240117B02,東北,東京,0,2085,0,0
20240117B02,東京,中部,0,0,0,0
20240117B02,中部,関西,869.6,0,0,0
20240117B02,中部,北陸,270,0,0,0
20240117B02,北陸,関西,1235,0,0,0
20240117B02,関西,中国,2982,1713.5,0,0
20240117B02,関西_関西-中国間(東),中国_関西-中国間(東),2982,1713.5,0,0
20240117B02,関西_関西-中国間(西),中国_関西-中国間(西),2982,1713.5,0,0
20240117B02,関西,四国,0,56,0,0
20240117B02,中国,四国,0,0,0,0
20240117B02,中国,九州,429,0,0,0
20240117B03,北海道,東北,150,0,0,0
20240117B03,東北,東京,0,2085,0,0
20240117B03,東京,中部,0,0,0,0
20240117B03,中部,関西,1140,0,0,0
20240117B03,中部,北陸,270,0,0,0
20240117B03,北陸,関西,1064,0,0,0
20240117B03,関西,中国,2982,876.5,0,0
20240117B03,関西_関西-中国間(東),中国_関西-中国間(東),2982,876.5,0,0
20240117B03,関西_関西-中国間(西),中国_関西-中国間(西),2982,876.5,0,0
20240117B03,関西,四国,0,0,0,0
20240117B03,中国,四国,0,0,0,0
20240117B03,中国,九州,189,80,0,0
20240117B04,北海道,東北,150,0,0,0
20240117B04,東北,東京,0,2085,0,67
20240117B04,東京,中部,0,0,0,0
20240117B04,中部,関西,349.6,0,0,0
20240117B04,中部,北陸,270,0,0,0
20240117B04,北陸,関西,1406,100,0,0
20240117B04,関西,中国,2982,0,0,0
20240117B04,関西_関西-中国間(東),中国_関西-中国間(東),2982,0,0,0
20240117B04,関西_関西-中国間(西),中国_関西-中国間(西),2982,0,0,0
20240117B04,関西,四国,0,0,0,0
20240117B04,中国,四国,0,0,0,0
20240117B04,中国,九州,189,500,0,0
20240117B05,北海道,東北,150,0,0,0
20240117B05,東北,東京,0,2085,0,0
20240117B05,東京,中部,0,0,0,0
20240117B05,中部,関西,568,0,0,0
20240117B05,中部,北陸,270,0,0,0
20240117B05,北陸,関西,1406,145,0,0
20240117B05,関西,中国,2982,0,0,0
20240117B05,関西_関西-中国間(東),中国_関西-中国間(東),2982,0,0,0
20240117B05,関西_関西-中国間(西),中国_関西-中国間(西),2982,0,0,0
20240117B05,関西,四国,0,0,0,0
20240117B05,中国,四国,0,0,0,0
20240117B05,中国,九州,189,420,0,0
20240117B06,北海道,東北,150,0,0,0
20240117B06,東北,東京,0,2085,0,0
20240117B06,東京,中部,0,0,0,0
20240117B06,中部,関西,1184,0,0,0
20240117B06,中部,北陸,270,0,0,0
20240117B06,北陸,関西,1140,100,0,0
20240117B06,関西,中国,2982,86,0,0
20240117B06,関西_関西-中国間(東),中国_関西-中国間(東),2982,86,0,0
20240117B06,関西_関西-中国間(西),中国_関西-中国間(西),2982,86,0,0
20240117B06,関西,四国,0,0,0,0
20240117B06,中国,四国,0,0,0,0
20240117B06,中国,九州,189,490,0,0
20240117B07,北海道,東北,136,0,0,0
20240117B07,東北,東京,0,2085,0,0
20240117B07,東京,中部,0,0,0,0
20240117B07,中部,関西,1504,0,0,0
20240117B07,中部,北陸,270,0,0,0
20240117B07,北陸,関西,1045,370,0,0
20240117B07,関西,中国,2982,1667,0,0
20240117B07,関西_関西-中国間(東),中国_関西-中国間(東),2982,1667,0,0
20240117B07,関西_関西-中国間(西),中国_関西-中国間(西),2982,1667,0,0
20240117B07,関西,四国,0,0,0,0
20240117B07,中国,四国,0,0,0,0
20240117B07,中国,九州,189,390,0,0
20240117B08,北海道,東北,150,0,0,0
20240117B08,東北,東京,0,2085,0,0
20240117B08,東京,中部,0,0,0,0
20240117B08,中部,関西,1013.6,0,0,0
20240117B08,中部,北陸,270,0,0,0
20240117B08,北陸,関西,1254,0,0,0
20240117B08,関西,中国,2982,1481,0,0
20240117B08,関西_関西-中国間(東),中国_関西-中国間(東),2982,1481,0,0
20240117B08,関西_関西-中国間(西),中国_関西-中国間(西),2982,1481,0,0
20240117B08,関西,四国,0,0,0,0
20240117B08,中国,四国,0,0,0,0
20240117B08,中国,九州,189,0,0,0
20240118B01,北海道,東北,150,0,0,0
20240118B01,東北,東京,0,2085,0,0
20240118B01,東京,中部,0,0,0,0
20240118B01,中部,関西,952,0,0,0
20240118B01,中部,北陸,270,0,0,0
20240118B01,北陸,関西,1254,0,0,0
20240118B01,関西,中国,2982,1388,0,0
20240118B01,関西_関西-中国間(東),中国_関西-中国間(東),2982,1388,0,0
20240118B01,関西_関西-中国間(西),中国_関西-中国間(西),2982,1388,0,0
20240118B01,関西,四国,0,0,0,0
20240118B01,中国,四国,0,0,0,0
20240118B01,中国,九州,429,0,0,0
20240118B02,北海道,東北,150,0,0,0
20240118B02,東北,東京,0,2085,0,0
20240118B02,東京,中部,0,0,0,0
20240118B02,中部,関西,869.6,0,0,0
20240118B02,中部,北陸,270,0,0,0
20240118B02,北陸,関西,1235,0,0,0
20240118B02,関西,中国,2982,1713.5,0,0
20240118B02,関西_関西-中国間(東),中国_関西-中国間(東),2982,1713.5,0,0
20240118B02,関西_関西-中国間(西),中国_関西-中国間(西),2982,1713.5,0,0
20240118B02,関西,四国,0,56,0,0
20240118B02,中国,四国,0,0,0,0
20240118B02,中国,九州,429,0,0,0
20240118B03,北海道,東北,150,0,0,0
20240118B03,東北,東京,0,2085,0,0
20240118B03,東京,中部,0,0,0,0
20240118B03,中部,関西,1140,0,0,0
20240118B03,中部,北陸,270,0,0,0
20240118B03,北陸,関西,1064,0,0,0
20240118B03,関西,中国,2982,876.5,0,0
20240118B03,関西_関西-中国間(東),中国_関西-中国間(東),2982,876.5,0,0
20240118B03,関西_関西-中国間(西),中国_関西-中国間(西),2982,876.5,0,0
20240118B03,関西,四国,0,0,0,0
20240118B03,中国,四国,0,0,0,0
20240118B03,中国,九州,189,80,0,0
20240118B04,北海道,東北,150,0,0,0
20240118B04,東北,東京,0,2085,0,67
20240118B04,東京,中部,0,0,0,0
20240118B04,中部,関西,349.6,0,0,0
20240118B04,中部,北陸,270,0,0,0
20240118B04,北陸,関西,1406,100,0,0
20240118B04,関西,中国,2982,0,0,0
20240118B04,関西_関西-中国間(東),中国_関西-中国間(東),2982,0,0,0
20240118B04,関西_関西-中国間(西),中国_関西-中国間(西),2982,0,0,0
20240118B04,関西,四国,0,0,0,0
20240118B04,中国,四国,0,0,0,0
20240118B04,中国,九州,189,500,0,0
20240118B05,北海道,東北,150,0,0,0
20240118B05,東北,東京,0,2085,0,0
20240118B05,東京,中部,0,0,0,0
20240118B05,中部,関西,568,0,0,0
20240118B05,中部,北陸,270,0,0,0
20240118B05,北陸,関西,1406,145,0,0
20240118B05,関西,中国,2982,0,0,0
20240118B05,関西_関西-中国間(東),中国_関西-中国間(東),2982,0,0,0
20240118B05,関西_関西-中国間(西),中国_関西-中国間(西),2982,0,0,0
20240118B05,関西,四国,0,0,0,0
20240118B05,中国,四国,0,0,0,0
20240118B05,中国,九州,189,420,0,0
20240118B06,北海道,東北,150,0,0,0
20240118B06,東北,東京,0,2085,0,0
20240118B06,東京,中部,0,0,0,0
20240118B06,中部,関西,1184,0,0,0
20240118B06,中部,北陸,270,0,0,0
20240118B06,北陸,関西,1140,100,0,0
20240118B06,関西,中国,2982,86,0,0
20240118B06,関西_関西-中国間(東),中国_関西-中国間(東),2982,86,0,0
20240118B06,関西_関西-中国間(西),中国_関西-中国間(西),2982,86,0,0
20240118B06,関西,四国,0,0,0,0
20240118B06,中国,四国,0,0,0,0
20240118B06,中国,九州,189,490,0,0
20240118B07,北海道,東北,136,0,0,0
20240118B07,東北,東京,0,2085,0,0
20240118B07,東京,中部,0,0,0,0
20240118B07,中部,関西,1504,0,0,0
20240118B07,中部,北陸,270,0,0,0
20240118B07,北陸,関西,1045,370,0,0
20240118B07,関西,中国,2982,1667,0,0
20240118B07,関西_関西-中国間(東),中国_関西-中国間(東),2982,1667,0,0
20240118B07,関西_関西-中国間(西),中国_関西-中国間(西),2982,1667,0,0
20240118B07,関西,四国,0,0,0,0
20240118B07,中国,四国,0,0,0,0
20240118B07,中国,九州,189,390,0,0
20240118B08,北海道,東北,150,0,0,0
20240118B08,東北,東京,0,2085,0,0
20240118B08,東京,中部,0,0,0,0
20240118B08,中部,関西,1013.6,0,0,0
20240118B08,中部,北陸,270,0,0,0
20240118B08,北陸,関西,1254,0,0,0
20240118B08,関西,中国,2982,1481,0,0
20240118B08,関西_関西-中国間(東),中国_関西-中国間(東),2982,1481,0,0
20240118B08,関西_関西-中国間(西),中国_関西-中国間(西),2982,1481,0,0
20240118B08,関西,四国,0,0,0,0
20240118B08,中国,四国,0,0,0,0
20240118B08,中国,九州,189,0,0,0
20240119B01,北海道,東北,150,0,0,0
20240119B01,東北,東京,0,2085,0,0
20240119B01,東京,中部,0,0,0,0
20240119B01,中部,関西,952,0,0,0
20240119B01,中部,北陸,270,0,0,0
20240119B01,北陸,関西,1254,0,0,0
20240119B01,関西,中国,2982,1388,0,0
20240119B01,関西_関西-中国間(東),中国_関西-中国間(東),2982,1388,0,0
20240119B01,関西_関西-中国間(西),中国_関西-中国間(西),2982,1388,0,0
20240119B01,関西,四国,0,0,0,0
20240119B01,中国,四国,0,0,0,0
20240119B01,中国,九州,429,0,0,0
20240119B02,北海道,東北,150,0,0,0
20240119B02,東北,東京,0,2085,0,0
20240119B02,東京,中部,0,0,0,0
20240119B02,中部,関西,869.6,0,0,0
20240119B02,中部,北陸,270,0,0,0
20240119B02,北陸,関西,1235,0,0,0
20240119B02,関西,中国,2982,1713.5,0,0
20240119B02,関西_関西-中国間(東),中国_関西-中国間(東),2982,1713.5,0,0
20240119B02,関西_関西-中国間(西),中国_関西-中国間(西),2982,1713.5,0,0
20240119B02,関西,四国,0,56,0,0
20240119B02,中国,四国,0,0,0,0
20240119B02,中国,九州,429,0,0,0
20240119B03,北海道,東北,150,0,0,0
20240119B03,東北,東京,0,2085,0,0
20240119B03,東京,中部,0,0,0,0
20240119B03,中部,関西,1140,0,0,0
20240119B03,中部,北陸,270,0,0,0
20240119B03,北陸,関西,1064,0,0,0
20240119B03,関西,中国,2982,876.5,0,0
20240119B03,関西_関西-中国間(東),中国_関西-中国間(東),2982,876.5,0,0
20240119B03,関西_関西-中国間(西),中国_関西-中国間(西),2982,876.5,0,0
20240119B03,関西,四国,0,0,0,0
20240119B03,中国,四国,0,0,0,0
20240119B03,中国,九州,189,80,0,0
20240119B04,北海道,東北,150,0,0,0
20240119B04,東北,東京,0,2085,0,67
20240119B04,東京,中部,0,0,0,0
20240119B04,中部,関西,349.6,0,0,0
20240119B04,中部,北陸,270,0,0,0
20240119B04,北陸,関西,1406,100,0,0
20240119B04,関西,中国,2982,0,0,0
20240119B04,関西_関西-中国間(東),中国_関西-中国間(東),2982,0,0,0
20240119B04,関西_関西-中国間(西),中国_関西-中国間(西),2982,0,0,0
20240119B04,関西,四国,0,0,0,0
20240119B04,中国,四国,0,0,0,0
20240119B04,中国,九州,189,500,0,0
20240119B05,北海道,東北,150,0,0,0
20240119B05,東北,東京,0,2085,0,0
20240119B05,東京,中部,0,0,0,0
20240119B05,中部,関西,568,0,0,0
20240119B05,中部,北陸,270,0,0,0
20240119B05,北陸,関西,1406,145,0,0
20240119B05,関西,中国,2982,0,0,0
20240119B05,関西_関西-中国間(東),中国_関西-中国間(東),2982,0,0,0
20240119B05,関西_関西-中国間(西),中国_関西-中国間(西),2982,0,0,0
20240119B05,関西,四国,0,0,0,0
20240119B05,中国,四国,0,0,0,0
20240119B05,中国,九州,189,420,0,0
20240119B06,北海道,東北,150,0,0,0
20240119B06,東北,東京,0,2085,0,0
20240119B06,東京,中部,0,0,0,0
20240119B06,中部,関西,1184,0,0,0
20240119B06,中部,北陸,270,0,0,0
20240119B06,北陸,関西,1140,100,0,0
20240119B06,関西,中国,2982,86,0,0
20240119B06,関西_関西-中国間(東),中国_関西-中国間(東),2982,86,0,0
20240119B06,関西_関西-中国間(西),中国_関西-中国間(西),2982,86,0,0
20240119B06,関西,四国,0,0,0,0
20240119B06,中国,四国,0,0,0,0
20240119B06,中国,九州,189,490,0,0
20240119B07,北海道,東北,136,0,0,0
20240119B07,東北,東京,0,2085,0,0
20240119B07,東京,中部,0,0,0,0
20240119B07,中部,関西,1504,0,0,0
20240119B07,中部,北陸,270,0,0,0
20240119B07,北陸,関西,1045,370,0,0
20240119B07,関西,中国,2982,1667,0,0
20240119B07,関西_関西-中国間(東),中国_関西-中国間(東),2982,1667,0,0
20240119B07,関西_関西-中国間(西),中国_関西-中国間(西),2982,1667,0,0
20240119B07,関西,四国,0,0,0,0
20240119B07,中国,四国,0,0,0,0
20240119B07,中国,九州,189,390,0,0
20240119B08,北海道,東北,150,0,0,0
20240119B08,東北,東京,0,2085,0,0
20240119B08,東京,中部,0,0,0,0
20240119B08,中部,関西,1013.6,0,0,0
20240119B08,中部,北陸,270,0,0,0
20240119B08,北陸,関西,1254,0,0,0
20240119B08,関西,中国,2982,1481,0,0
20240119B08,関西_関西-中国間(東),中国_関西-中国間(東),2982,1481,0,0
20240119B08,関西_関西-中国間(西),中国_関西-中国間(西),2982,1481,0,0
20240119B08,関西,四国,0,0,0,0
20240119B08,中国,四国,0,0,0,0
20240119B08,中国,九州,189,0,0,0
20240120B01,北海道,東北,150,0,0,0
20240120B01,東北,東京,0,2085,0,0
20240120B01,東京,中部,0,0,0,0
20240120B01,中部,関西,872,0,0,0
20240120B01,中部,北陸,270,0,0,0
20240120B01,北陸,関西,1254,0,0,0
20240120B01,関西,中国,2982,1388,0,0
20240120B01,関西_関西-中国間(東),中国_関西-中国間(東),2982,1388,0,0
20240120B01,関西_関西-中国間(西),中国_関西-中国間(西),2982,1388,0,0
20240120B01,関西,四国,0,0,0,0
20240120B01,中国,四国,1080,1032,0,0
20240120B01,中国,九州,419,0,0,0
20240120B02,北海道,東北,150,0,0,0
20240120B02,東北,東京,0,2085,0,0
20240120B02,東京,中部,0,0,0,0
20240120B02,中部,関西,759.6,0,0,0
20240120B02,中部,北陸,270,0,0,0
20240120B02,北陸,関西,1235,0,0,0
20240120B02,関西,中国,2982,1713.5,0,0
20240120B02,関西_関西-中国間(東),中国_関西-中国間(東),2982,1713.5,0,0
20240120B02,関西_関西-中国間(西),中国_関西-中国間(西),2982,1713.5,0,0
20240120B02,関西,四国,0,56,0,0
20240120B02,中国,四国,1080,1080,0,0
20240120B02,中国,九州,419,0,0,0
20240120B03,北海道,東北,150,0,0,0
20240120B03,東北,東京,0,2085,0,0
20240120B03,東京,中部,0,0,0,0
20240120B03,中部,関西,910,0,0,0
20240120B03,中部,北陸,270,0,0,0
20240120B03,北陸,関西,1064,0,0,0
20240120B03,関西,中国,2982,876.5,0,0
20240120B03,関西_関西-中国間(東),中国_関西-中国間(東),2982,876.5,0,0
20240120B03,関西_関西-中国間(西),中国_関西-中国間(西),2982,876.5,0,0
20240120B03,関西,四国,0,0,0,0
20240120B03,中国,四国,1080,924,0,0
20240120B03,中国,九州,109,0,0,0
20240120B04,北海道,東北,150,0,0,0
20240120B04,東北,東京,0,2085,0,67
20240120B04,東京,中部,0,0,0,0
20240120B04,中部,関西,19.6,0,0,0
20240120B04,中部,北陸,270,0,0,0
20240120B04,北陸,関西,1406,0,0,0
20240120B04,関西,中国,2982,0,0,0
20240120B04,関西_関西-中国間(東),中国_関西-中国間(東),2982,0,0,0
20240120B04,関西_関西-中国間(西),中国_関西-中国間(西),2982,0,0,0
20240120B04,関西,四国,0,0,0,0
20240120B04,中国,四国,1080,204,0,0
20240120B04,中国,九州,109,0,0,0
20240120B05,北海道,東北,150,0,0,0
20240120B05,東北,東京,0,2085,0,0
20240120B05,東京,中部,0,0,0,0
20240120B05,中部,関西,278,0,0,0
20240120B05,中部,北陸,270,0,0,0
20240120B05,北陸,関西,1406,0,0,0
20240120B05,関西,中国,2982,0,0,0
20240120B05,関西_関西-中国間(東),中国_関西-中国間(東),2982,0,0,0
20240120B05,関西_関西-中国間(西),中国_関西-中国間(西),2982,0,0,0
20240120B05,関西,四国,0,0,0,0
20240120B05,中国,四国,1080,36,0,0
20240120B05,中国,九州,109,0,0,0
20240120B06,北海道,東北,131,0,0,0
20240120B06,東北,東京,0,2085,0,0
20240120B06,東京,中部,0,0,0,0
20240120B06,中部,関西,814,0,0,0
20240120B06,中部,北陸,270,0,0,0
20240120B06,北陸,関西,1140,0,0,0
20240120B06,関西,中国,2982,86,0,0
20240120B06,関西_関西-中国間(東),中国_関西-中国間(東),2982,86,0,0
20240120B06,関西_関西-中国間(西),中国_関西-中国間(西),2982,86,0,0
20240120B06,関西,四国,0,0,0,0
20240120B06,中国,四国,1080,204,0,0
20240120B06,中国,九州,109,0,0,0
20240120B07,北海道,東北,86,0,0,0
20240120B07,東北,東京,0,2085,0,0
20240120B07,東京,中部,0,0,0,0
20240120B07,中部,関西,1384,0,0,0
20240120B07,中部,北陸,270,0,0,0
20240120B07,北陸,関西,1045,0,0,0
20240120B07,関西,中国,2982,1667,0,0
20240120B07,関西_関西-中国間(東),中国_関西-中国間(東),2982,1667,0,0
20240120B07,関西_関西-中国間(西),中国_関西-中国間(西),2982,1667,0,0
20240120B07,関西,四国,0,0,0,0
20240120B07,中国,四国,1080,756,0,0
20240120B07,中国,九州,109,80,0,0
20240120B08,北海道,東北,150,0,0,0
20240120B08,東北,東京,0,2085,0,0
20240120B08,東京,中部,0,0,0,0
20240120B08,中部,関西,913.6,0,0,0
20240120B08,中部,北陸,270,0,0,0
20240120B08,北陸,関西,1254,0,0,0
20240120B08,関西,中国,2982,1481,0,0
20240120B08,関西_関西-中国間(東),中国_関西-中国間(東),2982,1481,0,0
20240120B08,関西_関西-中国間(西),中国_関西-中国間(西),2982,1481,0,0
20240120B08,関西,四国,0,0,0,0
20240120B08,中国,四国,1080,888,0,0
20240120B08,中国,九州,109,0,0,0
20240121B01,北海道,東北,150,0,0,0
20240121B01,東北,東京,0,2085,0,0
20240121B01,東京,中部,0,0,0,0
20240121B01,中部,関西,872,0,0,0
20240121B01,中部,北陸,270,0,0,0
20240121B01,北陸,関西,1254,0,0,0
20240121B01,関西,中国,2982,1388,0,0
20240121B01,関西_関西-中国間(東),中国_関西-中国間(東),2982,1388,0,0
20240121B01,関西_関西-中国間(西),中国_関西-中国間(西),2982,1388,0,0
20240121B01,関西,四国,0,0,0,0
20240121B01,中国,四国,1080,1032,0,0
20240121B01,中国,九州,419,0,0,0
20240121B02,北海道,東北,150,0,0,0
20240121B02,東北,東京,0,2085,0,0
20240121B02,東京,中部,0,0,0,0
20240121B02,中部,関西,759.6,0,0,0
20240121B02,中部,北陸,270,0,0,0
20240121B02,北陸,関西,1235,0,0,0
20240121B02,関西,中国,2982,1713.5,0,0
20240121B02,関西_関西-中国間(東),中国_関西-中国間(東),2982,1713.5,0,0
20240121B02,関西_関西-中国間(西),中国_関西-中国間(西),2982,1713.5,0,0
20240121B02,関西,四国,0,56,0,0
20240121B02,中国,四国,1080,1080,0,0
20240121B02,中国,九州,419,0,0,0
20240121B03,北海道,東北,150,0,0,0
20240121B03,東北,東京,0,2085,0,0
20240121B03,東京,中部,0,0,0,0
20240121B03,中部,関西,910,0,0,0
20240121B03,中部,北陸,270,0,0,0
20240121B03,北陸,関西,1064,0,0,0
20240121B03,関西,中国,2982,876.5,0,0
20240121B03,関西_関西-中国間(東),中国_関西-中国間(東),2982,876.5,0,0
20240121B03,関西_関西-中国間(西),中国_関西-中国間(西),2982,876.5,0,0
20240121B03,関西,四国,0,0,0,0
20240121B03,中国,四国,1080,924,0,0
20240121B03,中国,九州,109,0,0,0
20240121B04,北海道,東北,150,0,0,0
20240121B04,東北,東京,0,2085,0,67
20240121B04,東京,中部,0,0,0,0
20240121B04,中部,関西,19.6,0,0,0
20240121B04,中部,北陸,270,0,0,0
20240121B04,北陸,関西,1406,0,0,0
20240121B04,関西,中国,2982,0,0,0
20240121B04,関西_関西-中国間(東),中国_関西-中国間(東),2982,0,0,0
20240121B04,関西_関西-中国間(西),中国_関西-中国間(西),2982,0,0,0
20240121B04,関西,四国,0,0,0,0
20240121B04,中国,四国,1080,204,0,0
20240121B04,中国,九州,109,0,0,0
20240121B05,北海道,東北,150,0,0,0
20240121B05,東北,東京,0,2085,0,0
20240121B05,東京,中部,0,0,0,0
20240121B05,中部,関西,278,0,0,0
20240121B05,中部,北陸,270,0,0,0
20240121B05,北陸,関西,1406,0,0,0
20240121B05,関西,中国,2982,0,0,0
20240121B05,関西_関西-中国間(東),中国_関西-中国間(東),2982,0,0,0
20240121B05,関西_関西-中国間(西),中国_関西-中国間(西),2982,0,0,0
20240121B05,関西,四国,0,0,0,0
20240121B05,中国,四国,1080,36,0,0
20240121B05,中国,九州,109,0,0,0
20240121B06,北海道,東北,131,0,0,0
20240121B06,東北,東京,0,2085,0,0
20240121B06,東京,中部,0,0,0,0
20240121B06,中部,関西,814,0,0,0
20240121B06,中部,北陸,270,0,0,0
20240121B06,北陸,関西,1140,0,0,0
20240121B06,関西,中国,2982,86,0,0
20240121B06,関西_関西-中国間(東),中国_関西-中国間(東),2982,86,0,0
20240121B06,関西_関西-中国間(西),中国_関西-中国間(西),2982,86,0,0
20240121B06,関西,四国,0,0,0,0
20240121B06,中国,四国,1080,204,0,0
20240121B06,中国,九州,109,0,0,0
20240121B07,北海道,東北,86,0,0,0
20240121B07,東北,東京,0,2085,0,0
20240121B07,東京,中部,0,0,0,0
20240121B07,中部,関西,1384,0,0,0
20240121B07,中部,北陸,270,0,0,0
20240121B07,北陸,関西,1045,0,0,0
20240121B07,関西,中国,2982,1667,0,0
20240121B07,関西_関西-中国間(東),中国_関西-中国間(東),2982,1667,0,0
20240121B07,関西_関西-中国間(西),中国_関西-中国間(西),2982,1667,0,0
20240121B07,関西,四国,0,0,0,0
20240121B07,中国,四国,1080,756,0,0
20240121B07,中国,九州,109,80,0,0
20240121B08,北海道,東北,150,0,0,0
20240121B08,東北,東京,0,2085,0,0
20240121B08,東京,中部,0,0,0,0
20240121B08,中部,関西,913.6,0,0,0
20240121B08,中部,北陸,270,0,0,0
20240121B08,北陸,関西,1254,0,0,0
20240121B08,関西,中国,2982,1481,0,0
20240121B08,関西_関西-中国間(東),中国_関西-中国間(東),2982,1481,0,0
20240121B08,関西_関西-中国間(西),中国_関西-中国間(西),2982,1481,0,0
20240121B08,関西,四国,0,0,0,0
20240121B08,中国,四国,1080,888,0,0
20240121B08,中国,九州,109,0,0,0
20240122B01,北海道,東北,150,0,0,0
20240122B01,東北,東京,0,2085,0,0
20240122B01,東京,中部,0,0,0,0
20240122B01,中部,関西,872,0,0,0
20240122B01,中部,北陸,270,0,0,0
20240122B01,北陸,関西,1254,0,0,0
20240122B01,関西,中国,2982,1388,0,0
20240122B01,関西_関西-中国間(東),中国_関西-中国間(東),2982,1388,0,0
20240122B01,関西_関西-中国間(西),中国_関西-中国間(西),2982,1388,0,0
20240122B01,関西,四国,0,0,0,0
20240122B01,中国,四国,1080,1032,0,0
20240122B01,中国,九州,419,0,0,0
20240122B02,北海道,東北,150,0,0,0
20240122B02,東北,東京,0,2085,0,0
20240122B02,東京,中部,0,0,0,0
20240122B02,中部,関西,759.6,0,0,0
20240122B02,中部,北陸,270,0,0,0
20240122B02,北陸,関西,1235,0,0,0
20240122B02,関西,中国,2982,1713.5,0,0
20240122B02,関西_関西-中国間(東),中国_関西-中国間(東),2982,1713.5,0,0
20240122B02,関西_関西-中国間(西),中国_関西-中国間(西),2982,1713.5,0,0
20240122B02,関西,四国,0,56,0,0
20240122B02,中国,四国,1080,1080,0,0
20240122B02,中国,九州,419,0,0,0
20240122B03,北海道,東北,150,0,0,0
20240122B03,東北,東京,0,2085,0,0
20240122B03,東京,中部,0,0,0,0
20240122B03,中部,関西,960,0,0,0
20240122B03,中部,北陸,270,0,0,0
20240122B03,北陸,関西,1064,0,0,0
20240122B03,関西,中国,2982,876.5,0,0
20240122B03,関西_関西-中国間(東),中国_関西-中国間(東),2982,876.5,0,0
20240122B03,関西_関西-中国間(西),中国_関西-中国間(西),2982,876.5,0,0
20240122B03,関西,四国,0,0,0,0
20240122B03,中国,四国,1080,924,0,0
20240122B03,中国,九州,189,0,0,0
20240122B04,北海道,東北,150,0,0,0
20240122B04,東北,東京,0,2085,0,67
20240122B04,東京,中部,0,0,0,0
20240122B04,中部,関西,349.6,0,0,0
20240122B04,中部,北陸,270,0,0,0
20240122B04,北陸,関西,1406,100,0,0
20240122B04,関西,中国,2982,0,0,0
20240122B04,関西_関西-中国間(東),中国_関西-中国間(東),2982,0,0,0
20240122B04,関西_関西-中国間(西),中国_関西-中国間(西),2982,0,0,0
20240122B04,関西,四国,0,0,0,0
20240122B04,中国,四国,1080,204,0,0
20240122B04,中国,九州,189,500,0,0
20240122B05,北海道,東北,150,0,0,0
20240122B05,東北,東京,0,2085,0,0
20240122B05,東京,中部,0,0,0,0
20240122B05,中部,関西,568,0,0,0
20240122B05,中部,北陸,270,0,0,0
20240122B05,北陸,関西,1406,145,0,0
20240122B05,関西,中国,2982,0,0,0
20240122B05,関西_関西-中国間(東),中国_関西-中国間(東),2982,0,0,0
20240122B05,関西_関西-中国間(西),中国_関西-中国間(西),2982,0,0,0
20240122B05,関西,四国,0,0,0,0
20240122B05,中国,四国,1080,36,0,0
20240122B05,中国,九州,189,420,0,0
20240122B06,北海道,東北,150,0,0,0
20240122B06,東北,東京,0,2085,0,0
20240122B06,東京,中部,0,0,0,0
20240122B06,中部,関西,1184,0,0,0
20240122B06,中部,北陸,270,0,0,0
20240122B06,北陸,関西,1140,100,0,0
20240122B06,関西,中国,2982,86,0,0
20240122B06,関西_関西-中国間(東),中国_関西-中国間(東),2982,86,0,0
20240122B06,関西_関西-中国間(西),中国_関西-中国間(西),2982,86,0,0
20240122B06,関西,四国,0,0,0,0
20240122B06,中国,四国,1080,204,0,0
20240122B06,中国,九州,189,490,0,0
20240122B07,北海道,東北,136,0,0,0
20240122B07,東北,東京,0,2085,0,0
20240122B07,東京,中部,0,0,0,0
20240122B07,中部,関西,1504,0,0,0
20240122B07,中部,北陸,270,0,0,0
20240122B07,北陸,関西,1045,370,0,0
20240122B07,関西,中国,2982,1667,0,0
20240122B07,関西_関西-中国間(東),中国_関西-中国間(東),2982,1667,0,0
20240122B07,関西_関西-中国間(西),中国_関西-中国間(西),2982,1667,0,0
20240122B07,関西,四国,0,0,0,0
20240122B07,中国,四国,1080,756,0,0
20240122B07,中国,九州,189,390,0,0
20240122B08,北海道,東北,150,0,0,0
20240122B08,東北,東京,0,2085,0,0
20240122B08,東京,中部,0,0,0,0
20240122B08,中部,関西,1013.6,0,0,0
20240122B08,中部,北陸,270,0,0,0
20240122B08,北陸,関西,1254,0,0,0
20240122B08,関西,中国,2982,1481,0,0
20240122B08,関西_関西-中国間(東),中国_関西-中国間(東),2982,1481,0,0
20240122B08,関西_関西-中国間(西),中国_関西-中国間(西),2982,1481,0,0
20240122B08,関西,四国,0,0,0,0
20240122B08,中国,四国,1080,888,0,0
20240122B08,中国,九州,189,0,0,0
20240123B01,北海道,東北,150,0,0,0
20240123B01,東北,東京,0,2085,0,0
20240123B01,東京,中部,0,0,0,0
20240123B01,中部,関西,952,0,0,0
20240123B01,中部,北陸,270,0,0,0
20240123B01,北陸,関西,1254,0,0,0
20240123B01,関西,中国,2982,1388,0,0
20240123B01,関西_関西-中国間(東),中国_関西-中国間(東),2982,1388,0,0
20240123B01,関西_関西-中国間(西),中国_関西-中国間(西),2982,1388,0,0
20240123B01,関西,四国,0,0,0,0
20240123B01,中国,四国,1080,1032,0,0
20240123B01,中国,九州,429,0,0,0
20240123B02,北海道,東北,150,0,0,0
20240123B02,東北,東京,0,2085,0,0
20240123B02,東京,中部,0,0,0,0
20240123B02,中部,関西,869.6,0,0,0
20240123B02,中部,北陸,270,0,0,0
20240123B02,北陸,関西,1235,0,0,0
20240123B02,関西,中国,2982,1713.5,0,0
20240123B02,関西_関西-中国間(東),中国_関西-中国間(東),2982,1713.5,0,0
20240123B02,関西_関西-中国間(西),中国_関西-中国間(西),2982,1713.5,0,0
20240123B02,関西,四国,0,56,0,0
20240123B02,中国,四国,1080,1080,0,0
20240123B02,中国,九州,429,0,0,0
20240123B03,北海道,東北,150,0,0,0
20240123B03,東北,東京,0,2085,0,0
20240123B03,東京,中部,0,0,0,0
20240123B03,中部,関西,1140,0,0,0
20240123B03,中部,北陸,270,0,0,0
20240123B03,北陸,関西,1064,0,0,0
20240123B03,関西,中国,2982,876.5,0,0
20240123B03,関西_関西-中国間(東),中国_関西-中国間(東),2982,876.5,0,0
20240123B03,関西_関西-中国間(西),中国_関西-中国間(西),2982,876.5,0,0
20240123B03,関西,四国,0,0,0,0
20240123B03,中国,四国,1080,924,0,0
20240123B03,中国,九州,189,80,0,0
20240123B04,北海道,東北,150,0,0,0
20240123B04,東北,東京,0,2085,0,67
20240123B04,東京,中部,0,0,0,0
20240123B04,中部,関西,349.6,0,0,0
20240123B04,中部,北陸,270,0,0,0
20240123B04,北陸,関西,1406,100,0,0
20240123B04,関西,中国,2982,0,0,0
20240123B04,関西_関西-中国間(東),中国_関西-中国間(東),2982,0,0,0
20240123B04,関西_関西-中国間(西),中国_関西-中国間(西),2982,0,0,0
20240123B04,関西,四国,0,0,0,0
20240123B04,中国,四国,1080,204,0,0
20240123B04,中国,九州,0,0,0,0
20240123B05,北海道,東北,150,0,0,0
20240123B05,東北,東京,0,2085,0,0
20240123B05,東京,中部,0,0,0,0
20240123B05,中部,関西,568,0,0,0
20240123B05,中部,北陸,270,0,0,0
20240123B05,北陸,関西,1406,145,0,0
20240123B05,関西,中国,2982,0,0,0
20240123B05,関西_関西-中国間(東),中国_関西-中国間(東),2982,0,0,0
20240123B05,関西_関西-中国間(西),中国_関西-中国間(西),2982,0,0,0
20240123B05,関西,四国,0,0,0,0
20240123B05,中国,四国,1080,36,0,0
20240123B05,中国,九州,0,0,0,0
20240123B06,北海道,東北,150,0,0,0
20240123B06,東北,東京,0,2085,0,0
20240123B06,東京,中部,0,0,0,0
20240123B06,中部,関西,1184,0,0,0
20240123B06,中部,北陸,270,0,0,0
20240123B06,北陸,関西,1140,100,0,0
20240123B06,関西,中国,2982,86,0,0
20240123B06,関西_関西-中国間(東),中国_関西-中国間(東),2982,86,0,0
20240123B06,関西_関西-中国間(西),中国_関西-中国間(西),2982,86,0,0
20240123B06,関西,四国,0,0,0,0
20240123B06,中国,四国,1080,204,0,0
20240123B06,中国,九州,0,0,0,0
20240123B07,北海道,東北,136,0,0,0
20240123B07,東北,東京,0,2085,0,0
20240123B07,東京,中部,0,0,0,0
20240123B07,中部,関西,1504,0,0,0
20240123B07,中部,北陸,270,0,0,0
20240123B07,北陸,関西,1045,370,0,0
20240123B07,関西,中国,2982,1667,0,0
20240123B07,関西_関西-中国間(東),中国_関西-中国間(東),2982,1667,0,0
20240123B07,関西_関西-中国間(西),中国_関西-中国間(西),2982,1667,0,0
20240123B07,関西,四国,0,0,0,0
20240123B07,中国,四国,1080,756,0,0
20240123B07,中国,九州,189,390,0,0
20240123B08,北海道,東北,150,0,0,0
20240123B08,東北,東京,0,2085,0,0
20240123B08,東京,中部,0,0,0,0
20240123B08,中部,関西,1013.6,0,0,0
20240123B08,中部,北陸,270,0,0,0
20240123B08,北陸,関西,1254,0,0,0
20240123B08,関西,中国,2982,1481,0,0
20240123B08,関西_関西-中国間(東),中国_関西-中国間(東),2982,1481,0,0
20240123B08,関西_関西-中国間(西),中国_関西-中国間(西),2982,1481,0,0
20240123B08,関西,四国,0,0,0,0
20240123B08,中国,四国,1080,888,0,0
20240123B08,中国,九州,189,0,0,0
20240124B01,北海道,東北,150,0,0,0
20240124B01,東北,東京,0,2085,0,0
20240124B01,東京,中部,0,0,0,0
20240124B01,中部,関西,952,0,0,0
20240124B01,中部,北陸,270,0,0,0
20240124B01,北陸,関西,1254,0,0,0
20240124B01,関西,中国,2982,1388,0,0
20240124B01,関西_関西-中国間(東),中国_関西-中国間(東),2982,1388,0,0
20240124B01,関西_関西-中国間(西),中国_関西-中国間(西),2982,1388,0,0
20240124B01,関西,四国,0,0,0,0
20240124B01,中国,四国,1080,1032,0,0
20240124B01,中国,九州,429,0,0,0
20240124B02,北海道,東北,150,0,0,0
20240124B02,東北,東京,0,2085,0,0
20240124B02,東京,中部,0,0,0,0
20240124B02,中部,関西,869.6,0,0,0
20240124B02,中部,北陸,270,0,0,0
20240124B02,北陸,関西,1235,0,0,0
20240124B02,関西,中国,2982,1713.5,0,0
20240124B02,関西_関西-中国間(東),中国_関西-中国間(東),2982,1713.5,0,0
20240124B02,関西_関西-中国間(西),中国_関西-中国間(西),2982,1713.5,0,0
20240124B02,関西,四国,0,56,0,0
20240124B02,中国,四国,1080,1080,0,0
20240124B02,中国,九州,429,0,0,0
20240124B03,北海道,東北,150,0,0,0
20240124B03,東北,東京,0,2085,0,0
20240124B03,東京,中部,0,0,0,0
20240124B03,中部,関西,1140,0,0,0
20240124B03,中部,北陸,270,0,0,0
20240124B03,北陸,関西,1064,0,0,0
20240124B03,関西,中国,2982,876.5,0,0
20240124B03,関西_関西-中国間(東),中国_関西-中国間(東),2982,876.5,0,0
20240124B03,関西_関西-中国間(西),中国_関西-中国間(西),2982,876.5,0,0
20240124B03,関西,四国,0,0,0,0
20240124B03,中国,四国,1080,924,0,0
20240124B03,中国,九州,189,80,0,0
20240124B04,北海道,東北,150,0,0,0
20240124B04,東北,東京,0,2085,0,67
20240124B04,東京,中部,0,0,0,0
20240124B04,中部,関西,349.6,0,0,0
20240124B04,中部,北陸,270,0,0,0
20240124B04,北陸,関西,1406,100,0,0
20240124B04,関西,中国,2982,0,0,0
20240124B04,関西_関西-中国間(東),中国_関西-中国間(東),2982,0,0,0
20240124B04,関西_関西-中国間(西),中国_関西-中国間(西),2982,0,0,0
20240124B04,関西,四国,0,0,0,0
20240124B04,中国,四国,1080,204,0,0
20240124B04,中国,九州,189,500,0,0
20240124B05,北海道,東北,150,0,0,0
20240124B05,東北,東京,0,2085,0,0
20240124B05,東京,中部,0,0,0,0
20240124B05,中部,関西,568,0,0,0
20240124B05,中部,北陸,270,0,0,0
20240124B05,北陸,関西,1406,145,0,0
20240124B05,関西,中国,2982,0,0,0
20240124B05,関西_関西-中国間(東),中国_関西-中国間(東),2982,0,0,0
20240124B05,関西_関西-中国間(西),中国_関西-中国間(西),2982,0,0,0
20240124B05,関西,四国,0,0,0,0
20240124B05,中国,四国,1080,36,0,0
20240124B05,中国,九州,189,420,0,0
20240124B06,北海道,東北,150,0,0,0
20240124B06,東北,東京,0,2085,0,0
20240124B06,東京,中部,0,0,0,0
20240124B06,中部,関西,1184,0,0,0
20240124B06,中部,北陸,270,0,0,0
20240124B06,北陸,関西,1140,100,0,0
20240124B06,関西,中国,2982,86,0,0
20240124B06,関西_関西-中国間(東),中国_関西-中国間(東),2982,86,0,0
20240124B06,関西_関西-中国間(西),中国_関西-中国間(西),2982,86,0,0
20240124B06,関西,四国,0,0,0,0
20240124B06,中国,四国,1080,204,0,0
20240124B06,中国,九州,189,490,0,0
20240124B07,北海道,東北,136,0,0,0
20240124B07,東北,東京,0,2085,0,0
20240124B07,東京,中部,0,0,0,0
20240124B07,中部,関西,1504,0,0,0
20240124B07,中部,北陸,270,0,0,0
20240124B07,北陸,関西,1045,370,0,0
20240124B07,関西,中国,2982,1667,0,0
20240124B07,関西_関西-中国間(東),中国_関西-中国間(東),2982,1667,0,0
20240124B07,関西_関西-中国間(西),中国_関西-中国間(西),2982,1667,0,0
20240124B07,関西,四国,0,0,0,0
20240124B07,中国,四国,1080,756,0,0
20240124B07,中国,九州,189,390,0,0
20240124B08,北海道,東北,150,0,0,0
20240124B08,東北,東京,0,2085,0,0
20240124B08,東京,中部,0,0,0,0
20240124B08,中部,関西,1013.6,0,0,0
20240124B08,中部,北陸,270,0,0,0
20240124B08,北陸,関西,1254,0,0,0
20240124B08,関西,中国,2982,1481,0,0
20240124B08,関西_関西-中国間(東),中国_関西-中国間(東),2982,1481,0,0
20240124B08,関西_関西-中国間(西),中国_関西-中国間(西),2982,1481,0,0
20240124B08,関西,四国,0,0,0,0
20240124B08,中国,四国,1080,888,0,0
20240124B08,中国,九州,189,0,0,0
20240125B01,北海道,東北,150,0,0,0
20240125B01,東北,東京,0,2085,0,0
20240125B01,東京,中部,0,0,0,0
20240125B01,中部,関西,952,0,0,0
20240125B01,中部,北陸,270,0,0,0
20240125B01,北陸,関西,1254,0,0,0
20240125B01,関西,中国,2982,1388,0,0
20240125B01,関西_関西-中国間(東),中国_関西-中国間(東),2982,1388,0,0
20240125B01,関西_関西-中国間(西),中国_関西-中国間(西),2982,1388,0,0
20240125B01,関西,四国,0,0,0,0
20240125B01,中国,四国,1080,1032,0,0
20240125B01,中国,九州,429,0,0,0
20240125B02,北海道,東北,150,0,0,0
20240125B02,東北,東京,0,2085,0,0
20240125B02,東京,中部,0,0,0,0
20240125B02,中部,関西,869.6,0,0,0
20240125B02,中部,北陸,270,0,0,0
20240125B02,北陸,関西,1235,0,0,0
20240125B02,関西,中国,2982,1713.5,0,0
20240125B02,関西_関西-中国間(東),中国_関西-中国間(東),2982,1713.5,0,0
20240125B02,関西_関西-中国間(西),中国_関西-中国間(西),2982,1713.5,0,0
20240125B02,関西,四国,0,56,0,0
20240125B02,中国,四国,1080,1080,0,0
20240125B02,中国,九州,429,0,0,0
20240125B03,北海道,東北,150,0,0,0
20240125B03,東北,東京,0,2085,0,0
20240125B03,東京,中部,0,0,0,0
20240125B03,中部,関西,1140,0,0,0
20240125B03,中部,北陸,270,0,0,0
20240125B03,北陸,関西,1064,0,0,0
20240125B03,関西,中国,2982,876.5,0,0
20240125B03,関西_関西-中国間(東),中国_関西-中国間(東),2982,876.5,0,0
20240125B03,関西_関西-中国間(西),中国_関西-中国間(西),2982,876.5,0,0
20240125B03,関西,四国,0,0,0,0
20240125B03,中国,四国,1080,924,0,0
20240125B03,中国,九州,189,80,0,0
20240125B04,北海道,東北,150,0,0,0
20240125B04,東北,東京,0,2085,0,67
20240125B04,東京,中部,0,0,0,0
20240125B04,中部,関西,349.6,0,0,0
20240125B04,中部,北陸,270,0,0,0
20240125B04,北陸,関西,1406,100,0,0
20240125B04,関西,中国,2982,0,0,0
20240125B04,関西_関西-中国間(東),中国_関西-中国間(東),2982,0,0,0
20240125B04,関西_関西-中国間(西),中国_関西-中国間(西),2982,0,0,0
20240125B04,関西,四国,0,0,0,0
20240125B04,中国,四国,1080,204,0,0
20240125B04,中国,九州,189,500,0,0
20240125B05,北海道,東北,150,0,0,0
20240125B05,東北,東京,0,2085,0,0
20240125B05,東京,中部,0,0,0,0
20240125B05,中部,関西,568,0,0,0
20240125B05,中部,北陸,270,0,0,0
20240125B05,北陸,関西,1406,145,0,0
20240125B05,関西,中国,2982,0,0,0
20240125B05,関西_関西-中国間(東),中国_関西-中国間(東),2982,0,0,0
20240125B05,関西_関西-中国間(西),中国_関西-中国間(西),2982,0,0,0
20240125B05,関西,四国,0,0,0,0
20240125B05,中国,四国,1080,36,0,0
20240125B05,中国,九州,189,420,0,0
20240125B06,北海道,東北,150,0,0,0
20240125B06,東北,東京,0,2085,0,0
20240125B06,東京,中部,0,0,0,0
20240125B06,中部,関西,1184,0,0,0
20240125B06,中部,北陸,270,0,0,0
20240125B06,北陸,関西,1140,100,0,0
20240125B06,関西,中国,2982,86,0,0
20240125B06,関西_関西-中国間(東),中国_関西-中国間(東),2982,86,0,0
20240125B06,関西_関西-中国間(西),中国_関西-中国間(西),2982,86,0,0
20240125B06,関西,四国,0,0,0,0
20240125B06,中国,四国,1080,204,0,0
20240125B06,中国,九州,189,490,0,0
20240125B07,北海道,東北,136,0,0,0
20240125B07,東北,東京,0,2085,0,0
20240125B07,東京,中部,0,0,0,0
20240125B07,中部,関西,1504,0,0,0
20240125B07,中部,北陸,270,0,0,0
20240125B07,北陸,関西,1045,370,0,0
20240125B07,関西,中国,2982,1667,0,0
20240125B07,関西_関西-中国間(東),中国_関西-中国間(東),2982,1667,0,0
20240125B07,関西_関西-中国間(西),中国_関西-中国間(西),2982,1667,0,0
20240125B07,関西,四国,0,0,0,0
20240125B07,中国,四国,1080,756,0,0
20240125B07,中国,九州,189,390,0,0
20240125B08,北海道,東北,150,0,0,0
20240125B08,東北,東京,0,2085,0,0
20240125B08,東京,中部,0,0,0,0
20240125B08,中部,関西,1013.6,0,0,0
20240125B08,中部,北陸,270,0,0,0
20240125B08,北陸,関西,1254,0,0,0
20240125B08,関西,中国,2982,1481,0,0
20240125B08,関西_関西-中国間(東),中国_関西-中国間(東),2982,1481,0,0
20240125B08,関西_関西-中国間(西),中国_関西-中国間(西),2982,1481,0,0
20240125B08,関西,四国,0,0,0,0
20240125B08,中国,四国,1080,888,0,0
20240125B08,中国,九州,189,0,0,0
20240126B01,北海道,東北,150,0,0,0
20240126B01,東北,東京,0,2085,0,0
20240126B01,東京,中部,0,0,0,0
20240126B01,中部,関西,952,0,0,0
20240126B01,中部,北陸,270,0,0,0
20240126B01,北陸,関西,1254,0,0,0
20240126B01,関西,中国,2982,1388,0,0
20240126B01,関西_関西-中国間(東),中国_関西-中国間(東),2982,1388,0,0
20240126B01,関西_関西-中国間(西),中国_関西-中国間(西),2982,1388,0,0
20240126B01,関西,四国,0,0,0,0
20240126B01,中国,四国,1080,1032,0,0
20240126B01,中国,九州,429,0,0,0
20240126B02,北海道,東北,150,0,0,0
20240126B02,東北,東京,0,2085,0,0
20240126B02,東京,中部,0,0,0,0
20240126B02,中部,関西,869.6,0,0,0
20240126B02,中部,北陸,270,0,0,0
20240126B02,北陸,関西,1235,0,0,0
20240126B02,関西,中国,2982,1713.5,0,0
20240126B02,関西_関西-中国間(東),中国_関西-中国間(東),2982,1713.5,0,0
20240126B02,関西_関西-中国間(西),中国_関西-中国間(西),2982,1713.5,0,0
20240126B02,関西,四国,0,56,0,0
20240126B02,中国,四国,1080,1080,0,0
20240126B02,中国,九州,429,0,0,0
20240126B03,北海道,東北,150,0,0,0
20240126B03,東北,東京,0,2085,0,0
20240126B03,東京,中部,0,0,0,0
20240126B03,中部,関西,1140,0,0,0
20240126B03,中部,北陸,270,0,0,0
20240126B03,北陸,関西,1064,0,0,0
20240126B03,関西,中国,2982,876.5,0,0
20240126B03,関西_関西-中国間(東),中国_関西-中国間(東),2982,876.5,0,0
20240126B03,関西_関西-中国間(西),中国_関西-中国間(西),2982,876.5,0,0
20240126B03,関西,四国,0,0,0,0
20240126B03,中国,四国,1080,924,0,0
20240126B03,中国,九州,189,80,0,0
20240126B04,北海道,東北,150,0,0,0
20240126B04,東北,東京,0,2085,0,0
20240126B04,東京,中部,0,0,0,0
20240126B04,中部,関西,349.6,0,0,0
20240126B04,中部,北陸,270,0,0,0
20240126B04,北陸,関西,1406,100,0,0
20240126B04,関西,中国,2982,0,0,0
20240126B04,関西_関西-中国間(東),中国_関西-中国間(東),2982,0,0,0
20240126B04,関西_関西-中国間(西),中国_関西-中国間(西),2982,0,0,0
20240126B04,関西,四国,0,0,0,0
20240126B04,中国,四国,1080,204,0,0
20240126B04,中国,九州,189,500,0,0
20240126B05,北海道,東北,150,0,0,0
20240126B05,東北,東京,0,2085,0,0
20240126B05,東京,中部,0,0,0,0
20240126B05,中部,関西,568,0,0,0
20240126B05,中部,北陸,270,0,0,0
20240126B05,北陸,関西,1406,145,0,0
20240126B05,関西,中国,2982,0,0,0
20240126B05,関西_関西-中国間(東),中国_関西-中国間(東),2982,0,0,0
20240126B05,関西_関西-中国間(西),中国_関西-中国間(西),2982,0,0,0
20240126B05,関西,四国,0,0,0,0
20240126B05,中国,四国,1080,36,0,0
20240126B05,中国,九州,189,420,0,0
20240126B06,北海道,東北,150,0,0,0
20240126B06,東北,東京,0,2085,0,0
20240126B06,東京,中部,0,0,0,0
20240126B06,中部,関西,1184,0,0,0
20240126B06,中部,北陸,270,0,0,0
20240126B06,北陸,関西,1140,100,0,0
20240126B06,関西,中国,2982,86,0,0
20240126B06,関西_関西-中国間(東),中国_関西-中国間(東),2982,86,0,0
20240126B06,関西_関西-中国間(西),中国_関西-中国間(西),2982,86,0,0
20240126B06,関西,四国,0,0,0,0
20240126B06,中国,四国,1080,204,0,0
20240126B06,中国,九州,189,490,0,0
20240126B07,北海道,東北,136,0,0,0
20240126B07,東北,東京,0,2085,0,0
20240126B07,東京,中部,0,0,0,0
20240126B07,中部,関西,1504,0,0,0
20240126B07,中部,北陸,270,0,0,0
20240126B07,北陸,関西,1045,370,0,0
20240126B07,関西,中国,2982,1667,0,0
20240126B07,関西_関西-中国間(東),中国_関西-中国間(東),2982,1667,0,0
20240126B07,関西_関西-中国間(西),中国_関西-中国間(西),2982,1667,0,0
20240126B07,関西,四国,0,0,0,0
20240126B07,中国,四国,1080,756,0,0
20240126B07,中国,九州,189,390,0,0
20240126B08,北海道,東北,150,0,0,0
20240126B08,東北,東京,0,2085,0,0
20240126B08,東京,中部,0,0,0,0
20240126B08,中部,関西,1013.6,0,0,0
20240126B08,中部,北陸,270,0,0,0
20240126B08,北陸,関西,1254,0,0,0
20240126B08,関西,中国,2982,1481,0,0
20240126B08,関西_関西-中国間(東),中国_関西-中国間(東),2982,1481,0,0
20240126B08,関西_関西-中国間(西),中国_関西-中国間(西),2982,1481,0,0
20240126B08,関西,四国,0,0,0,0
20240126B08,中国,四国,1080,888,0,0
20240126B08,中国,九州,189,0,0,0
20240127B01,北海道,東北,150,0,0,0
20240127B01,東北,東京,0,2085,0,0
20240127B01,東京,中部,0,0,0,0
20240127B01,中部,関西,872,0,0,0
20240127B01,中部,北陸,270,0,0,0
20240127B01,北陸,関西,1254,0,0,0
20240127B01,関西,中国,2982,1388,0,0
20240127B01,関西_関西-中国間(東),中国_関西-中国間(東),2982,1388,0,0
20240127B01,関西_関西-中国間(西),中国_関西-中国間(西),2982,1388,0,0
20240127B01,関西,四国,0,0,0,0
20240127B01,中国,四国,1080,1032,0,0
20240127B01,中国,九州,419,0,0,0
20240127B02,北海道,東北,150,0,0,0
20240127B02,東北,東京,0,2085,0,0
20240127B02,東京,中部,0,0,0,0
20240127B02,中部,関西,759.6,0,0,0
20240127B02,中部,北陸,270,0,0,0
20240127B02,北陸,関西,1235,0,0,0
20240127B02,関西,中国,2982,1713.5,0,0
20240127B02,関西_関西-中国間(東),中国_関西-中国間(東),2982,1713.5,0,0
20240127B02,関西_関西-中国間(西),中国_関西-中国間(西),2982,1713.5,0,0
20240127B02,関西,四国,0,56,0,0
20240127B02,中国,四国,1080,1080,0,0
20240127B02,中国,九州,419,0,0,0
20240127B03,北海道,東北,150,0,0,0
20240127B03,東北,東京,0,2085,0,0
20240127B03,東京,中部,0,0,0,0
20240127B03,中部,関西,910,0,0,0
20240127B03,中部,北陸,270,0,0,0
20240127B03,北陸,関西,1064,0,0,0
20240127B03,関西,中国,2982,876.5,0,0
20240127B03,関西_関西-中国間(東),中国_関西-中国間(東),2982,876.5,0,0
20240127B03,関西_関西-中国間(西),中国_関西-中国間(西),2982,876.5,0,0
20240127B03,関西,四国,0,0,0,0
20240127B03,中国,四国,1080,924,0,0
20240127B03,中国,九州,109,0,0,0
20240127B04,北海道,東北,150,0,0,0
20240127B04,東北,東京,0,2085,0,67
20240127B04,東京,中部,0,0,0,0
20240127B04,中部,関西,19.6,0,0,0
20240127B04,中部,北陸,270,0,0,0
20240127B04,北陸,関西,1406,0,0,0
20240127B04,関西,中国,2982,0,0,0
20240127B04,関西_関西-中国間(東),中国_関西-中国間(東),2982,0,0,0
20240127B04,関西_関西-中国間(西),中国_関西-中国間(西),2982,0,0,0
20240127B04,関西,四国,0,0,0,0
20240127B04,中国,四国,1080,204,0,0
20240127B04,中国,九州,109,0,0,0
20240127B05,北海道,東北,150,0,0,0
20240127B05,東北,東京,0,2085,0,0
20240127B05,東京,中部,0,0,0,0
20240127B05,中部,関西,278,0,0,0
20240127B05,中部,北陸,270,0,0,0
20240127B05,北陸,関西,1406,0,0,0
20240127B05,関西,中国,2982,0,0,0
20240127B05,関西_関西-中国間(東),中国_関西-中国間(東),2982,0,0,0
20240127B05,関西_関西-中国間(西),中国_関西-中国間(西),2982,0,0,0
20240127B05,関西,四国,0,0,0,0
20240127B05,中国,四国,1080,36,0,0
20240127B05,中国,九州,109,0,0,0
20240127B06,北海道,東北,131,0,0,0
20240127B06,東北,東京,0,2085,0,0
20240127B06,東京,中部,0,0,0,0
20240127B06,中部,関西,814,0,0,0
20240127B06,中部,北陸,270,0,0,0
20240127B06,北陸,関西,1140,0,0,0
20240127B06,関西,中国,2982,86,0,0
20240127B06,関西_関西-中国間(東),中国_関西-中国間(東),2982,86,0,0
20240127B06,関西_関西-中国間(西),中国_関西-中国間(西),2982,86,0,0
20240127B06,関西,四国,0,0,0,0
20240127B06,中国,四国,1080,204,0,0
20240127B06,中国,九州,109,0,0,0
20240127B07,北海道,東北,86,0,0,0
20240127B07,東北,東京,0,2085,0,0
20240127B07,東京,中部,0,0,0,0
20240127B07,中部,関西,1384,0,0,0
20240127B07,中部,北陸,270,0,0,0
20240127B07,北陸,関西,1045,0,0,0
20240127B07,関西,中国,2982,1667,0,0
20240127B07,関西_関西-中国間(東),中国_関西-中国間(東),2982,1667,0,0
20240127B07,関西_関西-中国間(西),中国_関西-中国間(西),2982,1667,0,0
20240127B07,関西,四国,0,0,0,0
20240127B07,中国,四国,1080,756,0,0
20240127B07,中国,九州,109,80,0,0
20240127B08,北海道,東北,150,0,0,0
20240127B08,東北,東京,0,2085,0,0
20240127B08,東京,中部,0,0,0,0
20240127B08,中部,関西,913.6,0,0,0
20240127B08,中部,北陸,270,0,0,0
20240127B08,北陸,関西,1254,0,0,0
20240127B08,関西,中国,2982,1481,0,0
20240127B08,関西_関西-中国間(東),中国_関西-中国間(東),2982,1481,0,0
20240127B08,関西_関西-中国間(西),中国_関西-中国間(西),2982,1481,0,0
20240127B08,関西,四国,0,0,0,0
20240127B08,中国,四国,1080,888,0,0
20240127B08,中国,九州,109,0,0,0
20240128B01,北海道,東北,150,0,0,0
20240128B01,東北,東京,0,2085,0,0
20240128B01,東京,中部,0,0,0,0
20240128B01,中部,関西,872,0,0,0
20240128B01,中部,北陸,270,0,0,0
20240128B01,北陸,関西,1254,0,0,0
20240128B01,関西,中国,2982,1388,0,0
20240128B01,関西_関西-中国間(東),中国_関西-中国間(東),2982,1388,0,0
20240128B01,関西_関西-中国間(西),中国_関西-中国間(西),2982,1388,0,0
20240128B01,関西,四国,0,0,0,0
20240128B01,中国,四国,1080,1032,0,0
20240128B01,中国,九州,419,0,0,0
20240128B02,北海道,東北,150,0,0,0
20240128B02,東北,東京,0,2085,0,0
20240128B02,東京,中部,0,0,0,0
20240128B02,中部,関西,759.6,0,0,0
20240128B02,中部,北陸,270,0,0,0
20240128B02,北陸,関西,1235,0,0,0
20240128B02,関西,中国,2982,1713.5,0,0
20240128B02,関西_関西-中国間(東),中国_関西-中国間(東),2982,1713.5,0,0
20240128B02,関西_関西-中国間(西),中国_関西-中国間(西),2982,1713.5,0,0
20240128B02,関西,四国,0,56,0,0
20240128B02,中国,四国,1080,1080,0,0
20240128B02,中国,九州,419,0,0,0
20240128B03,北海道,東北,150,0,0,0
20240128B03,東北,東京,0,2085,0,0
20240128B03,東京,中部,0,0,0,0
20240128B03,中部,関西,910,0,0,0
20240128B03,中部,北陸,270,0,0,0
20240128B03,北陸,関西,1064,0,0,0
20240128B03,関西,中国,2982,876.5,0,0
20240128B03,関西_関西-中国間(東),中国_関西-中国間(東),2982,876.5,0,0
20240128B03,関西_関西-中国間(西),中国_関西-中国間(西),2982,876.5,0,0
20240128B03,関西,四国,0,0,0,0
20240128B03,中国,四国,1080,924,0,0
20240128B03,中国,九州,109,0,0,0
20240128B04,北海道,東北,150,0,0,0
20240128B04,東北,東京,0,2085,0,67
20240128B04,東京,中部,0,0,0,0
20240128B04,中部,関西,19.6,0,0,0
20240128B04,中部,北陸,270,0,0,0
20240128B04,北陸,関西,1406,0,0,0
20240128B04,関西,中国,2982,0,0,0
20240128B04,関西_関西-中国間(東),中国_関西-中国間(東),2982,0,0,0
20240128B04,関西_関西-中国間(西),中国_関西-中国間(西),2982,0,0,0
20240128B04,関西,四国,0,0,0,0
20240128B04,中国,四国,1080,204,0,0
20240128B04,中国,九州,109,0,0,0
20240128B05,北海道,東北,150,0,0,0
20240128B05,東北,東京,0,2085,0,0
20240128B05,東京,中部,0,0,0,0
20240128B05,中部,関西,278,0,0,0
20240128B05,中部,北陸,270,0,0,0
20240128B05,北陸,関西,1406,0,0,0
20240128B05,関西,中国,2982,0,0,0
20240128B05,関西_関西-中国間(東),中国_関西-中国間(東),2982,0,0,0
20240128B05,関西_関西-中国間(西),中国_関西-中国間(西),2982,0,0,0
20240128B05,関西,四国,0,0,0,0
20240128B05,中国,四国,1080,36,0,0
20240128B05,中国,九州,109,0,0,0
20240128B06,北海道,東北,131,0,0,0
20240128B06,東北,東京,0,2085,0,0
20240128B06,東京,中部,0,0,0,0
20240128B06,中部,関西,814,0,0,0
20240128B06,中部,北陸,270,0,0,0
20240128B06,北陸,関西,1140,0,0,0
20240128B06,関西,中国,2982,86,0,0
20240128B06,関西_関西-中国間(東),中国_関西-中国間(東),2982,86,0,0
20240128B06,関西_関西-中国間(西),中国_関西-中国間(西),2982,86,0,0
20240128B06,関西,四国,0,0,0,0
20240128B06,中国,四国,1080,204,0,0
20240128B06,中国,九州,109,0,0,0
20240128B07,北海道,東北,86,0,0,0
20240128B07,東北,東京,0,2085,0,0
20240128B07,東京,中部,0,0,0,0
20240128B07,中部,関西,1384,0,0,0
20240128B07,中部,北陸,270,0,0,0
20240128B07,北陸,関西,1045,0,0,0
20240128B07,関西,中国,2982,1667,0,0
20240128B07,関西_関西-中国間(東),中国_関西-中国間(東),2982,1667,0,0
20240128B07,関西_関西-中国間(西),中国_関西-中国間(西),2982,1667,0,0
20240128B07,関西,四国,0,0,0,0
20240128B07,中国,四国,1080,756,0,0
20240128B07,中国,九州,109,80,0,0
20240128B08,北海道,東北,150,0,0,0
20240128B08,東北,東京,0,2085,0,0
20240128B08,東京,中部,0,0,0,0
20240128B08,中部,関西,913.6,0,0,0
20240128B08,中部,北陸,270,0,0,0
20240128B08,北陸,関西,1254,0,0,0
20240128B08,関西,中国,2982,1481,0,0
20240128B08,関西_関西-中国間(東),中国_関西-中国間(東),2982,1481,0,0
20240128B08,関西_関西-中国間(西),中国_関西-中国間(西),2982,1481,0,0
20240128B08,関西,四国,0,0,0,0
20240128B08,中国,四国,1080,888,0,0
20240128B08,中国,九州,109,0,0,0
20240129B01,北海道,東北,150,0,0,0
20240129B01,東北,東京,0,2085,0,0
20240129B01,東京,中部,0,0,0,0
20240129B01,中部,関西,872,0,0,0
20240129B01,中部,北陸,270,0,0,0
20240129B01,北陸,関西,1254,0,0,0
20240129B01,関西,中国,2982,1388,0,0
20240129B01,関西_関西-中国間(東),中国_関西-中国間(東),2982,1388,0,0
20240129B01,関西_関西-中国間(西),中国_関西-中国間(西),2982,1388,0,0
20240129B01,関西,四国,0,0,0,0
20240129B01,中国,四国,1080,1032,0,0
20240129B01,中国,九州,419,0,0,0
20240129B02,北海道,東北,150,0,0,0
20240129B02,東北,東京,0,2085,0,0
20240129B02,東京,中部,0,0,0,0
20240129B02,中部,関西,759.6,0,0,0
20240129B02,中部,北陸,270,0,0,0
20240129B02,北陸,関西,1235,0,0,0
20240129B02,関西,中国,2982,1713.5,0,0
20240129B02,関西_関西-中国間(東),中国_関西-中国間(東),2982,1713.5,0,0
20240129B02,関西_関西-中国間(西),中国_関西-中国間(西),2982,1713.5,0,0
20240129B02,関西,四国,0,56,0,0
20240129B02,中国,四国,1080,1080,0,0
20240129B02,中国,九州,419,0,0,0
20240129B03,北海道,東北,150,0,0,0
20240129B03,東北,東京,0,2085,0,0
20240129B03,東京,中部,0,0,0,0
20240129B03,中部,関西,960,0,0,0
20240129B03,中部,北陸,270,0,0,0
20240129B03,北陸,関西,1064,0,0,0
20240129B03,関西,中国,2982,876.5,0,0
20240129B03,関西_関西-中国間(東),中国_関西-中国間(東),2982,876.5,0,0
20240129B03,関西_関西-中国間(西),中国_関西-中国間(西),2982,876.5,0,0
20240129B03,関西,四国,0,0,0,0
20240129B03,中国,四国,1080,924,0,0
20240129B03,中国,九州,189,0,0,0
20240129B04,北海道,東北,150,0,0,0
20240129B04,東北,東京,0,2085,0,0
20240129B04,東京,中部,0,0,0,0
20240129B04,中部,関西,349.6,0,0,0
20240129B04,中部,北陸,270,0,0,0
20240129B04,北陸,関西,1406,100,0,0
20240129B04,関西,中国,2982,0,0,0
20240129B04,関西_関西-中国間(東),中国_関西-中国間(東),2982,0,0,0
20240129B04,関西_関西-中国間(西),中国_関西-中国間(西),2982,0,0,0
20240129B04,関西,四国,0,0,0,0
20240129B04,中国,四国,1080,204,0,0
20240129B04,中国,九州,189,500,0,0
20240129B05,北海道,東北,150,0,0,0
20240129B05,東北,東京,0,2085,0,0
20240129B05,東京,中部,0,0,0,0
20240129B05,中部,関西,568,0,0,0
20240129B05,中部,北陸,270,0,0,0
20240129B05,北陸,関西,1406,145,0,0
20240129B05,関西,中国,2982,0,0,0
20240129B05,関西_関西-中国間(東),中国_関西-中国間(東),2982,0,0,0
20240129B05,関西_関西-中国間(西),中国_関西-中国間(西),2982,0,0,0
20240129B05,関西,四国,0,0,0,0
20240129B05,中国,四国,1080,36,0,0
20240129B05,中国,九州,189,420,0,0
20240129B06,北海道,東北,150,0,0,0
20240129B06,東北,東京,0,2085,0,0
20240129B06,東京,中部,0,0,0,0
20240129B06,中部,関西,1184,0,0,0
20240129B06,中部,北陸,270,0,0,0
20240129B06,北陸,関西,1140,100,0,0
20240129B06,関西,中国,2982,86,0,0
20240129B06,関西_関西-中国間(東),中国_関西-中国間(東),2982,86,0,0
20240129B06,関西_関西-中国間(西),中国_関西-中国間(西),2982,86,0,0
20240129B06,関西,四国,0,0,0,0
20240129B06,中国,四国,1080,204,0,0
20240129B06,中国,九州,189,490,0,0
20240129B07,北海道,東北,136,0,0,0
20240129B07,東北,東京,0,2085,0,0
20240129B07,東京,中部,0,0,0,0
20240129B07,中部,関西,1504,0,0,0
20240129B07,中部,北陸,270,0,0,0
20240129B07,北陸,関西,1045,370,0,0
20240129B07,関西,中国,2982,1667,0,0
20240129B07,関西_関西-中国間(東),中国_関西-中国間(東),2982,1667,0,0
20240129B07,関西_関西-中国間(西),中国_関西-中国間(西),2982,1667,0,0
20240129B07,関西,四国,0,0,0,0
20240129B07,中国,四国,1080,756,0,0
20240129B07,中国,九州,189,390,0,0
20240129B08,北海道,東北,150,0,0,0
20240129B08,東北,東京,0,2085,0,0
20240129B08,東京,中部,0,0,0,0
20240129B08,中部,関西,1013.6,0,0,0
20240129B08,中部,北陸,270,0,0,0
20240129B08,北陸,関西,1254,0,0,0
20240129B08,関西,中国,2982,1481,0,0
20240129B08,関西_関西-中国間(東),中国_関西-中国間(東),2982,1481,0,0
20240129B08,関西_関西-中国間(西),中国_関西-中国間(西),2982,1481,0,0
20240129B08,関西,四国,0,0,0,0
20240129B08,中国,四国,1080,888,0,0
20240129B08,中国,九州,189,0,0,0
20240130B01,北海道,東北,150,0,0,0
20240130B01,東北,東京,0,2085,0,0
20240130B01,東京,中部,0,0,0,0
20240130B01,中部,関西,952,0,0,0
20240130B01,中部,北陸,270,0,0,0
20240130B01,北陸,関西,1254,0,0,0
20240130B01,関西,中国,2982,1388,0,0
20240130B01,関西_関西-中国間(東),中国_関西-中国間(東),2982,1388,0,0
20240130B01,関西_関西-中国間(西),中国_関西-中国間(西),2982,1388,0,0
20240130B01,関西,四国,0,0,0,0
20240130B01,中国,四国,1080,1032,0,0
20240130B01,中国,九州,429,0,0,0
20240130B02,北海道,東北,150,0,0,0
20240130B02,東北,東京,0,2085,0,0
20240130B02,東京,中部,0,0,0,0
20240130B02,中部,関西,869.6,0,0,0
20240130B02,中部,北陸,0,0,0,0
20240130B02,北陸,関西,1235,0,0,0
20240130B02,関西,中国,2982,1713.5,0,0
20240130B02,関西_関西-中国間(東),中国_関西-中国間(東),2982,1713.5,0,0
20240130B02,関西_関西-中国間(西),中国_関西-中国間(西),2982,1713.5,0,0
20240130B02,関西,四国,0,56,0,0
20240130B02,中国,四国,1080,1080,0,0
20240130B02,中国,九州,429,0,0,0
20240130B03,北海道,東北,150,0,0,0
20240130B03,東北,東京,0,2085,0,0
20240130B03,東京,中部,0,0,0,0
20240130B03,中部,関西,1140,0,0,0
20240130B03,中部,北陸,0,0,0,0
20240130B03,北陸,関西,1064,0,0,0
20240130B03,関西,中国,2982,876.5,0,0
20240130B03,関西_関西-中国間(東),中国_関西-中国間(東),2982,876.5,0,0
20240130B03,関西_関西-中国間(西),中国_関西-中国間(西),2982,876.5,0,0
20240130B03,関西,四国,0,0,0,0
20240130B03,中国,四国,1080,924,0,0
20240130B03,中国,九州,189,80,0,0
20240130B04,北海道,東北,150,0,0,0
20240130B04,東北,東京,0,2085,0,67
20240130B04,東京,中部,0,0,0,0
20240130B04,中部,関西,349.6,0,0,0
20240130B04,中部,北陸,0,0,0,0
20240130B04,北陸,関西,1406,100,0,0
20240130B04,関西,中国,2982,0,0,0
20240130B04,関西_関西-中国間(東),中国_関西-中国間(東),2982,0,0,0
20240130B04,関西_関西-中国間(西),中国_関西-中国間(西),2982,0,0,0
20240130B04,関西,四国,0,0,0,0
20240130B04,中国,四国,1080,204,0,0
20240130B04,中国,九州,189,500,0,0
20240130B05,北海道,東北,150,0,0,0
20240130B05,東北,東京,0,2085,0,0
20240130B05,東京,中部,0,0,0,0
20240130B05,中部,関西,568,0,0,0
20240130B05,中部,北陸,0,0,0,0
20240130B05,北陸,関西,1406,145,0,0
20240130B05,関西,中国,2982,0,0,0
20240130B05,関西_関西-中国間(東),中国_関西-中国間(東),2982,0,0,0
20240130B05,関西_関西-中国間(西),中国_関西-中国間(西),2982,0,0,0
20240130B05,関西,四国,0,0,0,0
20240130B05,中国,四国,1080,36,0,0
20240130B05,中国,九州,189,420,0,0
20240130B06,北海道,東北,150,0,0,0
20240130B06,東北,東京,0,2085,0,0
20240130B06,東京,中部,0,0,0,0
20240130B06,中部,関西,1184,0,0,0
20240130B06,中部,北陸,0,0,0,0
20240130B06,北陸,関西,1140,100,0,0
20240130B06,関西,中国,2982,86,0,0
20240130B06,関西_関西-中国間(東),中国_関西-中国間(東),2982,86,0,0
20240130B06,関西_関西-中国間(西),中国_関西-中国間(西),2982,86,0,0
20240130B06,関西,四国,0,0,0,0
20240130B06,中国,四国,1080,204,0,0
20240130B06,中国,九州,189,490,0,0
20240130B07,北海道,東北,136,0,0,0
20240130B07,東北,東京,0,2085,0,0
20240130B07,東京,中部,0,0,0,0
20240130B07,中部,関西,1504,0,0,0
20240130B07,中部,北陸,0,0,0,0
20240130B07,北陸,関西,1045,370,0,0
20240130B07,関西,中国,2982,1667,0,0
20240130B07,関西_関西-中国間(東),中国_関西-中国間(東),2982,1667,0,0
20240130B07,関西_関西-中国間(西),中国_関西-中国間(西),2982,1667,0,0
20240130B07,関西,四国,0,0,0,0
20240130B07,中国,四国,1080,756,0,0
20240130B07,中国,九州,189,390,0,0
20240130B08,北海道,東北,150,0,0,0
20240130B08,東北,東京,0,2085,0,0
20240130B08,東京,中部,0,0,0,0
20240130B08,中部,関西,1013.6,0,0,0
20240130B08,中部,北陸,270,0,0,0
20240130B08,北陸,関西,1254,0,0,0
20240130B08,関西,中国,2982,1481,0,0
20240130B08,関西_関西-中国間(東),中国_関西-中国間(東),2982,1481,0,0
20240130B08,関西_関西-中国間(西),中国_関西-中国間(西),2982,1481,0,0
20240130B08,関西,四国,0,0,0,0
20240130B08,中国,四国,1080,888,0,0
20240130B08,中国,九州,189,0,0,0
20240131B01,北海道,東北,150,0,0,0
20240131B01,東北,東京,0,2085,0,0
20240131B01,東京,中部,0,0,0,0
20240131B01,中部,関西,952,0,0,0
20240131B01,中部,北陸,270,0,0,0
20240131B01,北陸,関西,1254,0,0,0
20240131B01,関西,中国,2982,1388,0,0
20240131B01,関西_関西-中国間(東),中国_関西-中国間(東),2982,1388,0,0
20240131B01,関西_関西-中国間(西),中国_関西-中国間(西),2982,1388,0,0
20240131B01,関西,四国,0,0,0,0
20240131B01,中国,四国,1080,1032,0,0
20240131B01,中国,九州,429,0,0,0
20240131B02,北海道,東北,150,0,0,0
20240131B02,東北,東京,0,2085,0,0
20240131B02,東京,中部,0,0,0,0
20240131B02,中部,関西,869.6,0,0,0
20240131B02,中部,北陸,270,0,0,0
20240131B02,北陸,関西,1235,0,0,0
20240131B02,関西,中国,2982,1713.5,0,0
20240131B02,関西_関西-中国間(東),中国_関西-中国間(東),2982,1713.5,0,0
20240131B02,関西_関西-中国間(西),中国_関西-中国間(西),2982,1713.5,0,0
20240131B02,関西,四国,0,56,0,0
20240131B02,中国,四国,1080,1080,0,0
20240131B02,中国,九州,429,0,0,0
20240131B03,北海道,東北,150,0,0,0
20240131B03,東北,東京,0,2085,0,0
20240131B03,東京,中部,0,0,0,0
20240131B03,中部,関西,1140,0,0,0
20240131B03,中部,北陸,270,0,0,0
20240131B03,北陸,関西,1064,0,0,0
20240131B03,関西,中国,2982,876.5,0,0
20240131B03,関西_関西-中国間(東),中国_関西-中国間(東),2982,876.5,0,0
20240131B03,関西_関西-中国間(西),中国_関西-中国間(西),2982,876.5,0,0
20240131B03,関西,四国,0,0,0,0
20240131B03,中国,四国,1080,924,0,0
20240131B03,中国,九州,189,80,0,0
20240131B04,北海道,東北,150,0,0,0
20240131B04,東北,東京,0,2085,0,0
20240131B04,東京,中部,0,0,0,0
20240131B04,中部,関西,349.6,0,0,0
20240131B04,中部,北陸,270,0,0,0
20240131B04,北陸,関西,1406,100,0,0
20240131B04,関西,中国,2982,0,0,0
20240131B04,関西_関西-中国間(東),中国_関西-中国間(東),2982,0,0,0
20240131B04,関西_関西-中国間(西),中国_関西-中国間(西),2982,0,0,0
20240131B04,関西,四国,0,0,0,0
20240131B04,中国,四国,1080,204,0,0
20240131B04,中国,九州,189,500,0,0
20240131B05,北海道,東北,150,0,0,0
20240131B05,東北,東京,0,2085,0,0
20240131B05,東京,中部,0,0,0,0
20240131B05,中部,関西,568,0,0,0
20240131B05,中部,北陸,270,0,0,0
20240131B05,北陸,関西,1406,145,0,0
20240131B05,関西,中国,2982,0,0,0
20240131B05,関西_関西-中国間(東),中国_関西-中国間(東),2982,0,0,0
20240131B05,関西_関西-中国間(西),中国_関西-中国間(西),2982,0,0,0
20240131B05,関西,四国,0,0,0,0
20240131B05,中国,四国,1080,36,0,0
20240131B05,中国,九州,189,420,0,0
20240131B06,北海道,東北,150,0,0,0
20240131B06,東北,東京,0,2085,0,0
20240131B06,東京,中部,0,0,0,0
20240131B06,中部,関西,1184,0,0,0
20240131B06,中部,北陸,270,0,0,0
20240131B06,北陸,関西,1140,100,0,0
20240131B06,関西,中国,2982,86,0,0
20240131B06,関西_関西-中国間(東),中国_関西-中国間(東),2982,86,0,0
20240131B06,関西_関西-中国間(西),中国_関西-中国間(西),2982,86,0,0
20240131B06,関西,四国,0,0,0,0
20240131B06,中国,四国,1080,204,0,0
20240131B06,中国,九州,189,490,0,0
20240131B07,北海道,東北,136,0,0,0
20240131B07,東北,東京,0,2085,0,0
20240131B07,東京,中部,0,0,0,0
20240131B07,中部,関西,1504,0,0,0
20240131B07,中部,北陸,270,0,0,0
20240131B07,北陸,関西,1045,370,0,0
20240131B07,関西,中国,2982,1667,0,0
20240131B07,関西_関西-中国間(東),中国_関西-中国間(東),2982,1667,0,0
20240131B07,関西_関西-中国間(西),中国_関西-中国間(西),2982,1667,0,0
20240131B07,関西,四国,0,0,0,0
20240131B07,中国,四国,1080,756,0,0
20240131B07,中国,九州,189,390,0,0
20240131B08,北海道,東北,150,0,0,0
20240131B08,東北,東京,0,2085,0,0
20240131B08,東京,中部,0,0,0,0
20240131B08,中部,関西,1013.6,0,0,0
20240131B08,中部,北陸,270,0,0,0
20240131B08,北陸,関西,1254,0,0,0
20240131B08,関西,中国,2982,1481,0,0
20240131B08,関西_関西-中国間(東),中国_関西-中国間(東),2982,1481,0,0
20240131B08,関西_関西-中国間(西),中国_関西-中国間(西),2982,1481,0,0
20240131B08,関西,四国,0,0,0,0
20240131B08,中国,四国,1080,888,0,0
20240131B08,中国,九州,189,0,0,0
E
