H,連系線確保量,対象年月,ブロック数,市場種別
P,速報値,202607,48,DCM
T,順方向元エリア,逆方向元エリア,DCM：連系線確保量上限値（順方向）[MW],DCM：連系線確保量上限値（逆方向）[MW],DCM：連系線確保量（順方向）[MW],DCM：連系線確保量（逆方向）[MW]
20260701B01,北海道,東北,0,0,0,0
20260701B01,東北,東京,831.105,2360,0,122
20260701B01,東京,中部,0,898.04,0,0
20260701B01,中部関西,北陸,2264.034,2655.3,0,212.382
20260701B01,中部,北陸関西,2200,0,3.343,0
20260701B01,中部北陸,関西,2200,0,215.725,0
20260701B01,関西,中国,4700,1984.014,95.452,32.5
20260701B01,関西_関西-中国間(東),中国_関西-中国間(東),4700,1984.014,95.452,32.5
20260701B01,関西_関西-中国間(西),中国_関西-中国間(西),4700,1984.014,95.452,32.5
20260701B01,関西,四国,0,0,0,0
20260701B01,中国,四国,1200,0,0,0
20260701B01,中国,九州,850,1326.228,125.369,0
20260701B02,北海道,東北,0,0,0,0
20260701B02,東北,東京,839.505,2360,0,154.366
20260701B02,東京,中部,0,1200,0,0
20260701B02,中部関西,北陸,2300,2606.7,0,210.484
20260701B02,中部,北陸関西,2200,0,18.575,0
20260701B02,中部北陸,関西,2200,0,229.059,0
20260701B02,関西,中国,4700,2480.642,95.484,21.158
20260701B02,関西_関西-中国間(東),中国_関西-中国間(東),4700,2480.642,95.484,21.158
20260701B02,関西_関西-中国間(西),中国_関西-中国間(西),4700,2480.642,95.484,21.158
20260701B02,関西,四国,0,0,0,0
20260701B02,中国,四国,1200,0,0,0
20260701B02,中国,九州,840,1303.928,59.416,0
20260701B03,北海道,東北,0,0,0,0
20260701B03,東北,東京,869.705,2360,0,158.83
20260701B03,東京,中部,0,1200,0,0
20260701B03,中部関西,北陸,2300,2614.6,0,110.296
20260701B03,中部,北陸関西,2200,0,32.841,0
20260701B03,中部北陸,関西,2200,0,143.137,0
20260701B03,関西,中国,4700,2709.104,186.608,46.41
20260701B03,関西_関西-中国間(東),中国_関西-中国間(東),4700,2709.104,186.608,46.41
20260701B03,関西_関西-中国間(西),中国_関西-中国間(西),4700,2709.104,186.608,46.41
20260701B03,関西,四国,0,0,0,0
20260701B03,中国,四国,1136.472,0,0,0
20260701B03,中国,九州,830,1393.728,133.682,0
20260701B04,北海道,東北,0,0,0,0
20260701B04,東北,東京,851.905,2360,0,156.83
20260701B04,東京,中部,0,986.44,0,0
20260701B04,中部関西,北陸,2273.834,2645.5,0,114.686
20260701B04,中部,北陸関西,2200,0,25.617,0
20260701B04,中部北陸,関西,2200,0,140.303,0
20260701B04,関西,中国,4700,2917.452,201.686,22.958
20260701B04,関西_関西-中国間(東),中国_関西-中国間(東),4700,2917.452,201.686,22.958
20260701B04,関西_関西-中国間(西),中国_関西-中国間(西),4700,2917.452,201.686,22.958
20260701B04,関西,四国,0,0,0,0
20260701B04,中国,四国,1173.572,0,0,0
20260701B04,中国,九州,697.92,1624.828,161.123,0
20260701B05,北海道,東北,0,0,0,0
20260701B05,東北,東京,836.805,2360,0,149.83
20260701B05,東京,中部,0,952.44,0,0
20260701B05,中部関西,北陸,2300,2586,0,117.909
20260701B05,中部,北陸関西,2200,0,12.933,0
20260701B05,中部北陸,関西,2200,0,130.842,0
20260701B05,関西,中国,4700,2578.6,211.979,29.902
20260701B05,関西_関西-中国間(東),中国_関西-中国間(東),4700,2578.6,211.979,29.902
20260701B05,関西_関西-中国間(西),中国_関西-中国間(西),4700,2578.6,211.979,29.902
20260701B05,関西,四国,0,0,0,0
20260701B05,中国,四国,1177.672,0,0,0
20260701B05,中国,九州,830,1315.828,173.931,0
20260701B06,北海道,東北,0,0,0,0
20260701B06,東北,東京,845.705,2360,0,135.755
20260701B06,東京,中部,0,926.04,0,0
20260701B06,中部関西,北陸,2300,2579.8,0,127.909
20260701B06,中部,北陸関西,2200,0,21.197,0
20260701B06,中部北陸,関西,2200,2.964,149.106,0
20260701B06,関西,中国,4700,2298.34,196.979,25.448
20260701B06,関西_関西-中国間(東),中国_関西-中国間(東),4700,2298.34,196.979,25.448
20260701B06,関西_関西-中国間(西),中国_関西-中国間(西),4700,2298.34,196.979,25.448
20260701B06,関西,四国,0,0,0,0
20260701B06,中国,四国,1139.072,0,0,0
20260701B06,中国,九州,830,946.828,164.926,0
20260701B07,北海道,東北,75,0,0,0
20260701B07,東北,東京,844.279,2360,0,123.516
20260701B07,東京,中部,0,884.945,0,0
20260701B07,中部関西,北陸,2087.168,2219.636,7.07,101.748
20260701B07,中部,北陸関西,2200,0,11.996,0
20260701B07,中部北陸,関西,2200,0,106.674,0
20260701B07,関西,中国,4700,1973.273,101.748,67.799
20260701B07,関西_関西-中国間(東),中国_関西-中国間(東),4700,1973.273,101.748,67.799
20260701B07,関西_関西-中国間(西),中国_関西-中国間(西),4700,1973.273,101.748,16.887
20260701B07,関西,四国,0,0,0,0
20260701B07,中国,四国,1200,50.912,0,50.912
20260701B07,中国,九州,840,988.966,71.256,0
20260701B08,北海道,東北,75,0,0,0
20260701B08,東北,東京,1229.079,2360,0,146.202
20260701B08,東京,中部,0,846.945,0,0
20260701B08,中部関西,北陸,2059.668,2247.136,7.07,74.344
20260701B08,中部,北陸関西,2200,0,31.591,0
20260701B08,中部北陸,関西,2200,0,98.865,0
20260701B08,関西,中国,4700,1848.787,74.344,38.252
20260701B08,関西_関西-中国間(東),中国_関西-中国間(東),4700,1848.787,74.344,38.252
20260701B08,関西_関西-中国間(西),中国_関西-中国間(西),4700,1848.787,74.344,38.252
20260701B08,関西,四国,0,0,0,0
20260701B08,中国,四国,1200,0,0,0
20260701B08,中国,九州,850,1346.266,31.366,0
20260701B09,北海道,東北,75,0,0,0
20260701B09,東北,東京,1308.179,2360,0,162.202
20260701B09,東京,中部,0,889.245,0,0
20260701B09,中部関西,北陸,2060.968,2245.836,7.07,68.914
20260701B09,中部,北陸関西,2200,0,49.733,0
20260701B09,中部北陸,関西,2200,0,111.577,0
20260701B09,関西,中国,4700,1802.683,68.914,29.112
20260701B09,関西_関西-中国間(東),中国_関西-中国間(東),4700,1802.683,68.914,29.112
20260701B09,関西_関西-中国間(西),中国_関西-中国間(西),4700,1802.683,68.914,29.112
20260701B09,関西,四国,0,0,0,0
20260701B09,中国,四国,1200,0,0,0
20260701B09,中国,九州,860,1302.066,44.226,0
20260701B10,北海道,東北,75,0,0,0
20260701B10,東北,東京,1203.979,2360,0,168.202
20260701B10,東京,中部,0,887.245,0,0
20260701B10,中部関西,北陸,2029.368,2277.436,7.07,66.752
20260701B10,中部,北陸関西,2200,0,44.083,0
20260701B10,中部北陸,関西,2200,0,103.765,0
20260701B10,関西,中国,4700,1944.603,66.752,28.72
20260701B10,関西_関西-中国間(東),中国_関西-中国間(東),4700,1944.603,66.752,28.72
20260701B10,関西_関西-中国間(西),中国_関西-中国間(西),4700,1944.603,66.752,28.72
20260701B10,関西,四国,0,0,0,0
20260701B10,中国,四国,1200,0,0,0
20260701B10,中国,九州,870,1339.066,31.618,0
20260701B11,北海道,東北,35.254,0,0,0
20260701B11,東北,東京,796.979,2360,0,168.202
20260701B11,東京,中部,0,758.345,0,0
20260701B11,中部関西,北陸,2062.968,2243.836,0,77.314
20260701B11,中部,北陸関西,2200,0,177.944,0
20260701B11,中部北陸,関西,2200,0,255.258,0
20260701B11,関西,中国,4700,2007.069,216.242,34.709
20260701B11,関西_関西-中国間(東),中国_関西-中国間(東),4700,2007.069,216.242,34.709
20260701B11,関西_関西-中国間(西),中国_関西-中国間(西),4700,2007.069,216.242,34.709
20260701B11,関西,四国,0,0,0,0
20260701B11,中国,四国,1200,0,0,0
20260701B11,中国,九州,870,1387.866,155.665,0
20260701B12,北海道,東北,0,23.916,0,23.916
20260701B12,東北,東京,113.779,2360,0,137.563
20260701B12,東京,中部,0,448.845,0,0
20260701B12,中部関西,北陸,2041.168,2265.636,0,28.945
20260701B12,中部,北陸関西,2200,0,173.944,0
20260701B12,中部北陸,関西,2200,0,202.889,0
20260701B12,関西,中国,4700,1963.647,216.242,34.709
20260701B12,関西_関西-中国間(東),中国_関西-中国間(東),4700,1963.647,216.242,34.709
20260701B12,関西_関西-中国間(西),中国_関西-中国間(西),4700,1963.647,216.242,34.709
20260701B12,関西,四国,0,0,0,0
20260701B12,中国,四国,1200,0,0,0
20260701B12,中国,九州,840,1449.066,155.665,0
20260701B13,北海道,東北,0,16.311,0,16.311
20260701B13,東北,東京,0,2360,0,142.311
20260701B13,東京,中部,0,744.769,0,0
20260701B13,中部関西,北陸,2300,1577.852,0,72.462
20260701B13,中部,北陸関西,2200,0,12.811,0
20260701B13,中部北陸,関西,2058.631,9.647,85.273,0
20260701B13,関西,中国,4700,745.325,407.819,44.39
20260701B13,関西_関西-中国間(東),中国_関西-中国間(東),4700,745.325,407.819,44.39
20260701B13,関西_関西-中国間(西),中国_関西-中国間(西),4700,745.325,407.819,44.39
20260701B13,関西,四国,0,0,0,0
20260701B13,中国,四国,1200,0,0,0
20260701B13,中国,九州,473.364,1946.722,246.36,0
20260701B14,北海道,東北,0,0,0,0
20260701B14,東北,東京,0,2360,0,83
20260701B14,東京,中部,0,686.169,0,0
20260701B14,中部関西,北陸,2300,1531.352,35,64.846
20260701B14,中部,北陸関西,2200,0,136.009,0
20260701B14,中部北陸,関西,2012.131,56.147,165.855,0
20260701B14,関西,中国,4700,585.795,318.242,46.588
20260701B14,関西_関西-中国間(東),中国_関西-中国間(東),4700,585.795,318.242,46.588
20260701B14,関西_関西-中国間(西),中国_関西-中国間(西),4700,585.795,318.242,46.588
20260701B14,関西,四国,0,0,0,0
20260701B14,中国,四国,1200,0,0,0
20260701B14,中国,九州,523.864,1896.222,229.283,55
20260701B15,北海道,東北,0,0,0,0
20260701B15,東北,東京,0,2360,0,89
20260701B15,東京,中部,0,348.069,0,0
20260701B15,中部関西,北陸,2300,1215.952,45,36.088
20260701B15,中部,北陸関西,2200,0,229.475,0
20260701B15,中部北陸,関西,1696.731,371.547,220.563,0
20260701B15,関西,中国,4700,614.047,383.592,55.24
20260701B15,関西_関西-中国間(東),中国_関西-中国間(東),4700,614.047,383.592,55.24
20260701B15,関西_関西-中国間(西),中国_関西-中国間(西),4700,614.047,383.592,55.24
20260701B15,関西,四国,0,0,0,0
20260701B15,中国,四国,1200,0,0,0
20260701B15,中国,九州,422.464,2067.622,257.894,38
20260701B16,北海道,東北,0,0,0,0
20260701B16,東北,東京,0,2360,0,84
20260701B16,東京,中部,0,526.369,0,0
20260701B16,中部関西,北陸,2300,1187.052,41.387,2.321
20260701B16,中部,北陸関西,2200,0,290.771,0
20260701B16,中部北陸,関西,1667.831,400.447,251.705,0
20260701B16,関西,中国,4700,0,421.592,0
20260701B16,関西_関西-中国間(東),中国_関西-中国間(東),4700,0,421.592,0
20260701B16,関西_関西-中国間(西),中国_関西-中国間(西),4700,0,421.592,0
20260701B16,関西,四国,0,0,0,0
20260701B16,中国,四国,1200,0,0,0
20260701B16,中国,九州,740,1553.422,298.374,28
20260701B17,北海道,東北,0,0,0,0
20260701B17,東北,東京,0,2360,0,84
20260701B17,東京,中部,0,804.569,0,0
20260701B17,中部関西,北陸,2820,1779.752,72.635,0
20260701B17,中部,北陸関西,2730,0,341.17,0
20260701B17,中部北陸,関西,2690.531,307.747,268.535,0
20260701B17,関西,中国,4700,0,443.533,0
20260701B17,関西_関西-中国間(東),中国_関西-中国間(東),4700,0,443.533,0
20260701B17,関西_関西-中国間(西),中国_関西-中国間(西),4700,0,443.533,0
20260701B17,関西,四国,0,0,0,0
20260701B17,中国,四国,1200,0,0,0
20260701B17,中国,九州,720,1061.022,337.679,0
20260701B18,北海道,東北,0,0,0,0
20260701B18,東北,東京,0,2360,0,84
20260701B18,東京,中部,0,1157.569,0,0
20260701B18,中部関西,北陸,2820,1615.552,129.349,0
20260701B18,中部,北陸関西,2730,0,411.041,0
20260701B18,中部北陸,関西,2526.331,471.947,281.692,0
20260701B18,関西,中国,4700,0,385.786,0
20260701B18,関西_関西-中国間(東),中国_関西-中国間(東),4700,0,385.786,0
20260701B18,関西_関西-中国間(西),中国_関西-中国間(西),4700,0,385.786,0
20260701B18,関西,四国,0,0,0,0
20260701B18,中国,四国,1200,0,0,0
20260701B18,中国,九州,690,695.622,368.448,0
20260701B19,北海道,東北,0,0,0,0
20260701B19,東北,東京,0,2360,0,238
20260701B19,東京,中部,0,1200,0,0
20260701B19,中部関西,北陸,2820,1976.672,119,0
20260701B19,中部,北陸関西,2730,0,622.812,0
20260701B19,中部北陸,関西,2105.927,0,503.812,0
20260701B19,関西,中国,4700,0,636.97,0
20260701B19,関西_関西-中国間(東),中国_関西-中国間(東),4700,0,636.97,0
20260701B19,関西_関西-中国間(西),中国_関西-中国間(西),4700,0,636.97,0
20260701B19,関西,四国,0,0,0,0
20260701B19,中国,四国,1200,0,0,0
20260701B19,中国,九州,670,954.699,438.514,67.404
20260701B20,北海道,東北,0,0,0,0
20260701B20,東北,東京,0,2360,0,253
20260701B20,東京,中部,0,1200,0,0
20260701B20,中部関西,北陸,2820,1910.072,112.786,0
20260701B20,中部,北陸関西,2730,0,525.612,0
20260701B20,中部北陸,関西,2039.327,0,412.826,0
20260701B20,関西,中国,4700,0,567.824,0
20260701B20,関西_関西-中国間(東),中国_関西-中国間(東),4700,0,567.824,0
20260701B20,関西_関西-中国間(西),中国_関西-中国間(西),4700,0,567.824,0
20260701B20,関西,四国,0,0,0,0
20260701B20,中国,四国,1200,0,0,0
20260701B20,中国,九州,650,938.699,332.408,103.04
20260701B21,北海道,東北,0,0,0,0
20260701B21,東北,東京,0,2360,0,272
20260701B21,東京,中部,0,1138.143,0,0
20260701B21,中部関西,北陸,2820,1903.072,110.764,0
20260701B21,中部,北陸関西,2730,0,492.812,0
20260701B21,中部北陸,関西,2032.327,0,382.048,0
20260701B21,関西,中国,4700,0,537.046,0
20260701B21,関西_関西-中国間(東),中国_関西-中国間(東),4700,0,537.046,0
20260701B21,関西_関西-中国間(西),中国_関西-中国間(西),4700,0,537.046,0
20260701B21,関西,四国,0,0,0,0
20260701B21,中国,四国,1200,0,0,0
20260701B21,中国,九州,630,905.699,314.274,104.04
20260701B22,北海道,東北,0,0,0,0
20260701B22,東北,東京,0,2360,0,273
20260701B22,東京,中部,0,1043.443,0,0
20260701B22,中部関西,北陸,2820,1918.272,119,0
20260701B22,中部,北陸関西,2730,0,397.278,0
20260701B22,中部北陸,関西,2047.527,0,278.278,0
20260701B22,関西,中国,4700,0,448.276,0
20260701B22,関西_関西-中国間(東),中国_関西-中国間(東),4700,0,448.276,0
20260701B22,関西_関西-中国間(西),中国_関西-中国間(西),4700,0,448.276,0
20260701B22,関西,四国,0,0,0,0
20260701B22,中国,四国,1200,0,0,0
20260701B22,中国,九州,610,826.099,225.254,99.04
20260701B23,北海道,東北,0,0,0,0
20260701B23,東北,東京,0,2360,0,272
20260701B23,東京,中部,0,1097.743,0,0
20260701B23,中部関西,北陸,2820,1877.072,108,0
20260701B23,中部,北陸関西,2730,0,234.292,0
20260701B23,中部北陸,関西,2006.327,0,126.292,0
20260701B23,関西,中国,4700,0,326.29,0
20260701B23,関西_関西-中国間(東),中国_関西-中国間(東),4700,0,326.29,0
20260701B23,関西_関西-中国間(西),中国_関西-中国間(西),4700,0,326.29,0
20260701B23,関西,四国,0,0,0,0
20260701B23,中国,四国,1200,0,0,0
20260701B23,中国,九州,600,710.399,140.796,102.04
20260701B24,北海道,東北,0,0,0,0
20260701B24,東北,東京,0,2360,0,272
20260701B24,東京,中部,0,1200,0,0
20260701B24,中部関西,北陸,2820,1855.672,119,0
20260701B24,中部,北陸関西,2730,0,277.292,0
20260701B24,中部北陸,関西,1807.327,0,158.292,0
20260701B24,関西,中国,4700,0,379.29,0
20260701B24,関西_関西-中国間(東),中国_関西-中国間(東),4700,0,379.29,0
20260701B24,関西_関西-中国間(西),中国_関西-中国間(西),4700,0,379.29,0
20260701B24,関西,四国,0,0,0,0
20260701B24,中国,四国,1200,0,0,0
20260701B24,中国,九州,590,707.599,192.738,103.04
20260701B25,北海道,東北,0,0,0,0
20260701B25,東北,東京,0,2360,0,377
20260701B25,東京,中部,0,721.545,0,0
20260701B25,中部関西,北陸,2820,1795.119,172.07,0
20260701B25,中部,北陸関西,2730,0,204.427,0
20260701B25,中部北陸,関西,1767.918,0,32.357,0
20260701B25,関西,中国,4700,0,654.234,0
20260701B25,関西_関西-中国間(東),中国_関西-中国間(東),4700,0,654.234,0
20260701B25,関西_関西-中国間(西),中国_関西-中国間(西),4700,0,654.234,0
20260701B25,関西,四国,0,0,0,0
20260701B25,中国,四国,1200,0,0,0
20260701B25,中国,九州,580,330.165,451.422,0
20260701B26,北海道,東北,0,0,0,0
20260701B26,東北,東京,0,2360,0,476.406
20260701B26,東京,中部,0,919.745,0,0
20260701B26,中部関西,北陸,2820,1798.219,172.674,0
20260701B26,中部,北陸関西,2730,0,190.067,0
20260701B26,中部北陸,関西,1771.018,0,17.393,0
20260701B26,関西,中国,4700,0,769.621,0
20260701B26,関西_関西-中国間(東),中国_関西-中国間(東),4700,0,769.621,0
20260701B26,関西_関西-中国間(西),中国_関西-中国間(西),4700,0,769.621,0
20260701B26,関西,四国,0,0,0,0
20260701B26,中国,四国,1200,0,0,0
20260701B26,中国,九州,580,244.865,563.431,0
20260701B27,北海道,東北,0,0,0,0
20260701B27,東北,東京,0,2360,0,387.314
20260701B27,東京,中部,0,1104.045,0,0
20260701B27,中部関西,北陸,2820,1950.919,153.07,0
20260701B27,中部,北陸関西,2469.725,0,425.266,0
20260701B27,中部北陸,関西,1376.118,270.751,272.196,0
20260701B27,関西,中国,4700,0,443.276,0
20260701B27,関西_関西-中国間(東),中国_関西-中国間(東),4700,0,443.276,0
20260701B27,関西_関西-中国間(西),中国_関西-中国間(西),4700,0,443.276,0
20260701B27,関西,四国,0,0,0,0
20260701B27,中国,四国,1200,0,0,0
20260701B27,中国,九州,590,418.765,262.276,19.498
20260701B28,北海道,東北,0,0,0,0
20260701B28,東北,東京,0,2360,0,449.894
20260701B28,東京,中部,0,1200,0,0
20260701B28,中部関西,北陸,2820,2038.519,142.07,0
20260701B28,中部,北陸関西,1862.925,86.06,199.406,17.052
20260701B28,中部北陸,関西,856.918,789.951,105.275,64.991
20260701B28,関西,中国,4700,0,464.645,0
20260701B28,関西_関西-中国間(東),中国_関西-中国間(東),4700,0,432.121,0
20260701B28,関西_関西-中国間(西),中国_関西-中国間(西),4700,0,464.645,0
20260701B28,関西,四国,0,0,0,0
20260701B28,中国,四国,965.977,32.524,0,32.524
20260701B28,中国,九州,600,518.965,308.211,49.022
20260701B29,北海道,東北,0,0,0,0
20260701B29,東北,東京,0,2360,0,435.155
20260701B29,東京,中部,0,1200,0,0
20260701B29,中部関西,北陸,2820,2135.719,136,0
20260701B29,中部,北陸関西,2043.125,0,164.753,0
20260701B29,中部北陸,関西,1134.318,512.551,106.753,78
20260701B29,関西,中国,4700,95.651,634.585,63.397
20260701B29,関西_関西-中国間(東),中国_関西-中国間(東),4700,95.651,556.982,63.397
20260701B29,関西_関西-中国間(西),中国_関西-中国間(西),4700,95.651,634.585,1
20260701B29,関西,四国,0,0,0,0
20260701B29,中国,四国,574.077,424.424,1,141
20260701B29,中国,九州,610,623.365,430.287,0
20260701B30,北海道,東北,0,0,0,0
20260701B30,東北,東京,0,2360,0,417.151
20260701B30,東京,中部,0,1200,0,0
20260701B30,中部関西,北陸,2820,2200.719,115.055,0
20260701B30,中部,北陸関西,2592.325,0,226.808,0
20260701B30,中部北陸,関西,1748.518,0,111.753,0
20260701B30,関西,中国,4700,271.665,362.958,124.725
20260701B30,関西_関西-中国間(東),中国_関西-中国間(東),4700,271.665,324.753,124.725
20260701B30,関西_関西-中国間(西),中国_関西-中国間(西),4700,271.665,362.958,24
20260701B30,関西,四国,0,0,0,0
20260701B30,中国,四国,589.077,409.424,61,199.93
20260701B30,中国,九州,630,787.565,183.891,34.04
20260701B31,北海道,東北,0,0,0,0
20260701B31,東北,東京,0,2360,0,305.155
20260701B31,東京,中部,0,1200,0,0
20260701B31,中部関西,北陸,1949.008,1433.543,95.514,0
20260701B31,中部,北陸関西,2730,0,257.343,0
20260701B31,中部北陸,関西,1337.272,0,161.829,0
20260701B31,関西,中国,4700,0,345.892,0
20260701B31,関西_関西-中国間(東),中国_関西-中国間(東),4700,0,190.892,0
20260701B31,関西_関西-中国間(西),中国_関西-中国間(西),4700,0,345.892,0
20260701B31,関西,四国,0,0,0,0
20260701B31,中国,四国,609.048,399.477,23,178
20260701B31,中国,九州,710,608.154,185.636,68
20260701B32,北海道,東北,0,50,0,50
20260701B32,東北,東京,0,2360,0,355.155
20260701B32,東京,中部,0,1200,0,0
20260701B32,中部関西,北陸,1869.908,1512.643,116,0
20260701B32,中部,北陸関西,2730,0,862.805,0
20260701B32,中部北陸,関西,1448.072,0,746.805,0
20260701B32,関西,中国,4700,0,841.785,0
20260701B32,関西_関西-中国間(東),中国_関西-中国間(東),4700,0,788.97,0
20260701B32,関西_関西-中国間(西),中国_関西-中国間(西),4700,0,841.785,0
20260701B32,関西,四国,0,0,0,0
20260701B32,中国,四国,944.348,64.177,11.362,64.177
20260701B32,中国,九州,790,700.654,615.753,0
20260701B33,北海道,東北,0,60,0,60
20260701B33,東北,東京,0,2360,0,437.155
20260701B33,東京,中部,0,1200,0,0
20260701B33,中部関西,北陸,1947.708,1434.843,64.729,0
20260701B33,中部,北陸関西,2730,0,890,0
20260701B33,中部北陸,関西,1370.272,0,825.271,0
20260701B33,関西,中国,4700,0,819.431,0
20260701B33,関西_関西-中国間(東),中国_関西-中国間(東),4700,0,819.431,0
20260701B33,関西_関西-中国間(西),中国_関西-中国間(西),4700,0,819.431,0
20260701B33,関西,四国,0,0,0,0
20260701B33,中国,四国,1200,0,0,0
20260701B33,中国,九州,830,969.054,583.188,0
20260701B34,北海道,東北,0,60,0,60
20260701B34,東北,東京,0,2360,0,634.655
20260701B34,東京,中部,0,1200,0,0
20260701B34,中部関西,北陸,1985.108,1397.443,112,0
20260701B34,中部,北陸関西,2730,0,925.155,0
20260701B34,中部北陸,関西,1332.872,0,813.155,0
20260701B34,関西,中国,4700,40.991,777.32,0
20260701B34,関西_関西-中国間(東),中国_関西-中国間(東),4700,40.991,777.32,0
20260701B34,関西_関西-中国間(西),中国_関西-中国間(西),4700,40.991,777.32,0
20260701B34,関西,四国,0,0,0,0
20260701B34,中国,四国,1200,0,0,0
20260701B34,中国,九州,870,988.754,553.343,0
20260701B35,北海道,東北,0,50,0,50
20260701B35,東北,東京,175.038,2360,0,566.31
20260701B35,東京,中部,0,1105.237,0,0
20260701B35,中部関西,北陸,2125.808,1256.743,110,0
20260701B35,中部,北陸関西,2730,0,815.233,0
20260701B35,中部北陸,関西,1192.172,0,705.233,0
20260701B35,関西,中国,4700,200.077,708.638,8.592
20260701B35,関西_関西-中国間(東),中国_関西-中国間(東),4700,200.077,708.638,8.592
20260701B35,関西_関西-中国間(西),中国_関西-中国間(西),4700,200.077,708.638,8.592
20260701B35,関西,四国,0,0,0,0
20260701B35,中国,四国,1200,0,0,0
20260701B35,中国,九州,910,1130.954,496.668,1.641
20260701B36,北海道,東北,0,50,0,50
20260701B36,東北,東京,463.938,2360,0,567.467
20260701B36,東京,中部,0,636.137,0,0
20260701B36,中部関西,北陸,2093.508,1289.043,105.488,0
20260701B36,中部,北陸関西,2730,0,752,0
20260701B36,中部北陸,関西,1224.472,0,646.512,0
20260701B36,関西,中国,4700,357.851,634.896,2.959
20260701B36,関西_関西-中国間(東),中国_関西-中国間(東),4700,357.851,634.896,2.959
20260701B36,関西_関西-中国間(西),中国_関西-中国間(西),4700,357.851,634.896,2.959
20260701B36,関西,四国,0,0,0,0
20260701B36,中国,四国,1200,0,0,0
20260701B36,中国,九州,950,1234.854,450.905,0
20260701B37,北海道,東北,0,50,0,50
20260701B37,東北,東京,573.876,2360,0,500
20260701B37,東京,中部,0,275.586,0,0
20260701B37,中部関西,北陸,2798.299,1431.683,83,0
20260701B37,中部,北陸関西,2730,0,614.8,0
20260701B37,中部北陸,関西,1487.032,0,531.8,0
20260701B37,関西,中国,4547.413,0,465.01,0
20260701B37,関西_関西-中国間(東),中国_関西-中国間(東),4547.413,0,465.01,0
20260701B37,関西_関西-中国間(西),中国_関西-中国間(西),4547.413,0,462.01,0
20260701B37,関西,四国,0,0,0,0
20260701B37,中国,四国,1200,0,3,0
20260701B37,中国,九州,960,682.79,307.978,0
20260701B38,北海道,東北,0,50,0,50
20260701B38,東北,東京,653.476,2360,0,500
20260701B38,東京,中部,262.586,0,262.586,0
20260701B38,中部関西,北陸,2739.499,1490.483,83,0
20260701B38,中部,北陸関西,2730,0,381.114,0
20260701B38,中部北陸,関西,1545.832,0,298.114,0
20260701B38,関西,中国,4585.321,0,465.01,0
20260701B38,関西_関西-中国間(東),中国_関西-中国間(東),4585.321,0,465.01,0
20260701B38,関西_関西-中国間(西),中国_関西-中国間(西),4585.321,0,462.01,0
20260701B38,関西,四国,0,0,0,0
20260701B38,中国,四国,1200,0,3,0
20260701B38,中国,九州,970,603.89,307.978,0
20260701B39,北海道,東北,0,50,0,50
20260701B39,東北,東京,676.576,2360,0,500
20260701B39,東京,中部,0,307.586,0,0
20260701B39,中部関西,北陸,2721.299,1508.683,107.092,0
20260701B39,中部,北陸関西,2730,0,637.402,0
20260701B39,中部北陸,関西,1564.032,0,530.31,0
20260701B39,関西,中国,4656.311,0,455.835,0
20260701B39,関西_関西-中国間(東),中国_関西-中国間(東),4656.311,0,455.835,0
20260701B39,関西_関西-中国間(西),中国_関西-中国間(西),4656.311,0,452.835,0
20260701B39,関西,四国,0,0,0,0
20260701B39,中国,四国,1200,0,3,0
20260701B39,中国,九州,980,474.69,301,36.253
20260701B40,北海道,東北,0,50,0,50
20260701B40,東北,東京,596.676,2360,0,499
20260701B40,東京,中部,0,363.786,0,0
20260701B40,中部関西,北陸,2761.199,1468.783,111.07,0
20260701B40,中部,北陸関西,2730,0,604.182,0
20260701B40,中部北陸,関西,1524.132,0,493.112,0
20260701B40,関西,中国,4490.491,0,436.401,0
20260701B40,関西_関西-中国間(東),中国_関西-中国間(東),4490.491,0,436.401,0
20260701B40,関西_関西-中国間(西),中国_関西-中国間(西),4490.491,0,436.401,0
20260701B40,関西,四国,0,0,0,0
20260701B40,中国,四国,1200,0,0,0
20260701B40,中国,九州,970,565.49,295,33.799
20260701B41,北海道,東北,0,40,0,40
20260701B41,東北,東京,747.676,2360,0,469
20260701B41,東京,中部,46.186,143.586,23.535,0
20260701B41,中部関西,北陸,2741.399,1488.583,109.07,0
20260701B41,中部,北陸関西,2730,0,825.857,0
20260701B41,中部北陸,関西,1543.932,0,716.787,0
20260701B41,関西,中国,4546.163,0,549.054,0
20260701B41,関西_関西-中国間(東),中国_関西-中国間(東),4546.163,0,549.054,0
20260701B41,関西_関西-中国間(西),中国_関西-中国間(西),4546.163,0,472.054,0
20260701B41,関西,四国,0,0,0,0
20260701B41,中国,四国,1200,0,77,0
20260701B41,中国,九州,960,355.89,296.271,0
20260701B42,北海道,東北,0,40,0,40
20260701B42,東北,東京,1224.976,2360,0,255
20260701B42,東京,中部,208.586,0,0,0
20260701B42,中部関西,北陸,2795.899,1434.083,99.194,0
20260701B42,中部,北陸関西,2730,0,818.274,0
20260701B42,中部北陸,関西,1489.432,0,719.08,0
20260701B42,関西,中国,4550.155,0,546.355,0
20260701B42,関西_関西-中国間(東),中国_関西-中国間(東),4550.155,0,546.355,0
20260701B42,関西_関西-中国間(西),中国_関西-中国間(西),4550.155,0,473.355,0
20260701B42,関西,四国,0,0,0,0
20260701B42,中国,四国,1200,0,73,0
20260701B42,中国,九州,940,298.89,271.01,0
20260701B43,北海道,東北,0,29.818,0,29.818
20260701B43,東北,東京,1596.139,2360,0,119.818
20260701B43,東京,中部,0,571.013,0,341.818
20260701B43,中部関西,北陸,2316.894,2207.464,83.19,0
20260701B43,中部,北陸関西,2494.94,0,544.833,0
20260701B43,中部北陸,関西,1692.919,0,461.643,0
20260701B43,関西,中国,4700,0,398.048,0
20260701B43,関西_関西-中国間(東),中国_関西-中国間(東),4700,0,398.048,0
20260701B43,関西_関西-中国間(西),中国_関西-中国間(西),4700,0,398.048,0
20260701B43,関西,四国,0,0,0,0
20260701B43,中国,四国,1200,0,0,0
20260701B43,中国,九州,930,195.461,254.312,0
20260701B44,北海道,東北,0,30,0,30
20260701B44,東北,東京,1480.039,2360,0,120
20260701B44,東京,中部,0,301.913,0,280
20260701B44,中部関西,北陸,2282.094,2242.264,78.07,0
20260701B44,中部,北陸関西,2494.94,0,616.271,0
20260701B44,中部北陸,関西,1727.719,0,538.201,0
20260701B44,関西,中国,4700,0,442.412,0
20260701B44,関西_関西-中国間(東),中国_関西-中国間(東),4700,0,442.412,0
20260701B44,関西_関西-中国間(西),中国_関西-中国間(西),4700,0,442.412,0
20260701B44,関西,四国,0,0,0,0
20260701B44,中国,四国,1200,0,0,0
20260701B44,中国,九州,930,0,251.312,0
20260701B45,北海道,東北,0,20,0,20
20260701B45,東北,東京,946.339,2360,6.483,90
20260701B45,東京,中部,125.634,91.313,0,91.313
20260701B45,中部関西,北陸,1793.994,2310.364,94.374,0
20260701B45,中部,北陸関西,2264.94,0,714.84,0
20260701B45,中部北陸,関西,1565.819,0,620.466,0
20260701B45,関西,中国,4700,0,509.868,0
20260701B45,関西_関西-中国間(東),中国_関西-中国間(東),4700,0,509.868,0
20260701B45,関西_関西-中国間(西),中国_関西-中国間(西),4700,0,452.868,0
20260701B45,関西,四国,0,0,0,0
20260701B45,中国,四国,1200,0,57,0
20260701B45,中国,九州,910,0,250.098,0
20260701B46,北海道,東北,0,20,0,20
20260701B46,東北,東京,921.839,2360,0,109
20260701B46,東京,中部,259.534,0,0,0
20260701B46,中部関西,北陸,1862.494,2241.864,79.07,0
20260701B46,中部,北陸関西,2264.94,0,727.184,0
20260701B46,中部北陸,関西,1497.319,0,648.114,0
20260701B46,関西,中国,4700,0,491.64,0
20260701B46,関西_関西-中国間(東),中国_関西-中国間(東),4700,0,491.64,0
20260701B46,関西_関西-中国間(西),中国_関西-中国間(西),4700,0,435.64,0
20260701B46,関西,四国,0,0,0,0
20260701B46,中国,四国,1200,0,56,0
20260701B46,中国,九州,900,21.261,248.812,0
20260701B47,北海道,東北,0,20,0,20
20260701B47,東北,東京,885.739,2360,0,105
20260701B47,東京,中部,0,375.313,0,295.796
20260701B47,中部関西,北陸,1790.694,1713.664,103.274,0
20260701B47,中部,北陸関西,1564.94,0,629.135,0
20260701B47,中部北陸,関西,769.119,0,525.861,0
20260701B47,関西,中国,4700,0,428.964,0
20260701B47,関西_関西-中国間(東),中国_関西-中国間(東),4700,0,428.964,0
20260701B47,関西_関西-中国間(西),中国_関西-中国間(西),4700,0,414.14,0
20260701B47,関西,四国,0,0,0,0
20260701B47,中国,四国,1200,0,14.824,0
20260701B47,中国,九州,890,501.861,233.312,0
20260701B48,北海道,東北,0,0,0,0
20260701B48,東北,東京,996.239,2360,1.809,98
20260701B48,東京,中部,57.434,159.513,0,159.513
20260701B48,中部関西,北陸,1644.394,1859.964,74.108,0
20260701B48,中部,北陸関西,1564.94,0,620.372,0
20260701B48,中部北陸,関西,915.419,0,546.264,0
20260701B48,関西,中国,4700,18.379,455.497,0
20260701B48,関西_関西-中国間(東),中国_関西-中国間(東),4700,18.379,455.497,0
20260701B48,関西_関西-中国間(西),中国_関西-中国間(西),4700,18.379,405.497,0
20260701B48,関西,四国,0,0,0,0
20260701B48,中国,四国,1200,0,50,0
20260701B48,中国,九州,870,649.561,222.802,0
20260702B01,北海道,東北,0,0,0,0
20260702B01,東北,東京,1063.205,2360,0,16
20260702B01,東京,中部,469.112,0,438.99,0
20260702B01,中部関西,北陸,2220.734,2698.6,47,0
20260702B01,中部,北陸関西,2200,0,357.277,0
20260702B01,中部北陸,関西,2200,0,310.277,0
20260702B01,関西,中国,4700,1882.24,293.986,0
20260702B01,関西_関西-中国間(東),中国_関西-中国間(東),4700,1882.24,293.986,0
20260702B01,関西_関西-中国間(西),中国_関西-中国間(西),4700,1882.24,249.986,0
20260702B01,関西,四国,0,0,0,0
20260702B01,中国,四国,1200,0,44,0
20260702B01,中国,九州,850,604.128,199.092,0
20260702B02,北海道,東北,0,0,0,0
20260702B02,東北,東京,998.505,2360,0,16
20260702B02,東京,中部,0,371.74,0,0
20260702B02,中部関西,北陸,2300,2545.7,47,0
20260702B02,中部,北陸関西,2200,0,384.285,0
20260702B02,中部北陸,関西,2200,37.064,337.285,0
20260702B02,関西,中国,4700,2338.544,282.99,0
20260702B02,関西_関西-中国間(東),中国_関西-中国間(東),4700,2338.544,282.99,0
20260702B02,関西_関西-中国間(西),中国_関西-中国間(西),4700,2338.544,238.99,0
20260702B02,関西,四国,0,0,0,0
20260702B02,中国,四国,1200,0,44,0
20260702B02,中国,九州,840,471.728,190.09,0
20260702B03,北海道,東北,0,0,0,0
20260702B03,東北,東京,872.205,2360,0,16
20260702B03,東京,中部,0,745.04,0,0
20260702B03,中部関西,北陸,2198.034,2721.3,45.07,0
20260702B03,中部,北陸関西,2200,0,498.754,0
20260702B03,中部北陸,関西,2200,0,453.684,0
20260702B03,関西,中国,4615.681,2923.384,282.99,25.487
20260702B03,関西_関西-中国間(東),中国_関西-中国間(東),4615.681,2923.384,282.99,25.487
20260702B03,関西_関西-中国間(西),中国_関西-中国間(西),4615.681,2923.384,238.99,25.487
20260702B03,関西,四国,0,0,0,0
20260702B03,中国,四国,1200,0,44,0
20260702B03,中国,九州,830,964.628,178.492,0
20260702B04,北海道,東北,0,0,0,0
20260702B04,東北,東京,838.805,2360,0,14
20260702B04,東京,中部,0,1006.44,0,0
20260702B04,中部関西,北陸,2198.534,2720.8,45.07,0
20260702B04,中部,北陸関西,2200,0,477.191,0
20260702B04,中部北陸,関西,2200,0,432.121,0
20260702B04,関西,中国,4700,3011.092,277.99,29.259
20260702B04,関西_関西-中国間(東),中国_関西-中国間(東),4700,3011.092,277.99,29.259
20260702B04,関西_関西-中国間(西),中国_関西-中国間(西),4700,3011.092,233.99,29.259
20260702B04,関西,四国,0,0,0,0
20260702B04,中国,四国,1200,0,44,0
20260702B04,中国,九州,830,841.928,172.503,0
20260702B05,北海道,東北,0,0,0,0
20260702B05,東北,東京,814.405,2360,0,7
20260702B05,東京,中部,0,613.64,0,0
20260702B05,中部関西,北陸,2199.634,2719.7,36,27.93
20260702B05,中部,北陸関西,2200,0,392.899,0
20260702B05,中部北陸,関西,2200,0,384.829,0
20260702B05,関西,中国,4678.892,3085.716,258.99,3.036
20260702B05,関西_関西-中国間(東),中国_関西-中国間(東),4678.892,3085.716,258.99,3.036
20260702B05,関西_関西-中国間(西),中国_関西-中国間(西),4678.892,3085.716,216.99,3.036
20260702B05,関西,四国,0,0,0,0
20260702B05,中国,四国,1200,0,42,0
20260702B05,中国,九州,830,951.428,174.854,0
20260702B06,北海道,東北,0,0,0,0
20260702B06,東北,東京,846.005,2360,0,3
20260702B06,東京,中部,0,660.74,0,0
20260702B06,中部関西,北陸,2197.834,2721.5,34,27.93
20260702B06,中部,北陸関西,2200,0,376.899,0
20260702B06,中部北陸,関西,2200,0,370.829,0
20260702B06,関西,中国,4661.784,2901.302,243.99,3.036
20260702B06,関西_関西-中国間(東),中国_関西-中国間(東),4661.784,2901.302,243.99,3.036
20260702B06,関西_関西-中国間(西),中国_関西-中国間(西),4661.784,2901.302,201.99,3.036
20260702B06,関西,四国,0,0,0,0
20260702B06,中国,四国,1200,0,42,0
20260702B06,中国,九州,830,875.628,163.854,0
20260702B07,北海道,東北,75,0,0,0
20260702B07,東北,東京,833.979,2360,0,2
20260702B07,東京,中部,0,661.145,0,0
20260702B07,中部関西,北陸,2300,2002.936,32,21.776
20260702B07,中部,北陸関西,2200,0,271.336,0
20260702B07,中部北陸,関西,2200,34.893,261.112,0
20260702B07,関西,中国,4700,2322.703,233.817,0
20260702B07,関西_関西-中国間(東),中国_関西-中国間(東),4700,2322.703,233.817,0
20260702B07,関西_関西-中国間(西),中国_関西-中国間(西),4700,2322.703,208.895,0
20260702B07,関西,四国,0,0,0,0
20260702B07,中国,四国,1200,0,24.922,0
20260702B07,中国,九州,840,466.266,166.801,0
20260702B08,北海道,東北,75,0,0,0
20260702B08,東北,東京,856.479,2360,0,7
20260702B08,東京,中部,0,709.645,0,0
20260702B08,中部関西,北陸,2090.268,2216.536,33,26
20260702B08,中部,北陸関西,2200,0,272.096,0
20260702B08,中部北陸,関西,2200,0,265.096,0
20260702B08,関西,中国,4700,2142.877,232.108,0
20260702B08,関西_関西-中国間(東),中国_関西-中国間(東),4700,2142.877,232.108,0
20260702B08,関西_関西-中国間(西),中国_関西-中国間(西),4700,2142.877,209.186,0
20260702B08,関西,四国,0,0,0,0
20260702B08,中国,四国,1200,0,22.922,0
20260702B08,中国,九州,850,535.566,164.092,0
20260702B09,北海道,東北,75,0,0,0
20260702B09,東北,東京,911.979,2360,0,23
20260702B09,東京,中部,0,714.445,0,0
20260702B09,中部関西,北陸,1961.168,2345.636,19,26
20260702B09,中部,北陸関西,2200,0,247.096,0
20260702B09,中部北陸,関西,2200,0,254.096,0
20260702B09,関西,中国,4700,2087.593,232.742,0
20260702B09,関西_関西-中国間(東),中国_関西-中国間(東),4700,2087.593,232.742,0
20260702B09,関西_関西-中国間(西),中国_関西-中国間(西),4700,2087.593,232.742,0
20260702B09,関西,四国,0,0,0,0
20260702B09,中国,四国,1200,0,0,0
20260702B09,中国,九州,860,826.866,178.648,0
20260702B10,北海道,東北,75,0,0,0
20260702B10,東北,東京,815.179,2360,0,29
20260702B10,東京,中部,0,869.245,0,0
20260702B10,中部関西,北陸,2048.968,2257.836,23.922,26
20260702B10,中部,北陸関西,2200,0,255.336,0
20260702B10,中部北陸,関西,2200,0,257.414,0
20260702B10,関西,中国,4700,2129.555,228.186,0
20260702B10,関西_関西-中国間(東),中国_関西-中国間(東),4700,2129.555,228.186,0
20260702B10,関西_関西-中国間(西),中国_関西-中国間(西),4700,2129.555,228.186,0
20260702B10,関西,四国,0,0,0,0
20260702B10,中国,四国,1200,0,0,0
20260702B10,中国,九州,870,820.966,174.092,0
20260702B11,北海道,東北,58.754,0,0,0
20260702B11,東北,東京,659.679,2360,0,29
20260702B11,東京,中部,0,875.045,0,0
20260702B11,中部関西,北陸,2300,2005.136,35,13.71
20260702B11,中部,北陸関西,2200,0,329.316,0
20260702B11,中部北陸,関西,2200,32.693,308.026,0
20260702B11,関西,中国,4700,2316.923,267.297,0
20260702B11,関西_関西-中国間(東),中国_関西-中国間(東),4700,2316.923,267.297,0
20260702B11,関西_関西-中国間(西),中国_関西-中国間(西),4700,2316.923,226.297,0
20260702B11,関西,四国,0,0,0,0
20260702B11,中国,四国,1200,0,41,0
20260702B11,中国,九州,870,963.366,172.203,0
20260702B12,北海道,東北,5.254,2.916,0,2.916
20260702B12,東北,東京,385.379,2360,0,31.916
20260702B12,東京,中部,0,601.745,0,0
20260702B12,中部関西,北陸,2024.968,2281.836,18,26
20260702B12,中部,北陸関西,2200,0,241.296,0
20260702B12,中部北陸,関西,2200,0,249.296,0
20260702B12,関西,中国,4700,2015.205,216.262,4.048
20260702B12,関西_関西-中国間(東),中国_関西-中国間(東),4700,2015.205,216.262,4.048
20260702B12,関西_関西-中国間(西),中国_関西-中国間(西),4700,2015.205,216.262,4.048
20260702B12,関西,四国,0,0,0,0
20260702B12,中国,四国,1200,0,0,0
20260702B12,中国,九州,840,1108.766,173.575,0
20260702B13,北海道,東北,0,20,0,20
20260702B13,東北,東京,455.73,2360,0,90
20260702B13,東京,中部,0,881.469,0,0
20260702B13,中部関西,北陸,2300,1433.252,31,5.93
20260702B13,中部,北陸関西,2200,0,469.462,0
20260702B13,中部北陸,関西,1914.031,154.247,444.392,0
20260702B13,関西,中国,4700,525.623,481.902,0
20260702B13,関西_関西-中国間(東),中国_関西-中国間(東),4700,525.623,481.902,0
20260702B13,関西_関西-中国間(西),中国_関西-中国間(西),4700,525.623,481.902,0
20260702B13,関西,四国,0,0,0,0
20260702B13,中国,四国,1200,0,0,0
20260702B13,中国,九州,651.664,1768.422,304.966,0
20260702B14,北海道,東北,0,20,0,20
20260702B14,東北,東京,350.53,2360,0,103
20260702B14,東京,中部,0,645.269,0,0
20260702B14,中部関西,北陸,2300,1240.652,121.56,0
20260702B14,中部,北陸関西,2200,0,282.556,0
20260702B14,中部北陸,関西,1721.431,346.847,160.996,0
20260702B14,関西,中国,4700,451.357,419.927,1.219
20260702B14,関西_関西-中国間(東),中国_関西-中国間(東),4700,451.357,419.927,1.219
20260702B14,関西_関西-中国間(西),中国_関西-中国間(西),4700,451.357,419.927,1.219
20260702B14,関西,四国,0,0,0,0
20260702B14,中国,四国,1200,0,0,0
20260702B14,中国,九州,587.464,1832.622,229.221,21.053
20260702B15,北海道,東北,0,30,0,30
20260702B15,東北,東京,267.03,2360,0,119
20260702B15,東京,中部,0,496.069,0,0
20260702B15,中部関西,北陸,2300,1148.252,146,0
20260702B15,中部,北陸関西,2100,0,533.291,0
20260702B15,中部北陸,関西,1629.031,339.247,387.291,0
20260702B15,関西,中国,4700,28.671,498.557,28.671
20260702B15,関西_関西-中国間(東),中国_関西-中国間(東),4700,28.671,498.557,28.671
20260702B15,関西_関西-中国間(西),中国_関西-中国間(西),4700,28.671,498.557,28.671
20260702B15,関西,四国,0,0,0,0
20260702B15,中国,四国,1200,0,0,0
20260702B15,中国,九州,740,1573.322,322.629,0
20260702B16,北海道,東北,0,30,0,30
20260702B16,東北,東京,181.33,2360,0,114
20260702B16,東京,中部,51.68,197.569,51.68,0
20260702B16,中部関西,北陸,2300,1052.552,154.07,0
20260702B16,中部,北陸関西,2100,0,819.884,0
20260702B16,中部北陸,関西,1533.331,434.947,665.814,0
20260702B16,関西,中国,4700,0,665.988,0
20260702B16,関西_関西-中国間(東),中国_関西-中国間(東),4700,0,665.988,0
20260702B16,関西_関西-中国間(西),中国_関西-中国間(西),4700,0,665.988,0
20260702B16,関西,四国,0,0,0,0
20260702B16,中国,四国,1200,0,0,0
20260702B16,中国,九州,740,1456.822,500.931,0
20260702B17,北海道,東北,0,40,0,40
20260702B17,東北,東京,441.83,2360,0,124.51
20260702B17,東京,中部,109.08,140.169,109.08,0
20260702B17,中部関西,北陸,2820,1667.852,155.07,0
20260702B17,中部,北陸関西,2530,0,741.722,0
20260702B17,中部北陸,関西,2478.631,319.647,586.652,0
20260702B17,関西,中国,4700,0,692.867,0
20260702B17,関西_関西-中国間(東),中国_関西-中国間(東),4700,0,692.867,0
20260702B17,関西_関西-中国間(西),中国_関西-中国間(西),4700,0,692.867,0
20260702B17,関西,四国,0,0,0,0
20260702B17,中国,四国,1200,0,0,0
20260702B17,中国,九州,720,930.322,430.43,0
20260702B18,北海道,東北,0,40,0,40
20260702B18,東北,東京,160.93,2360,0,194.202
20260702B18,東京,中部,240.38,8.869,240.38,0
20260702B18,中部関西,北陸,2820,1769.452,155.07,0
20260702B18,中部,北陸関西,2530,0,1082.209,0
20260702B18,中部北陸,関西,2530,218.047,927.139,0
20260702B18,関西,中国,4700,0,707.98,0
20260702B18,関西_関西-中国間(東),中国_関西-中国間(東),4700,0,707.98,0
20260702B18,関西_関西-中国間(西),中国_関西-中国間(西),4700,0,707.98,0
20260702B18,関西,四国,0,0,0,0
20260702B18,中国,四国,1200,0,0,0
20260702B18,中国,九州,690,154.122,445.543,0
20260702B19,北海道,東北,0,60,0,60
20260702B19,東北,東京,0,2360,0,283.505
20260702B19,東京,中部,405.43,0,405.43,0
20260702B19,中部関西,北陸,2820,2037.272,139.07,0
20260702B19,中部,北陸関西,2530,0,1171.001,0
20260702B19,中部北陸,関西,2066.527,0,1031.931,0
20260702B19,関西,中国,4700,0,919.98,0
20260702B19,関西_関西-中国間(東),中国_関西-中国間(東),4700,0,919.98,0
20260702B19,関西_関西-中国間(西),中国_関西-中国間(西),4700,0,919.98,0
20260702B19,関西,四国,0,0,0,0
20260702B19,中国,四国,1200,0,0,0
20260702B19,中国,九州,670,305.599,571.543,0
20260702B20,北海道,東北,0,60,0,60
20260702B20,東北,東京,0,2360,0,299.505
20260702B20,東京,中部,557.83,0,557.83,0
20260702B20,中部関西,北陸,2820,2015.072,136.434,0
20260702B20,中部,北陸関西,2530,0,1137.102,0
20260702B20,中部北陸,関西,2044.327,0,1000.668,0
20260702B20,関西,中国,4700,0,944.98,0
20260702B20,関西_関西-中国間(東),中国_関西-中国間(東),4700,0,944.98,0
20260702B20,関西_関西-中国間(西),中国_関西-中国間(西),4700,0,944.98,0
20260702B20,関西,四国,0,0,0,0
20260702B20,中国,四国,1200,0,0,0
20260702B20,中国,九州,650,249.799,596.543,0
20260702B21,北海道,東北,0,60,0,60
20260702B21,東北,東京,0,2360,0,320.505
20260702B21,東京,中部,557.83,0,557.83,0
20260702B21,中部関西,北陸,2820,1969.972,133.966,0
20260702B21,中部,北陸関西,2530,0,1111.66,0
20260702B21,中部北陸,関西,1999.227,0,977.694,0
20260702B21,関西,中国,4700,0,928.982,0
20260702B21,関西_関西-中国間(東),中国_関西-中国間(東),4700,0,928.982,0
20260702B21,関西_関西-中国間(西),中国_関西-中国間(西),4700,0,928.982,0
20260702B21,関西,四国,0,0,0,0
20260702B21,中国,四国,1200,0,0,0
20260702B21,中国,九州,630,436.899,593.231,0
20260702B22,北海道,東北,0,60,0,60
20260702B22,東北,東京,0,2360,0,322.505
20260702B22,東京,中部,557.83,0,557.83,0
20260702B22,中部関西,北陸,2820,1866.272,139.07,0
20260702B22,中部,北陸関西,2530,0,1125.007,0
20260702B22,中部北陸,関西,1895.527,0,985.937,0
20260702B22,関西,中国,4700,0,943.437,0
20260702B22,関西_関西-中国間(東),中国_関西-中国間(東),4700,0,943.437,0
20260702B22,関西_関西-中国間(西),中国_関西-中国間(西),4700,0,943.437,0
20260702B22,関西,四国,0,0,0,0
20260702B22,中国,四国,1200,0,0,0
20260702B22,中国,九州,610,504.999,610,0
20260702B23,北海道,東北,0,60,0,60
20260702B23,東北,東京,0,2360,0,332.709
20260702B23,東京,中部,557.83,0,557.83,0
20260702B23,中部関西,北陸,2820,1902.172,139.07,0
20260702B23,中部,北陸関西,2530,0,1020.343,0
20260702B23,中部北陸,関西,1931.427,0,881.273,0
20260702B23,関西,中国,4700,0,882.347,0
20260702B23,関西_関西-中国間(東),中国_関西-中国間(東),4700,0,882.347,0
20260702B23,関西_関西-中国間(西),中国_関西-中国間(西),4700,0,882.347,0
20260702B23,関西,四国,0,0,0,0
20260702B23,中国,四国,1200,0,0,0
20260702B23,中国,九州,600,889.199,577.91,0
20260702B24,北海道,東北,0,60,0,60
20260702B24,東北,東京,0,2360,0,337.779
20260702B24,東京,中部,557.83,0,557.83,0
20260702B24,中部関西,北陸,2820,1932.272,119,0
20260702B24,中部,北陸関西,2530,0,477.176,0
20260702B24,中部北陸,関西,1961.527,0,358.176,0
20260702B24,関西,中国,4700,0,674.757,0
20260702B24,関西_関西-中国間(東),中国_関西-中国間(東),4700,0,674.757,0
20260702B24,関西_関西-中国間(西),中国_関西-中国間(西),4700,0,674.757,0
20260702B24,関西,四国,0,0,0,0
20260702B24,中国,四国,1200,0,0,0
20260702B24,中国,九州,590,977.499,377.006,0
20260702B25,北海道,東北,0,50,0,50
20260702B25,東北,東京,0,2360,0,297.155
20260702B25,東京,中部,588.54,0,588.54,0
20260702B25,中部関西,北陸,2679.717,2257.219,171.4,0
20260702B25,中部,北陸関西,2530,0,283.176,0
20260702B25,中部北陸,関西,2130.018,0,111.776,0
20260702B25,関西,中国,4700,0,681.4,0
20260702B25,関西_関西-中国間(東),中国_関西-中国間(東),4700,0,681.4,0
20260702B25,関西_関西-中国間(西),中国_関西-中国間(西),4700,0,681.4,0
20260702B25,関西,四国,0,0,0,0
20260702B25,中国,四国,1200,0,0,0
20260702B25,中国,九州,580,1084.065,470.237,0
20260702B26,北海道,東北,0,50,0,50
20260702B26,東北,東京,0,2360,0,321.155
20260702B26,東京,中部,588.54,0,561.53,0
20260702B26,中部関西,北陸,2646.817,2290.119,171.948,0
20260702B26,中部,北陸関西,2530,0,247.967,0
20260702B26,中部北陸,関西,2162.918,0,76.019,0
20260702B26,関西,中国,4700,0,746.82,0
20260702B26,関西_関西-中国間(東),中国_関西-中国間(東),4700,0,746.82,0
20260702B26,関西_関西-中国間(西),中国_関西-中国間(西),4700,0,746.82,0
20260702B26,関西,四国,0,0,0,0
20260702B26,中国,四国,1200,0,0,0
20260702B26,中国,九州,580,993.965,580,0
20260702B27,北海道,東北,0,60,0,60
20260702B27,東北,東京,351.894,2360,0,427.48
20260702B27,東京,中部,588.54,0,588.54,0
20260702B27,中部関西,北陸,2820,2042.019,175.372,0
20260702B27,中部,北陸関西,2530,0,306.157,0
20260702B27,中部北陸,関西,1914.818,0,130.785,0
20260702B27,関西,中国,4700,0,652.83,0
20260702B27,関西_関西-中国間(東),中国_関西-中国間(東),4700,0,652.83,0
20260702B27,関西_関西-中国間(西),中国_関西-中国間(西),4700,0,652.83,0
20260702B27,関西,四国,0,0,0,0
20260702B27,中国,四国,1106.577,0,0,0
20260702B27,中国,九州,590,419.165,447.549,0
20260702B28,北海道,東北,0,60,0,60
20260702B28,東北,東京,675.794,2360,0,402.655
20260702B28,東京,中部,588.54,0,588.54,0
20260702B28,中部関西,北陸,2820,2103.119,172,0
20260702B28,中部,北陸関西,2530,0,452.24,0
20260702B28,中部北陸,関西,1975.918,0,280.24,0
20260702B28,関西,中国,4700,0,615.167,0
20260702B28,関西_関西-中国間(東),中国_関西-中国間(東),4700,0,615.167,0
20260702B28,関西_関西-中国間(西),中国_関西-中国間(西),4700,0,615.167,0
20260702B28,関西,四国,0,0,0,0
20260702B28,中国,四国,1009.877,0,0,0
20260702B28,中国,九州,600,236.065,543.763,0
20260702B29,北海道,東北,0,60,0,60
20260702B29,東北,東京,723.094,2360,0,451.155
20260702B29,東京,中部,588.54,0,588.54,0
20260702B29,中部関西,北陸,2820,2076.519,165.995,0
20260702B29,中部,北陸関西,2530,0,285.812,0
20260702B29,中部北陸,関西,1949.318,0,119.817,0
20260702B29,関西,中国,4700,0,764.208,0
20260702B29,関西_関西-中国間(東),中国_関西-中国間(東),4700,0,764.208,0
20260702B29,関西_関西-中国間(西),中国_関西-中国間(西),4700,0,764.208,0
20260702B29,関西,四国,0,0,0,0
20260702B29,中国,四国,1200,0,0,0
20260702B29,中国,九州,610,449.565,569.38,0
20260702B30,北海道,東北,0,60,0,60
20260702B30,東北,東京,935.594,2360,0,380
20260702B30,東京,中部,588.54,0,588.54,0
20260702B30,中部関西,北陸,2820,2106.119,141.014,0
20260702B30,中部,北陸関西,2530,0,281.999,0
20260702B30,中部北陸,関西,1978.918,0,140.985,0
20260702B30,関西,中国,4700,0,177.556,0
20260702B30,関西_関西-中国間(東),中国_関西-中国間(東),4700,0,177.556,0
20260702B30,関西_関西-中国間(西),中国_関西-中国間(西),4700,0,177.556,0
20260702B30,関西,四国,0,0,0,0
20260702B30,中国,四国,1200,0,0,0
20260702B30,中国,九州,630,1127.465,1.457,0
20260702B31,北海道,東北,0,60,0,60
20260702B31,東北,東京,428.838,2360,0,573
20260702B31,東京,中部,478.86,0,478.86,0
20260702B31,中部関西,北陸,2009.808,1272.743,131.179,0
20260702B31,中部,北陸関西,2530,0,296.334,0
20260702B31,中部北陸,関西,1108.172,0,165.155,0
20260702B31,関西,中国,4700,0,217.676,0
20260702B31,関西_関西-中国間(東),中国_関西-中国間(東),4700,0,217.676,0
20260702B31,関西_関西-中国間(西),中国_関西-中国間(西),4700,0,217.676,0
20260702B31,関西,四国,0,0,0,0
20260702B31,中国,四国,1200,0,0,0
20260702B31,中国,九州,710,842.154,101.633,82.946
20260702B32,北海道,東北,0,60,0,60
20260702B32,東北,東京,546.638,2360,0,503
20260702B32,東京,中部,24.06,338.937,24.06,0
20260702B32,中部関西,北陸,1960.608,1321.943,135.85,0
20260702B32,中部,北陸関西,2530,0,426.809,0
20260702B32,中部北陸,関西,1157.372,0,290.959,0
20260702B32,関西,中国,4700,0,261.99,0
20260702B32,関西_関西-中国間(東),中国_関西-中国間(東),4700,0,261.99,0
20260702B32,関西_関西-中国間(西),中国_関西-中国間(西),4700,0,261.99,0
20260702B32,関西,四国,0,0,0,0
20260702B32,中国,四国,1200,0,0,0
20260702B32,中国,九州,790,326.354,219.511,139.406
20260702B33,北海道,東北,0,60,0,0
20260702B33,東北,東京,900.538,2360,0,306.822
20260702B33,東京,中部,0,827.237,0,599.022
20260702B33,中部関西,北陸,1935.708,1346.843,138.258,0
20260702B33,中部,北陸関西,2530,0,284.407,0
20260702B33,中部北陸,関西,1182.272,0,146.149,0
20260702B33,関西,中国,4700,0,191.999,0
20260702B33,関西_関西-中国間(東),中国_関西-中国間(東),4700,0,191.999,0
20260702B33,関西_関西-中国間(西),中国_関西-中国間(西),4700,0,191.999,0
20260702B33,関西,四国,0,0,0,0
20260702B33,中国,四国,1200,0,0,0
20260702B33,中国,九州,830,280.854,164.705,88.349
20260702B34,北海道,東北,0,60,0,0
20260702B34,東北,東京,886.838,2360,0,246
20260702B34,東京,中部,0,1045.237,0,515.2
20260702B34,中部関西,北陸,1929.308,1353.243,133.696,0
20260702B34,中部,北陸関西,2530,0,409.229,0
20260702B34,中部北陸,関西,1188.672,0,275.533,0
20260702B34,関西,中国,4700,0,65.954,0
20260702B34,関西_関西-中国間(東),中国_関西-中国間(東),4700,0,65.954,0
20260702B34,関西_関西-中国間(西),中国_関西-中国間(西),4700,0,65.954,0
20260702B34,関西,四国,0,0,0,0
20260702B34,中国,四国,1200,0,0,0
20260702B34,中国,九州,870,465.154,0,66.903
20260702B35,北海道,東北,0,50,0,50
20260702B35,東北,東京,944.938,2360,0,333.036
20260702B35,東京,中部,0,949.037,0,667.036
20260702B35,中部関西,北陸,2092.708,1189.843,134.54,0
20260702B35,中部,北陸関西,2530,0,217.728,0
20260702B35,中部北陸,関西,1025.272,0,83.188,0
20260702B35,関西,中国,4700,331.147,315.98,73.687
20260702B35,関西_関西-中国間(東),中国_関西-中国間(東),4700,331.147,315.98,73.687
20260702B35,関西_関西-中国間(西),中国_関西-中国間(西),4700,331.147,315.98,73.687
20260702B35,関西,四国,0,0,0,0
20260702B35,中国,四国,1200,0,0,0
20260702B35,中国,九州,910,823.254,242,161.171
20260702B36,北海道,東北,0,50,0,0
20260702B36,東北,東京,663.538,2360,0,500
20260702B36,東京,中部,0,1200,0,824.2
20260702B36,中部関西,北陸,2110.008,1172.543,132.096,0
20260702B36,中部,北陸関西,2530,0,195.949,0
20260702B36,中部北陸,関西,1007.972,0,63.853,0
20260702B36,関西,中国,4700,686.987,247.865,78.872
20260702B36,関西_関西-中国間(東),中国_関西-中国間(東),4700,686.987,247.865,78.872
20260702B36,関西_関西-中国間(西),中国_関西-中国間(西),4700,686.987,247.865,78.872
20260702B36,関西,四国,0,0,0,0
20260702B36,中国,四国,1200,0,0,0
20260702B36,中国,九州,950,1030.754,179.571,195.171
20260702B37,北海道,東北,0,50,0,50
20260702B37,東北,東京,490.676,2360,0,500
20260702B37,東京,中部,0,1059.186,0,411.526
20260702B37,中部関西,北陸,2820,1382.083,110.93,0
20260702B37,中部,北陸関西,2730,0,198.566,0
20260702B37,中部北陸,関西,1437.432,0,87.636,0
20260702B37,関西,中国,3978.963,0,285.751,0
20260702B37,関西_関西-中国間(東),中国_関西-中国間(東),3978.963,0,285.751,0
20260702B37,関西_関西-中国間(西),中国_関西-中国間(西),3978.963,0,285.751,0
20260702B37,関西,四国,0,0,0,0
20260702B37,中国,四国,1200,0,0,0
20260702B37,中国,九州,960,635.69,229.596,56.161
20260702B38,北海道,東北,0,50,0,50
20260702B38,東北,東京,530.576,2360,0,500
20260702B38,東京,中部,0,576.086,0,469.794
20260702B38,中部関西,北陸,2820,1391.683,113,0
20260702B38,中部,北陸関西,2730,0,198.237,0
20260702B38,中部北陸,関西,1447.032,0,85.237,0
20260702B38,関西,中国,3804.859,118.873,302.397,36.905
20260702B38,関西_関西-中国間(東),中国_関西-中国間(東),3804.859,118.873,302.397,36.905
20260702B38,関西_関西-中国間(西),中国_関西-中国間(西),3804.859,118.873,299.397,36.905
20260702B38,関西,四国,0,0,0,0
20260702B38,中国,四国,1200,0,3,0
20260702B38,中国,九州,970,783.29,203,103.787
20260702B39,北海道,東北,0,50,0,50
20260702B39,東北,東京,527.276,2360,0,500
20260702B39,東京,中部,0,730.786,0,445.873
20260702B39,中部関西,北陸,2808.599,1421.383,85.51,0
20260702B39,中部,北陸関西,2730,0,152.439,0
20260702B39,中部北陸,関西,1476.732,0,66.929,0
20260702B39,関西,中国,3718.493,212.571,289.99,50.211
20260702B39,関西_関西-中国間(東),中国_関西-中国間(東),3718.493,212.571,289.99,50.211
20260702B39,関西_関西-中国間(西),中国_関西-中国間(西),3718.493,212.571,286.99,50.211
20260702B39,関西,四国,0,0,0,0
20260702B39,中国,四国,1200,0,3,0
20260702B39,中国,九州,980,740.19,195.219,58.595
20260702B40,北海道,東北,0,50,0,50
20260702B40,東北,東京,787.076,2360,0,429
20260702B40,東京,中部,0,713.286,0,364.667
20260702B40,中部関西,北陸,2820,1363.583,113,0
20260702B40,中部,北陸関西,2730,0,187.723,0
20260702B40,中部北陸,関西,1418.932,0,74.723,0
20260702B40,関西,中国,3781.077,138.721,331.081,83.113
20260702B40,関西_関西-中国間(東),中国_関西-中国間(東),3781.077,138.721,331.081,83.113
20260702B40,関西_関西-中国間(西),中国_関西-中国間(西),3781.077,138.721,331.081,83.113
20260702B40,関西,四国,0,0,0,0
20260702B40,中国,四国,1200,0,0,0
20260702B40,中国,九州,970,637.29,197,35.433
20260702B41,北海道,東北,0,40,0,0
20260702B41,東北,東京,792.976,2360,0,426.488
20260702B41,東京,中部,0,245.286,0,245.286
20260702B41,中部関西,北陸,2820,1402.383,99.9,0
20260702B41,中部,北陸関西,2730,0,325.304,0
20260702B41,中部北陸,関西,1457.732,0,225.404,0
20260702B41,関西,中国,3987.427,0,347.99,0
20260702B41,関西_関西-中国間(東),中国_関西-中国間(東),3987.427,0,347.99,0
20260702B41,関西_関西-中国間(西),中国_関西-中国間(西),3987.427,0,347.99,0
20260702B41,関西,四国,0,0,0,0
20260702B41,中国,四国,1200,0,0,0
20260702B41,中国,九州,960,393.39,236.277,0
20260702B42,北海道,東北,0,40,0,0
20260702B42,東北,東京,1119.976,2360,0,159.21
20260702B42,東京,中部,177.486,12.286,0,12.286
20260702B42,中部関西,北陸,2793.899,1436.083,98.9,0
20260702B42,中部,北陸関西,2730,0,395.304,0
20260702B42,中部北陸,関西,1491.432,0,296.404,0
20260702B42,関西,中国,4192.705,0,341.99,0
20260702B42,関西_関西-中国間(東),中国_関西-中国間(東),4192.705,0,341.99,0
20260702B42,関西_関西-中国間(西),中国_関西-中国間(西),4192.705,0,341.99,0
20260702B42,関西,四国,0,0,0,0
20260702B42,中国,四国,1200,0,0,0
20260702B42,中国,九州,940,202.39,235.277,0
20260702B43,北海道,東北,0,30,0,30
20260702B43,東北,東京,1308.139,2360,0,120
20260702B43,東京,中部,0,318.813,0,20.425
20260702B43,中部関西,北陸,2382.194,2142.164,91.432,0
20260702B43,中部,北陸関西,2494.94,0,416.365,0
20260702B43,中部北陸,関西,1627.619,0,324.933,0
20260702B43,関西,中国,4700,0,264.99,0
20260702B43,関西_関西-中国間(東),中国_関西-中国間(東),4700,0,264.99,0
20260702B43,関西_関西-中国間(西),中国_関西-中国間(西),4700,0,264.99,0
20260702B43,関西,四国,0,0,0,0
20260702B43,中国,四国,1200,0,0,0
20260702B43,中国,九州,930,289.361,170.277,0
20260702B44,北海道,東北,0,30,0,30
20260702B44,東北,東京,1316.139,2360,0,156
20260702B44,東京,中部,0,350.813,0,54.243
20260702B44,中部関西,北陸,2383.794,2140.564,89.432,0
20260702B44,中部,北陸関西,2494.94,0,332.628,0
20260702B44,中部北陸,関西,1626.019,0,243.196,0
20260702B44,関西,中国,4700,0,133.513,0
20260702B44,関西_関西-中国間(東),中国_関西-中国間(東),4700,0,133.513,0
20260702B44,関西_関西-中国間(西),中国_関西-中国間(西),4700,0,133.513,0
20260702B44,関西,四国,0,0,0,0
20260702B44,中国,四国,1200,0,0,0
20260702B44,中国,九州,930,0,37,0
20260702B45,北海道,東北,0,20,0,20
20260702B45,東北,東京,767.039,2360,0,162
20260702B45,東京,中部,0,364.613,0,0
20260702B45,中部関西,北陸,1928.194,2176.164,89.982,0
20260702B45,中部,北陸関西,2264.94,0,283.03,0
20260702B45,中部北陸,関西,1431.619,0,193.048,0
20260702B45,関西,中国,4700,0,303.428,0
20260702B45,関西_関西-中国間(東),中国_関西-中国間(東),4700,0,303.428,0
20260702B45,関西_関西-中国間(西),中国_関西-中国間(西),4700,0,303.428,0
20260702B45,関西,四国,0,0,0,0
20260702B45,中国,四国,1200,0,0,0
20260702B45,中国,九州,910,62.661,213.954,0
20260702B46,北海道,東北,0,0,0,0
20260702B46,東北,東京,915.139,2360,20,109
20260702B46,東京,中部,0,224.013,0,44.033
20260702B46,中部関西,北陸,1999.994,2104.364,90.506,0
20260702B46,中部,北陸関西,2264.94,0,369.72,0
20260702B46,中部北陸,関西,1359.819,0,279.214,0
20260702B46,関西,中国,4700,0,372.089,0
20260702B46,関西_関西-中国間(東),中国_関西-中国間(東),4700,0,372.089,0
20260702B46,関西_関西-中国間(西),中国_関西-中国間(西),4700,0,372.089,0
20260702B46,関西,四国,0,0,0,0
20260702B46,中国,四国,1200,0,0,0
20260702B46,中国,九州,900,44.561,270,0
20260702B47,北海道,東北,0,0,0,0
20260702B47,東北,東京,914.639,2360,0,105
20260702B47,東京,中部,0,536.313,0,0
20260702B47,中部関西,北陸,1873.394,1630.964,97.24,0
20260702B47,中部,北陸関西,1564.94,0,280.061,0
20260702B47,中部北陸,関西,686.419,0,182.821,0
20260702B47,関西,中国,4700,147.779,357.498,0
20260702B47,関西_関西-中国間(東),中国_関西-中国間(東),4700,147.779,357.498,0
20260702B47,関西_関西-中国間(西),中国_関西-中国間(西),4700,147.779,357.498,0
20260702B47,関西,四国,0,0,0,0
20260702B47,中国,四国,1200,0,0,0
20260702B47,中国,九州,890,425.361,243.485,0
20260702B48,北海道,東北,0,0,0,0
20260702B48,東北,東京,989.539,2360,20,45
20260702B48,東京,中部,0,386.713,0,53.61
20260702B48,中部関西,北陸,1884.894,1619.464,97.09,0
20260702B48,中部,北陸関西,1564.94,0,470.25,0
20260702B48,中部北陸,関西,674.919,0,373.16,0
20260702B48,関西,中国,4257.264,793.119,342.781,0
20260702B48,関西_関西-中国間(東),中国_関西-中国間(東),4257.264,793.119,342.781,0
20260702B48,関西_関西-中国間(西),中国_関西-中国間(西),4257.264,793.119,342.781,0
20260702B48,関西,四国,0,0,0,0
20260702B48,中国,四国,1200,0,0,0
20260702B48,中国,九州,390.312,1197.961,243.859,0
E
